시도,시군구,가해자차종,사고건수,사망자수,중상자수,경상자수,부상신고자수
서울,종로구,승용차,732,2,192,758,77
서울,종로구,승합차,120,0,37,134,11
서울,종로구,화물차,79,1,28,72,6
서울,종로구,특수차,1,0,0,1,0
서울,종로구,이륜차,99,2,32,55,39
서울,종로구,원동기장치자전거,38,0,11,22,13
서울,종로구,자전거,19,1,3,6,9
서울,종로구,개인형이동수단(PM),1,0,0,1,0
서울,종로구,건설기계,5,0,3,5,1
서울,종로구,기타,2,0,0,1,1
서울,종로구,불명,37,0,6,20,15
서울,중구,승용차,764,1,240,784,101
서울,중구,승합차,122,2,33,102,15
서울,중구,화물차,84,1,28,69,5
서울,중구,특수차,1,0,0,1,0
서울,중구,이륜차,109,0,35,70,24
서울,중구,원동기장치자전거,37,0,12,19,9
서울,중구,자전거,23,0,4,14,7
서울,중구,개인형이동수단(PM),2,0,1,1,0
서울,중구,건설기계,12,1,6,5,0
서울,중구,기타,1,0,0,0,1
서울,중구,불명,29,0,6,18,5
서울,용산구,승용차,860,5,237,948,37
서울,용산구,승합차,58,1,12,54,3
서울,용산구,화물차,88,2,19,92,7
서울,용산구,특수차,1,0,0,1,0
서울,용산구,이륜차,103,2,26,86,10
서울,용산구,사륜오토바이(ATV),1,0,1,0,0
서울,용산구,원동기장치자전거,3,0,0,2,1
서울,용산구,자전거,22,0,12,11,0
서울,용산구,개인형이동수단(PM),1,0,1,0,0
서울,용산구,건설기계,4,0,2,2,0
서울,용산구,불명,46,0,6,32,12
서울,성동구,승용차,677,7,178,728,38
서울,성동구,승합차,59,0,15,61,3
서울,성동구,화물차,103,2,41,83,7
서울,성동구,특수차,4,0,0,3,1
서울,성동구,이륜차,129,3,33,101,18
서울,성동구,원동기장치자전거,8,1,2,5,0
서울,성동구,자전거,63,0,19,40,9
서울,성동구,개인형이동수단(PM),5,0,2,1,2
서울,성동구,건설기계,7,0,2,7,0
서울,성동구,기타,1,0,1,0,0
서울,성동구,불명,35,0,1,34,4
서울,동대문구,승용차,887,9,297,816,40
서울,동대문구,승합차,94,0,44,79,2
서울,동대문구,화물차,176,0,64,147,12
서울,동대문구,특수차,3,0,2,1,0
서울,동대문구,이륜차,225,5,68,160,49
서울,동대문구,원동기장치자전거,37,0,4,35,9
서울,동대문구,자전거,110,1,22,73,25
서울,동대문구,개인형이동수단(PM),3,0,1,2,0
서울,동대문구,건설기계,8,0,1,10,1
서울,동대문구,기타,2,0,0,1,1
서울,동대문구,불명,20,0,4,16,2
서울,성북구,승용차,957,2,275,1008,42
서울,성북구,승합차,109,1,38,104,6
서울,성북구,화물차,136,1,39,123,8
서울,성북구,특수차,1,0,0,1,0
서울,성북구,이륜차,217,1,71,149,45
서울,성북구,사륜오토바이(ATV),1,1,0,0,0
서울,성북구,원동기장치자전거,19,0,7,12,4
서울,성북구,자전거,37,0,10,21,8
서울,성북구,개인형이동수단(PM),2,0,0,1,1
서울,성북구,건설기계,18,2,4,18,0
서울,성북구,기타,1,0,0,1,0
서울,성북구,불명,11,0,3,6,2
서울,도봉구,승용차,485,2,161,479,42
서울,도봉구,승합차,70,0,32,61,9
서울,도봉구,화물차,68,0,21,64,5
서울,도봉구,특수차,2,0,0,4,0
서울,도봉구,이륜차,133,2,45,82,46
서울,도봉구,원동기장치자전거,9,0,1,7,2
서울,도봉구,자전거,62,0,19,35,23
서울,도봉구,개인형이동수단(PM),3,0,1,1,1
서울,도봉구,건설기계,5,0,2,4,0
서울,도봉구,기타,1,0,1,0,0
서울,도봉구,불명,14,0,3,5,7
서울,은평구,승용차,647,1,220,610,64
서울,은평구,승합차,118,0,41,87,7
서울,은평구,화물차,104,3,36,80,14
서울,은평구,특수차,1,0,1,0,0
서울,은평구,이륜차,121,1,39,86,36
서울,은평구,원동기장치자전거,22,1,6,18,5
서울,은평구,자전거,62,1,18,36,15
서울,은평구,개인형이동수단(PM),7,0,3,4,0
서울,은평구,건설기계,9,0,1,8,0
서울,은평구,기타,4,0,2,0,2
서울,은평구,불명,24,0,2,17,6
서울,서대문구,승용차,672,5,188,677,139
서울,서대문구,승합차,122,4,46,144,19
서울,서대문구,화물차,78,1,23,57,16
서울,서대문구,이륜차,121,1,32,72,48
서울,서대문구,원동기장치자전거,25,0,8,14,11
서울,서대문구,자전거,48,1,7,18,24
서울,서대문구,개인형이동수단(PM),4,0,0,2,2
서울,서대문구,건설기계,16,2,5,29,1
서울,서대문구,기타,2,0,0,1,1
서울,서대문구,불명,25,0,2,14,9
서울,마포구,승용차,982,4,258,1090,110
서울,마포구,승합차,113,0,48,122,6
서울,마포구,화물차,99,1,30,100,10
서울,마포구,특수차,2,0,0,2,0
서울,마포구,이륜차,125,0,39,86,33
서울,마포구,원동기장치자전거,45,0,17,30,7
서울,마포구,자전거,52,0,12,33,13
서울,마포구,개인형이동수단(PM),4,1,0,2,1
서울,마포구,건설기계,10,1,1,8,0
서울,마포구,기타,3,0,0,3,1
서울,마포구,불명,59,0,5,45,11
서울,강서구,승용차,1150,9,306,1184,95
서울,강서구,승합차,171,5,51,204,16
서울,강서구,화물차,143,3,40,138,6
서울,강서구,특수차,3,0,1,2,1
서울,강서구,이륜차,185,3,43,166,35
서울,강서구,원동기장치자전거,41,0,6,41,10
서울,강서구,자전거,72,0,13,51,15
서울,강서구,개인형이동수단(PM),4,0,2,1,1
서울,강서구,건설기계,12,0,4,8,3
서울,강서구,불명,48,0,4,39,5
서울,구로구,승용차,937,10,270,995,83
서울,구로구,승합차,121,1,38,114,6
서울,구로구,화물차,185,1,52,177,14
서울,구로구,특수차,2,0,2,0,0
서울,구로구,이륜차,165,1,49,152,15
서울,구로구,원동기장치자전거,3,0,1,1,1
서울,구로구,자전거,71,0,17,53,8
서울,구로구,개인형이동수단(PM),3,0,1,2,0
서울,구로구,건설기계,15,0,5,9,1
서울,구로구,기타,2,0,0,3,0
서울,구로구,불명,25,0,3,22,2
서울,영등포구,승용차,1480,5,356,1670,152
서울,영등포구,승합차,197,2,71,217,17
서울,영등포구,화물차,219,2,60,215,20
서울,영등포구,특수차,6,0,3,5,0
서울,영등포구,이륜차,246,1,57,194,68
서울,영등포구,사륜오토바이(ATV),1,0,0,2,0
서울,영등포구,원동기장치자전거,28,0,5,32,5
서울,영등포구,자전거,189,0,40,137,42
서울,영등포구,개인형이동수단(PM),6,0,2,4,0
서울,영등포구,건설기계,18,1,3,20,2
서울,영등포구,기타,3,0,0,2,1
서울,영등포구,불명,46,0,9,34,6
서울,동작구,승용차,860,4,235,902,123
서울,동작구,승합차,137,0,45,137,14
서울,동작구,화물차,103,0,32,103,20
서울,동작구,특수차,2,0,0,2,0
서울,동작구,이륜차,190,1,58,147,51
서울,동작구,원동기장치자전거,26,0,6,18,13
서울,동작구,자전거,53,0,17,24,22
서울,동작구,개인형이동수단(PM),1,0,0,0,1
서울,동작구,건설기계,11,0,7,17,1
서울,동작구,기타,1,0,0,1,0
서울,동작구,불명,22,0,2,15,8
서울,관악구,승용차,858,4,237,829,61
서울,관악구,승합차,127,0,26,121,11
서울,관악구,화물차,92,3,31,73,3
서울,관악구,특수차,4,0,2,5,0
서울,관악구,이륜차,210,1,65,185,28
서울,관악구,사륜오토바이(ATV),1,0,0,2,0
서울,관악구,원동기장치자전거,3,0,2,0,1
서울,관악구,자전거,43,1,7,33,6
서울,관악구,개인형이동수단(PM),2,0,1,1,0
서울,관악구,건설기계,12,1,4,8,1
서울,관악구,불명,11,0,1,7,4
서울,강남구,승용차,2862,6,614,3205,293
서울,강남구,승합차,172,1,34,173,17
서울,강남구,화물차,171,2,45,155,33
서울,강남구,특수차,10,0,1,10,1
서울,강남구,이륜차,280,4,63,229,64
서울,강남구,사륜오토바이(ATV),1,0,1,0,0
서울,강남구,원동기장치자전거,20,0,5,11,4
서울,강남구,자전거,60,0,18,30,22
서울,강남구,개인형이동수단(PM),36,0,8,20,10
서울,강남구,건설기계,18,1,1,17,2
서울,강남구,기타,2,0,0,1,1
서울,강남구,불명,90,0,4,73,17
서울,강동구,승용차,863,7,267,823,96
서울,강동구,승합차,117,0,43,114,9
서울,강동구,화물차,160,1,54,156,20
서울,강동구,특수차,13,0,4,11,2
서울,강동구,이륜차,109,2,33,89,26
서울,강동구,사륜오토바이(ATV),2,0,0,2,0
서울,강동구,원동기장치자전거,20,1,8,9,3
서울,강동구,자전거,70,0,14,43,21
서울,강동구,개인형이동수단(PM),2,0,0,2,0
서울,강동구,건설기계,7,0,1,7,0
서울,강동구,기타,2,0,1,1,0
서울,강동구,불명,49,0,5,33,13
서울,송파구,승용차,1914,6,472,2053,201
서울,송파구,승합차,163,1,54,159,54
서울,송파구,화물차,217,1,67,199,25
서울,송파구,특수차,8,0,4,18,0
서울,송파구,이륜차,214,3,58,144,63
서울,송파구,사륜오토바이(ATV),1,0,0,0,1
서울,송파구,원동기장치자전거,59,2,13,43,15
서울,송파구,자전거,218,0,40,132,73
서울,송파구,개인형이동수단(PM),7,0,3,4,1
서울,송파구,건설기계,22,0,6,25,3
서울,송파구,기타,8,0,5,3,0
서울,송파구,불명,61,0,14,43,8
서울,서초구,승용차,1769,6,399,2031,204
서울,서초구,승합차,182,0,56,234,15
서울,서초구,화물차,173,2,49,180,21
서울,서초구,특수차,7,0,0,8,1
서울,서초구,이륜차,153,3,42,95,46
서울,서초구,원동기장치자전거,16,0,5,10,3
서울,서초구,자전거,46,0,10,26,14
서울,서초구,개인형이동수단(PM),16,0,4,11,3
서울,서초구,건설기계,14,3,1,13,2
서울,서초구,기타,2,0,1,1,0
서울,서초구,불명,40,0,4,22,19
서울,양천구,승용차,1004,5,226,1123,118
서울,양천구,승합차,92,2,20,98,13
서울,양천구,화물차,150,2,44,123,12
서울,양천구,특수차,1,0,0,1,0
서울,양천구,이륜차,124,1,28,104,36
서울,양천구,사륜오토바이(ATV),2,0,0,2,0
서울,양천구,원동기장치자전거,13,0,3,9,1
서울,양천구,자전거,70,1,13,33,24
서울,양천구,개인형이동수단(PM),2,0,1,0,1
서울,양천구,건설기계,11,0,3,11,0
서울,양천구,기타,1,0,0,1,0
서울,양천구,불명,36,0,4,22,11
서울,중랑구,승용차,936,4,268,939,85
서울,중랑구,승합차,98,2,29,86,8
서울,중랑구,화물차,152,0,51,120,13
서울,중랑구,특수차,5,0,3,3,0
서울,중랑구,이륜차,237,1,72,173,65
서울,중랑구,사륜오토바이(ATV),1,0,0,2,0
서울,중랑구,원동기장치자전거,11,0,4,7,2
서울,중랑구,자전거,99,2,19,50,36
서울,중랑구,개인형이동수단(PM),5,0,0,5,0
서울,중랑구,건설기계,14,2,6,7,0
서울,중랑구,기타,1,1,0,0,0
서울,중랑구,불명,61,0,10,46,13
서울,노원구,승용차,1058,2,317,1122,67
서울,노원구,승합차,120,3,35,114,7
서울,노원구,화물차,150,2,40,162,6
서울,노원구,특수차,3,0,0,5,0
서울,노원구,이륜차,163,0,49,107,43
서울,노원구,원동기장치자전거,32,0,6,29,7
서울,노원구,자전거,119,0,29,65,32
서울,노원구,개인형이동수단(PM),3,0,0,3,0
서울,노원구,건설기계,9,1,2,9,0
서울,노원구,기타,1,0,0,1,0
서울,노원구,불명,45,0,6,35,4
서울,광진구,승용차,640,1,194,682,26
서울,광진구,승합차,58,1,21,57,5
서울,광진구,화물차,63,1,16,52,5
서울,광진구,특수차,2,0,1,2,0
서울,광진구,이륜차,82,0,24,70,15
서울,광진구,원동기장치자전거,31,0,12,20,3
서울,광진구,자전거,61,0,15,38,12
서울,광진구,개인형이동수단(PM),9,0,3,7,0
서울,광진구,건설기계,11,0,3,14,2
서울,광진구,불명,16,0,4,13,0
서울,강북구,승용차,750,0,185,838,38
서울,강북구,승합차,125,0,31,119,8
서울,강북구,화물차,113,1,38,90,8
서울,강북구,특수차,3,0,1,3,0
서울,강북구,이륜차,204,4,44,203,13
서울,강북구,원동기장치자전거,2,0,1,1,0
서울,강북구,자전거,57,2,11,46,5
서울,강북구,개인형이동수단(PM),1,0,1,0,0
서울,강북구,건설기계,3,0,1,2,0
서울,강북구,기타,1,0,0,1,0
서울,강북구,불명,18,0,1,14,3
서울,금천구,승용차,518,4,155,633,25
서울,금천구,승합차,94,1,34,98,21
서울,금천구,화물차,99,2,35,80,8
서울,금천구,특수차,3,0,1,4,0
서울,금천구,이륜차,120,1,37,102,22
서울,금천구,원동기장치자전거,2,0,0,2,0
서울,금천구,자전거,40,1,8,37,3
서울,금천구,개인형이동수단(PM),5,0,3,1,1
서울,금천구,건설기계,14,0,3,15,0
서울,금천구,기타,1,0,0,1,0
서울,금천구,불명,24,0,4,13,7
부산,중구,승용차,193,0,60,195,8
부산,중구,승합차,15,1,5,18,0
부산,중구,화물차,30,0,12,18,3
부산,중구,특수차,1,0,0,1,0
부산,중구,이륜차,45,0,11,21,19
부산,중구,사륜오토바이(ATV),1,0,1,0,0
부산,중구,자전거,2,0,1,0,1
부산,중구,개인형이동수단(PM),1,0,0,1,0
부산,중구,건설기계,1,0,0,0,1
부산,중구,불명,6,0,2,5,1
부산,서구,승용차,288,1,110,300,27
부산,서구,승합차,28,0,11,23,3
부산,서구,화물차,46,0,18,39,2
부산,서구,특수차,4,0,0,9,0
부산,서구,이륜차,68,1,29,45,17
부산,서구,사륜오토바이(ATV),1,0,1,0,0
부산,서구,원동기장치자전거,16,0,4,8,8
부산,서구,자전거,5,0,2,2,1
부산,서구,개인형이동수단(PM),1,0,0,0,1
부산,서구,건설기계,7,0,4,9,0
부산,서구,불명,10,0,0,8,3
부산,동구,승용차,371,2,128,410,37
부산,동구,승합차,57,1,19,43,6
부산,동구,화물차,64,0,25,59,5
부산,동구,특수차,8,0,2,8,1
부산,동구,이륜차,41,0,9,24,15
부산,동구,원동기장치자전거,12,0,4,10,0
부산,동구,자전거,7,0,3,2,2
부산,동구,건설기계,3,0,3,0,0
부산,동구,기타,1,0,1,0,0
부산,동구,불명,10,0,2,5,3
부산,영도구,승용차,208,2,77,197,16
부산,영도구,승합차,25,0,7,22,2
부산,영도구,화물차,49,0,20,45,2
부산,영도구,특수차,1,0,0,1,0
부산,영도구,이륜차,42,0,17,21,14
부산,영도구,원동기장치자전거,5,0,2,3,1
부산,영도구,자전거,6,0,2,3,1
부산,영도구,건설기계,5,1,0,4,0
부산,영도구,기타,1,0,0,1,0
부산,영도구,불명,6,0,0,4,2
부산,부산진구,승용차,1106,8,400,1094,84
부산,부산진구,승합차,101,1,32,91,5
부산,부산진구,화물차,158,2,63,150,6
부산,부산진구,특수차,7,0,3,5,0
부산,부산진구,이륜차,240,2,84,125,82
부산,부산진구,사륜오토바이(ATV),1,0,0,1,0
부산,부산진구,원동기장치자전거,12,0,4,8,0
부산,부산진구,자전거,14,1,5,5,3
부산,부산진구,개인형이동수단(PM),1,0,0,0,1
부산,부산진구,건설기계,13,0,4,13,0
부산,부산진구,농기계,2,0,1,1,0
부산,부산진구,기타,3,0,1,1,1
부산,부산진구,불명,30,0,8,15,8
부산,동래구,승용차,706,2,212,690,66
부산,동래구,승합차,84,1,28,75,7
부산,동래구,화물차,121,1,49,115,5
부산,동래구,특수차,2,0,1,1,0
부산,동래구,이륜차,118,2,33,78,34
부산,동래구,원동기장치자전거,26,0,6,19,10
부산,동래구,자전거,29,0,6,18,10
부산,동래구,개인형이동수단(PM),1,0,0,1,0
부산,동래구,건설기계,3,0,1,3,0
부산,동래구,기타,1,0,0,1,0
부산,동래구,불명,12,0,1,10,2
부산,남구,승용차,589,3,205,521,52
부산,남구,승합차,52,0,18,56,5
부산,남구,화물차,90,2,34,63,12
부산,남구,특수차,27,0,11,30,0
부산,남구,이륜차,89,0,24,55,21
부산,남구,원동기장치자전거,14,0,8,10,8
부산,남구,자전거,16,0,6,10,1
부산,남구,개인형이동수단(PM),1,0,1,0,0
부산,남구,건설기계,4,0,0,4,0
부산,남구,기타,2,0,1,0,1
부산,남구,불명,17,0,0,14,4
부산,북구,승용차,449,6,171,441,26
부산,북구,승합차,45,0,17,34,7
부산,북구,화물차,87,0,34,77,8
부산,북구,이륜차,87,4,30,69,19
부산,북구,사륜오토바이(ATV),1,0,0,0,1
부산,북구,원동기장치자전거,7,0,3,8,0
부산,북구,자전거,6,0,0,4,2
부산,북구,건설기계,16,0,4,13,2
부산,북구,기타,1,0,1,0,0
부산,북구,불명,2,0,0,1,1
부산,해운대구,승용차,721,7,244,663,100
부산,해운대구,승합차,75,4,29,56,5
부산,해운대구,화물차,93,0,35,83,8
부산,해운대구,특수차,3,0,1,2,0
부산,해운대구,이륜차,118,4,41,62,43
부산,해운대구,원동기장치자전거,12,1,2,9,1
부산,해운대구,자전거,11,0,3,3,5
부산,해운대구,개인형이동수단(PM),3,0,2,1,0
부산,해운대구,건설기계,3,0,0,3,0
부산,해운대구,불명,25,0,4,14,8
부산,사하구,승용차,673,6,247,639,56
부산,사하구,승합차,79,3,38,90,16
부산,사하구,화물차,125,0,35,128,9
부산,사하구,특수차,9,0,2,8,0
부산,사하구,이륜차,159,3,60,87,37
부산,사하구,원동기장치자전거,14,0,3,9,6
부산,사하구,자전거,12,0,5,3,4
부산,사하구,개인형이동수단(PM),1,0,0,1,0
부산,사하구,건설기계,20,0,7,18,0
부산,사하구,기타,2,0,1,2,0
부산,사하구,불명,16,0,4,12,2
부산,금정구,승용차,538,3,182,514,57
부산,금정구,승합차,42,1,11,47,5
부산,금정구,화물차,80,2,24,64,9
부산,금정구,특수차,4,0,2,2,1
부산,금정구,이륜차,70,0,15,49,21
부산,금정구,사륜오토바이(ATV),3,0,2,1,0
부산,금정구,원동기장치자전거,26,0,13,12,9
부산,금정구,자전거,10,0,2,7,2
부산,금정구,개인형이동수단(PM),4,0,0,3,1
부산,금정구,건설기계,6,0,3,5,0
부산,금정구,기타,4,0,0,3,1
부산,금정구,불명,14,0,1,6,8
부산,강서구,승용차,381,2,163,359,18
부산,강서구,승합차,28,0,11,28,7
부산,강서구,화물차,147,2,57,138,3
부산,강서구,특수차,38,2,13,37,0
부산,강서구,이륜차,34,0,16,11,7
부산,강서구,원동기장치자전거,1,0,0,2,0
부산,강서구,자전거,12,0,4,7,2
부산,강서구,건설기계,23,2,7,21,0
부산,강서구,기타,1,0,1,0,0
부산,강서구,불명,4,0,0,3,1
부산,연제구,승용차,588,3,188,575,47
부산,연제구,승합차,43,0,15,49,6
부산,연제구,화물차,86,0,30,84,3
부산,연제구,특수차,2,0,0,2,0
부산,연제구,이륜차,104,0,30,84,21
부산,연제구,원동기장치자전거,5,0,1,1,3
부산,연제구,자전거,17,0,8,10,0
부산,연제구,건설기계,8,0,3,8,0
부산,연제구,기타,1,0,0,1,0
부산,연제구,불명,14,0,2,8,4
부산,수영구,승용차,551,3,158,572,59
부산,수영구,승합차,37,0,9,32,2
부산,수영구,화물차,65,0,28,48,2
부산,수영구,특수차,5,0,1,4,0
부산,수영구,이륜차,89,1,29,58,20
부산,수영구,원동기장치자전거,7,0,3,3,1
부산,수영구,자전거,25,0,9,12,7
부산,수영구,기타,2,0,0,2,0
부산,수영구,불명,10,0,0,8,2
부산,사상구,승용차,650,6,174,620,120
부산,사상구,승합차,54,2,24,44,16
부산,사상구,화물차,185,2,55,158,42
부산,사상구,특수차,16,0,6,17,0
부산,사상구,이륜차,129,2,37,87,47
부산,사상구,사륜오토바이(ATV),2,0,0,0,2
부산,사상구,원동기장치자전거,13,0,1,8,9
부산,사상구,자전거,20,0,7,8,8
부산,사상구,개인형이동수단(PM),1,0,0,0,1
부산,사상구,건설기계,16,1,3,17,2
부산,사상구,기타,1,0,1,0,0
부산,사상구,불명,13,0,3,5,6
부산,기장군,승용차,371,5,115,446,42
부산,기장군,승합차,32,0,15,37,3
부산,기장군,화물차,54,4,19,63,4
부산,기장군,특수차,1,0,0,1,0
부산,기장군,이륜차,26,0,10,22,1
부산,기장군,사륜오토바이(ATV),2,0,0,2,0
부산,기장군,원동기장치자전거,5,0,1,6,0
부산,기장군,자전거,2,0,0,2,0
부산,기장군,건설기계,9,1,4,8,1
부산,기장군,농기계,1,0,0,0,1
부산,기장군,불명,2,0,0,2,1
경기,수원시,승용차,3325,14,786,3707,383
경기,수원시,승합차,440,4,132,473,64
경기,수원시,화물차,411,4,96,479,40
경기,수원시,특수차,21,2,0,24,2
경기,수원시,이륜차,381,5,94,300,80
경기,수원시,사륜오토바이(ATV),1,0,0,0,1
경기,수원시,원동기장치자전거,22,0,2,18,8
경기,수원시,자전거,156,0,32,86,43
경기,수원시,개인형이동수단(PM),19,1,7,9,4
경기,수원시,건설기계,40,1,12,38,1
경기,수원시,기타,2,0,0,2,1
경기,수원시,불명,102,0,11,80,29
경기,성남시,승용차,2507,20,788,2687,342
경기,성남시,승합차,416,6,156,469,75
경기,성남시,화물차,349,4,110,403,48
경기,성남시,특수차,15,0,2,17,3
경기,성남시,이륜차,265,5,87,195,74
경기,성남시,사륜오토바이(ATV),1,0,0,1,0
경기,성남시,원동기장치자전거,38,2,9,33,4
경기,성남시,자전거,62,0,16,36,15
경기,성남시,개인형이동수단(PM),3,0,1,2,0
경기,성남시,건설기계,43,1,6,49,7
경기,성남시,기타,4,1,1,4,0
경기,성남시,불명,98,0,18,59,28
경기,의정부시,승용차,1116,12,282,1138,188
경기,의정부시,승합차,167,2,59,167,24
경기,의정부시,화물차,200,1,45,239,29
경기,의정부시,특수차,7,0,1,6,2
경기,의정부시,이륜차,105,1,29,86,26
경기,의정부시,원동기장치자전거,6,0,1,4,2
경기,의정부시,자전거,42,0,7,22,16
경기,의정부시,개인형이동수단(PM),2,0,0,2,0
경기,의정부시,건설기계,20,1,21,21,2
경기,의정부시,기타,2,0,1,1,0
경기,의정부시,불명,37,0,2,34,5
경기,안양시,승용차,1038,14,283,1179,68
경기,안양시,승합차,171,0,65,195,32
경기,안양시,화물차,140,0,58,129,6
경기,안양시,특수차,7,0,0,8,0
경기,안양시,이륜차,122,5,43,110,25
경기,안양시,사륜오토바이(ATV),2,0,2,0,0
경기,안양시,원동기장치자전거,31,0,6,20,10
경기,안양시,자전거,49,1,25,18,11
경기,안양시,개인형이동수단(PM),5,0,3,4,0
경기,안양시,건설기계,22,0,5,25,3
경기,안양시,기타,1,0,1,0,0
경기,안양시,불명,28,0,3,23,6
경기,부천시,승용차,2244,9,590,2506,152
경기,부천시,승합차,378,3,89,386,33
경기,부천시,화물차,363,4,99,377,22
경기,부천시,특수차,12,0,3,8,3
경기,부천시,이륜차,358,2,83,346,68
경기,부천시,사륜오토바이(ATV),4,0,0,6,2
경기,부천시,원동기장치자전거,26,0,6,21,5
경기,부천시,자전거,171,5,39,105,30
경기,부천시,개인형이동수단(PM),10,0,2,6,2
경기,부천시,건설기계,35,0,10,38,1
경기,부천시,기타,5,0,2,4,0
경기,부천시,불명,61,0,6,34,24
경기,안산시,승용차,2664,11,716,3219,175
경기,안산시,승합차,257,3,79,291,24
경기,안산시,화물차,474,4,144,544,30
경기,안산시,특수차,16,0,8,18,1
경기,안산시,이륜차,284,4,90,249,52
경기,안산시,사륜오토바이(ATV),4,0,2,2,0
경기,안산시,원동기장치자전거,44,0,7,35,9
경기,안산시,자전거,100,3,29,54,20
경기,안산시,개인형이동수단(PM),17,1,5,9,2
경기,안산시,건설기계,26,1,10,30,2
경기,안산시,농기계,2,0,1,1,0
경기,안산시,기타,3,0,1,2,0
경기,안산시,불명,74,0,19,51,11
경기,평택시,승용차,2293,23,613,2759,408
경기,평택시,승합차,229,2,69,309,55
경기,평택시,화물차,496,13,168,583,88
경기,평택시,특수차,24,0,15,20,5
경기,평택시,이륜차,274,6,87,205,84
경기,평택시,사륜오토바이(ATV),1,0,1,0,0
경기,평택시,원동기장치자전거,21,2,3,16,6
경기,평택시,자전거,50,2,16,21,17
경기,평택시,개인형이동수단(PM),1,1,0,1,0
경기,평택시,건설기계,51,1,10,66,10
경기,평택시,농기계,4,1,1,3,0
경기,평택시,기타,5,0,1,3,1
경기,평택시,불명,78,0,9,60,17
경기,광명시,승용차,639,2,171,579,176
경기,광명시,승합차,106,1,33,90,26
경기,광명시,화물차,136,3,40,110,57
경기,광명시,특수차,7,0,2,4,3
경기,광명시,이륜차,101,2,23,62,45
경기,광명시,원동기장치자전거,12,0,5,7,3
경기,광명시,자전거,35,0,8,11,16
경기,광명시,개인형이동수단(PM),2,0,0,1,1
경기,광명시,건설기계,10,1,2,6,2
경기,광명시,불명,20,0,1,9,11
경기,구리시,승용차,479,3,111,559,70
경기,구리시,승합차,61,0,13,61,4
경기,구리시,화물차,94,0,28,104,11
경기,구리시,특수차,6,0,2,10,1
경기,구리시,이륜차,48,2,13,46,1
경기,구리시,사륜오토바이(ATV),1,0,1,0,0
경기,구리시,원동기장치자전거,8,0,6,3,0
경기,구리시,자전거,28,1,11,17,2
경기,구리시,개인형이동수단(PM),1,0,0,1,0
경기,구리시,건설기계,11,0,5,8,1
경기,구리시,기타,1,0,1,0,0
경기,구리시,불명,13,0,3,9,1
경기,양주시,승용차,716,12,175,884,65
경기,양주시,승합차,73,0,25,85,4
경기,양주시,화물차,178,2,55,203,11
경기,양주시,특수차,8,0,1,8,0
경기,양주시,이륜차,66,2,16,51,10
경기,양주시,사륜오토바이(ATV),1,0,0,1,0
경기,양주시,원동기장치자전거,8,0,4,8,0
경기,양주시,자전거,21,0,8,11,3
경기,양주시,건설기계,32,3,8,29,2
경기,양주시,기타,1,0,0,0,1
경기,양주시,불명,14,0,3,12,2
경기,여주시,승용차,379,10,139,481,40
경기,여주시,승합차,27,0,16,48,10
경기,여주시,화물차,106,6,31,118,3
경기,여주시,특수차,3,0,4,4,0
경기,여주시,이륜차,39,1,8,31,7
경기,여주시,사륜오토바이(ATV),2,0,0,1,1
경기,여주시,원동기장치자전거,6,0,0,7,0
경기,여주시,자전거,10,0,1,5,5
경기,여주시,개인형이동수단(PM),2,0,0,1,1
경기,여주시,건설기계,10,0,3,10,0
경기,여주시,농기계,4,0,1,2,1
경기,여주시,기타,1,0,0,1,0
경기,여주시,불명,3,0,3,0,0
경기,화성시,승용차,1963,14,573,2407,183
경기,화성시,승합차,248,1,79,351,28
경기,화성시,화물차,430,9,144,500,30
경기,화성시,특수차,24,2,14,32,0
경기,화성시,이륜차,161,5,55,146,19
경기,화성시,원동기장치자전거,10,0,4,13,0
경기,화성시,자전거,26,0,6,15,8
경기,화성시,개인형이동수단(PM),11,0,1,8,3
경기,화성시,건설기계,65,2,17,62,2
경기,화성시,농기계,4,0,1,5,0
경기,화성시,기타,3,0,1,2,0
경기,화성시,불명,63,0,5,53,15
경기,시흥시,승용차,1569,12,507,1889,123
경기,시흥시,승합차,157,0,53,201,27
경기,시흥시,화물차,408,7,128,436,40
경기,시흥시,특수차,19,2,7,35,2
경기,시흥시,이륜차,163,6,57,136,36
경기,시흥시,원동기장치자전거,32,1,8,23,8
경기,시흥시,자전거,51,1,17,26,15
경기,시흥시,개인형이동수단(PM),9,0,6,4,1
경기,시흥시,건설기계,22,0,11,21,1
경기,시흥시,농기계,2,1,1,0,0
경기,시흥시,기타,1,0,0,0,1
경기,시흥시,불명,47,0,10,35,15
경기,파주시,승용차,1099,10,352,1177,92
경기,파주시,승합차,121,3,28,166,22
경기,파주시,화물차,214,4,77,204,10
경기,파주시,특수차,11,0,6,9,0
경기,파주시,이륜차,95,2,22,67,24
경기,파주시,사륜오토바이(ATV),2,1,1,1,0
경기,파주시,원동기장치자전거,18,1,5,7,7
경기,파주시,자전거,18,0,2,12,7
경기,파주시,개인형이동수단(PM),1,0,0,0,1
경기,파주시,건설기계,38,0,7,52,4
경기,파주시,농기계,1,0,0,1,0
경기,파주시,기타,4,0,0,1,3
경기,파주시,불명,36,0,6,22,13
경기,고양시,승용차,2505,20,679,2842,297
경기,고양시,승합차,350,6,116,368,50
경기,고양시,화물차,433,4,147,476,43
경기,고양시,특수차,16,0,4,18,0
경기,고양시,이륜차,353,7,86,265,105
경기,고양시,사륜오토바이(ATV),1,0,0,1,0
경기,고양시,원동기장치자전거,14,0,5,10,3
경기,고양시,자전거,107,0,23,56,39
경기,고양시,개인형이동수단(PM),9,0,3,4,3
경기,고양시,건설기계,46,2,18,43,1
경기,고양시,기타,2,0,0,2,0
경기,고양시,불명,80,0,15,41,31
경기,광주시,승용차,1224,8,291,1514,109
경기,광주시,승합차,127,1,47,154,34
경기,광주시,화물차,306,7,77,363,26
경기,광주시,특수차,15,0,9,11,2
경기,광주시,이륜차,113,2,36,75,22
경기,광주시,사륜오토바이(ATV),2,0,1,1,0
경기,광주시,원동기장치자전거,2,0,1,1,0
경기,광주시,자전거,18,1,3,12,5
경기,광주시,개인형이동수단(PM),1,0,0,1,0
경기,광주시,건설기계,26,1,8,31,2
경기,광주시,농기계,4,0,0,3,2
경기,광주시,불명,29,0,7,16,7
경기,연천군,승용차,122,9,58,117,10
경기,연천군,승합차,14,0,12,6,2
경기,연천군,화물차,41,1,16,59,4
경기,연천군,이륜차,7,0,1,7,0
경기,연천군,사륜오토바이(ATV),1,0,0,1,1
경기,연천군,원동기장치자전거,2,0,0,2,0
경기,연천군,자전거,2,0,0,1,1
경기,연천군,건설기계,5,1,4,2,2
경기,연천군,농기계,1,0,0,1,0
경기,연천군,기타,1,0,0,1,0
경기,포천시,승용차,576,7,207,668,104
경기,포천시,승합차,55,1,23,34,33
경기,포천시,화물차,168,3,59,202,33
경기,포천시,특수차,7,0,1,9,2
경기,포천시,이륜차,31,2,11,18,9
경기,포천시,사륜오토바이(ATV),3,0,3,1,0
경기,포천시,원동기장치자전거,10,1,7,5,1
경기,포천시,자전거,7,0,2,4,1
경기,포천시,건설기계,21,1,12,15,1
경기,포천시,농기계,3,0,0,3,0
경기,포천시,불명,6,0,2,3,2
경기,가평군,승용차,272,5,106,369,23
경기,가평군,승합차,15,0,6,23,0
경기,가평군,화물차,57,0,24,51,5
경기,가평군,특수차,3,0,0,8,2
경기,가평군,이륜차,19,1,5,18,1
경기,가평군,사륜오토바이(ATV),3,1,0,2,0
경기,가평군,원동기장치자전거,1,0,0,0,1
경기,가평군,자전거,15,1,4,11,1
경기,가평군,개인형이동수단(PM),2,0,2,1,0
경기,가평군,건설기계,6,0,3,5,0
경기,가평군,기타,1,0,0,2,0
경기,가평군,불명,2,0,0,4,1
경기,양평군,승용차,396,5,163,438,75
경기,양평군,승합차,19,0,8,21,4
경기,양평군,화물차,94,4,34,83,11
경기,양평군,특수차,3,0,1,3,0
경기,양평군,이륜차,31,1,9,25,9
경기,양평군,원동기장치자전거,5,0,2,5,0
경기,양평군,자전거,19,2,5,10,3
경기,양평군,건설기계,14,1,0,22,1
경기,양평군,농기계,4,0,1,15,1
경기,양평군,불명,6,0,0,3,3
경기,이천시,승용차,721,15,201,829,58
경기,이천시,승합차,51,5,30,71,6
경기,이천시,화물차,197,8,62,237,19
경기,이천시,특수차,6,0,1,7,1
경기,이천시,이륜차,68,2,17,59,11
경기,이천시,원동기장치자전거,12,1,1,10,3
경기,이천시,자전거,12,2,2,10,0
경기,이천시,개인형이동수단(PM),3,0,2,0,1
경기,이천시,건설기계,21,0,6,31,1
경기,이천시,농기계,1,0,0,1,0
경기,이천시,기타,1,0,1,0,0
경기,이천시,불명,9,0,3,4,2
경기,용인시,승용차,2310,17,642,2689,472
경기,용인시,승합차,263,4,109,359,88
경기,용인시,화물차,443,10,124,492,78
경기,용인시,특수차,25,0,7,25,3
경기,용인시,이륜차,222,1,69,158,61
경기,용인시,사륜오토바이(ATV),1,0,1,0,0
경기,용인시,원동기장치자전거,12,1,3,5,3
경기,용인시,자전거,53,0,11,23,19
경기,용인시,개인형이동수단(PM),8,0,1,4,3
경기,용인시,건설기계,90,1,33,126,24
경기,용인시,농기계,1,0,0,0,1
경기,용인시,기타,5,0,2,3,0
경기,용인시,불명,52,0,7,32,21
경기,안성시,승용차,590,5,203,730,119
경기,안성시,승합차,66,2,26,76,16
경기,안성시,화물차,213,5,57,304,21
경기,안성시,특수차,11,0,1,12,2
경기,안성시,이륜차,72,1,22,54,19
경기,안성시,사륜오토바이(ATV),2,2,0,0,0
경기,안성시,원동기장치자전거,4,0,2,1,1
경기,안성시,자전거,14,0,2,9,4
경기,안성시,건설기계,20,0,7,19,1
경기,안성시,농기계,7,1,3,5,1
경기,안성시,불명,15,0,1,11,5
경기,김포시,승용차,1102,14,382,1320,91
경기,김포시,승합차,224,1,72,247,23
경기,김포시,화물차,237,4,68,252,21
경기,김포시,특수차,11,0,5,13,1
경기,김포시,이륜차,131,4,38,119,22
경기,김포시,사륜오토바이(ATV),1,0,0,2,0
경기,김포시,원동기장치자전거,9,0,2,6,3
경기,김포시,자전거,29,1,5,23,4
경기,김포시,건설기계,28,0,7,39,1
경기,김포시,농기계,1,0,0,1,0
경기,김포시,기타,1,0,1,1,0
경기,김포시,불명,18,0,1,10,7
경기,동두천시,승용차,298,3,90,299,28
경기,동두천시,승합차,26,2,9,24,0
경기,동두천시,화물차,45,0,9,46,4
경기,동두천시,특수차,1,0,0,0,2
경기,동두천시,이륜차,19,0,3,14,6
경기,동두천시,원동기장치자전거,7,1,2,6,0
경기,동두천시,자전거,9,0,2,5,3
경기,동두천시,건설기계,6,0,2,4,0
경기,동두천시,기타,2,0,0,1,1
경기,동두천시,불명,4,0,0,4,1
경기,과천시,승용차,159,1,53,182,20
경기,과천시,승합차,18,0,7,34,5
경기,과천시,화물차,25,0,5,27,5
경기,과천시,특수차,1,0,0,2,0
경기,과천시,이륜차,10,0,3,2,6
경기,과천시,원동기장치자전거,3,0,0,3,1
경기,과천시,자전거,9,0,2,4,4
경기,과천시,건설기계,9,0,1,11,0
경기,과천시,기타,1,0,0,1,0
경기,과천시,불명,2,0,2,0,0
경기,군포시,승용차,421,1,144,435,71
경기,군포시,승합차,64,0,20,95,19
경기,군포시,화물차,67,1,23,78,13
경기,군포시,특수차,4,0,2,3,0
경기,군포시,이륜차,58,1,16,39,23
경기,군포시,원동기장치자전거,6,0,2,4,2
경기,군포시,자전거,14,0,4,5,6
경기,군포시,개인형이동수단(PM),2,0,0,2,1
경기,군포시,건설기계,6,0,3,6,0
경기,군포시,기타,1,0,0,1,0
경기,군포시,불명,7,0,0,3,4
경기,남양주시,승용차,1526,18,459,1835,220
경기,남양주시,승합차,154,2,53,158,22
경기,남양주시,화물차,360,4,109,445,60
경기,남양주시,특수차,7,0,0,11,0
경기,남양주시,이륜차,173,3,45,145,43
경기,남양주시,사륜오토바이(ATV),1,1,0,0,0
경기,남양주시,원동기장치자전거,26,1,11,19,6
경기,남양주시,자전거,86,1,29,56,18
경기,남양주시,개인형이동수단(PM),2,0,1,1,0
경기,남양주시,건설기계,33,1,6,36,2
경기,남양주시,농기계,1,0,1,0,0
경기,남양주시,기타,3,0,0,3,0
경기,남양주시,불명,39,0,10,27,12
경기,오산시,승용차,705,3,151,845,82
경기,오산시,승합차,89,0,30,118,15
경기,오산시,화물차,100,2,23,116,6
경기,오산시,특수차,2,0,1,1,0
경기,오산시,이륜차,84,1,23,54,32
경기,오산시,원동기장치자전거,4,0,1,4,0
경기,오산시,자전거,36,0,11,19,7
경기,오산시,개인형이동수단(PM),7,0,0,7,2
경기,오산시,건설기계,10,1,0,11,1
경기,오산시,기타,4,0,1,2,1
경기,오산시,불명,16,0,3,12,3
경기,의왕시,승용차,312,3,97,400,39
경기,의왕시,승합차,49,2,20,45,5
경기,의왕시,화물차,72,4,29,66,7
경기,의왕시,특수차,3,0,2,1,0
경기,의왕시,이륜차,17,0,10,7,4
경기,의왕시,원동기장치자전거,9,0,3,5,2
경기,의왕시,자전거,8,1,3,3,2
경기,의왕시,건설기계,9,0,1,16,2
경기,의왕시,불명,9,0,0,3,8
경기,하남시,승용차,615,9,173,696,102
경기,하남시,승합차,85,1,31,67,8
경기,하남시,화물차,166,4,49,170,27
경기,하남시,특수차,6,0,4,8,0
경기,하남시,이륜차,84,3,18,60,25
경기,하남시,원동기장치자전거,16,0,3,7,9
경기,하남시,자전거,51,0,16,22,23
경기,하남시,개인형이동수단(PM),5,0,1,1,3
경기,하남시,건설기계,25,0,5,40,2
경기,하남시,불명,29,0,3,16,16
강원,춘천시,승용차,1150,13,285,1420,79
강원,춘천시,승합차,69,0,21,108,5
강원,춘천시,화물차,183,7,40,220,6
강원,춘천시,특수차,6,1,3,4,0
강원,춘천시,이륜차,85,0,16,102,8
강원,춘천시,사륜오토바이(ATV),6,1,4,3,0
강원,춘천시,원동기장치자전거,9,0,0,11,1
강원,춘천시,자전거,25,1,5,17,6
강원,춘천시,개인형이동수단(PM),3,0,2,1,0
강원,춘천시,건설기계,23,0,10,33,0
강원,춘천시,농기계,1,0,0,1,0
강원,춘천시,불명,30,0,3,25,4
강원,원주시,승용차,1464,18,379,1775,87
강원,원주시,승합차,109,1,29,140,12
강원,원주시,화물차,244,7,93,264,18
강원,원주시,특수차,6,0,1,9,0
강원,원주시,이륜차,97,5,35,68,14
강원,원주시,사륜오토바이(ATV),2,1,1,0,0
강원,원주시,원동기장치자전거,11,0,1,9,4
강원,원주시,자전거,13,1,5,5,2
강원,원주시,개인형이동수단(PM),2,0,1,1,0
강원,원주시,건설기계,20,1,4,22,1
강원,원주시,농기계,1,0,0,3,0
강원,원주시,기타,1,0,0,1,0
강원,원주시,불명,15,0,1,11,4
강원,동해시,승용차,261,7,81,278,2
강원,동해시,승합차,21,0,2,31,0
강원,동해시,화물차,41,0,8,47,0
강원,동해시,특수차,7,0,3,8,0
강원,동해시,이륜차,10,0,3,8,0
강원,동해시,원동기장치자전거,3,0,2,1,0
강원,동해시,개인형이동수단(PM),1,0,0,1,0
강원,동해시,건설기계,13,0,2,16,0
강원,동해시,불명,1,0,1,0,0
강원,강릉시,승용차,698,6,222,824,16
강원,강릉시,승합차,40,1,16,68,1
강원,강릉시,화물차,106,5,34,127,2
강원,강릉시,이륜차,18,1,4,15,1
강원,강릉시,원동기장치자전거,8,1,3,5,0
강원,강릉시,자전거,5,0,1,4,0
강원,강릉시,건설기계,10,0,5,8,0
강원,강릉시,농기계,1,0,0,2,0
강원,강릉시,불명,2,0,0,1,1
강원,속초시,승용차,291,4,105,332,19
강원,속초시,승합차,25,2,9,31,1
강원,속초시,화물차,40,0,17,36,2
강원,속초시,이륜차,17,2,13,6,1
강원,속초시,사륜오토바이(ATV),1,0,1,0,0
강원,속초시,원동기장치자전거,5,0,2,3,0
강원,속초시,자전거,5,0,2,3,0
강원,속초시,건설기계,1,0,0,2,0
강원,속초시,농기계,2,0,0,3,0
강원,속초시,불명,4,0,0,4,0
강원,태백시,승용차,129,1,39,152,3
강원,태백시,승합차,10,0,1,15,0
강원,태백시,화물차,29,1,3,30,1
강원,태백시,특수차,1,0,0,1,0
강원,태백시,이륜차,2,0,1,1,0
강원,태백시,원동기장치자전거,1,0,2,0,0
강원,태백시,건설기계,5,0,1,17,0
강원,삼척시,승용차,270,4,101,323,5
강원,삼척시,승합차,15,4,15,20,0
강원,삼척시,화물차,61,6,27,69,0
강원,삼척시,이륜차,12,0,3,8,2
강원,삼척시,사륜오토바이(ATV),3,0,1,2,0
강원,삼척시,원동기장치자전거,13,0,3,9,3
강원,삼척시,자전거,12,0,4,8,0
강원,삼척시,건설기계,23,1,4,29,0
강원,삼척시,농기계,4,1,0,5,0
강원,삼척시,불명,1,0,0,1,0
강원,홍천군,승용차,219,9,69,258,18
강원,홍천군,승합차,20,0,8,32,2
강원,홍천군,화물차,89,6,25,100,6
강원,홍천군,특수차,1,0,1,0,0
강원,홍천군,이륜차,12,1,2,10,0
강원,홍천군,사륜오토바이(ATV),1,0,0,0,1
강원,홍천군,원동기장치자전거,2,0,0,2,0
강원,홍천군,자전거,7,0,1,6,0
강원,홍천군,건설기계,4,0,2,4,0
강원,홍천군,농기계,2,0,2,0,0
강원,홍천군,기타,1,0,0,1,0
강원,홍천군,불명,1,0,0,1,0
강원,횡성군,승용차,124,5,77,158,7
강원,횡성군,승합차,2,0,4,1,0
강원,횡성군,화물차,55,2,28,67,2
강원,횡성군,특수차,5,0,2,3,0
강원,횡성군,이륜차,2,0,2,1,0
강원,횡성군,사륜오토바이(ATV),1,0,1,0,0
강원,횡성군,원동기장치자전거,2,0,0,4,0
강원,횡성군,자전거,5,0,3,2,0
강원,횡성군,건설기계,3,1,0,4,0
강원,횡성군,농기계,3,1,0,4,0
강원,횡성군,불명,1,0,1,0,0
강원,영월군,승용차,93,0,32,49,59
강원,영월군,승합차,8,0,5,10,17
강원,영월군,화물차,36,3,17,18,19
강원,영월군,특수차,3,0,1,3,0
강원,영월군,이륜차,5,1,0,0,4
강원,영월군,사륜오토바이(ATV),1,0,0,1,0
강원,영월군,건설기계,8,0,0,8,6
강원,영월군,불명,2,0,0,1,2
강원,평창군,승용차,120,3,72,173,2
강원,평창군,승합차,9,0,6,13,1
강원,평창군,화물차,42,1,17,44,4
강원,평창군,특수차,1,0,1,0,0
강원,평창군,이륜차,3,0,1,3,0
강원,평창군,자전거,3,0,3,0,0
강원,평창군,건설기계,1,0,0,1,0
강원,평창군,농기계,3,1,0,2,0
강원,평창군,불명,1,0,0,0,1
강원,정선군,승용차,79,5,44,81,7
강원,정선군,승합차,10,0,6,7,0
강원,정선군,화물차,12,1,1,14,2
강원,정선군,자전거,1,0,1,0,0
강원,정선군,건설기계,3,0,1,2,0
강원,정선군,농기계,2,0,3,0,0
강원,철원군,승용차,72,4,24,89,1
강원,철원군,승합차,5,1,1,5,0
강원,철원군,화물차,47,7,21,54,0
강원,철원군,특수차,1,0,1,0,0
강원,철원군,이륜차,8,0,4,5,0
강원,철원군,사륜오토바이(ATV),1,0,0,1,0
강원,철원군,자전거,4,0,2,1,1
강원,철원군,건설기계,3,0,3,3,0
강원,철원군,농기계,3,0,1,3,0
강원,화천군,승용차,66,6,30,88,2
강원,화천군,승합차,3,0,0,3,0
강원,화천군,화물차,21,2,12,26,0
강원,화천군,특수차,1,0,0,1,0
강원,화천군,이륜차,7,1,2,10,0
강원,화천군,사륜오토바이(ATV),1,0,0,2,0
강원,화천군,건설기계,1,0,0,1,0
강원,화천군,농기계,1,0,0,1,0
강원,양구군,승용차,56,2,35,64,4
강원,양구군,승합차,4,0,3,1,0
강원,양구군,화물차,19,0,22,12,1
강원,양구군,이륜차,6,0,2,8,1
강원,양구군,사륜오토바이(ATV),1,0,0,1,0
강원,양구군,건설기계,2,0,2,0,0
강원,인제군,승용차,57,3,39,49,1
강원,인제군,승합차,7,0,8,9,2
강원,인제군,화물차,23,4,23,11,0
강원,인제군,이륜차,5,1,1,1,2
강원,인제군,건설기계,1,0,1,0,0
강원,인제군,불명,1,0,1,0,0
강원,고성군,승용차,80,0,20,105,4
강원,고성군,승합차,6,0,6,4,1
강원,고성군,화물차,32,0,17,35,1
강원,고성군,이륜차,9,1,5,5,1
강원,고성군,사륜오토바이(ATV),1,0,1,2,0
강원,고성군,자전거,2,0,0,2,0
강원,고성군,건설기계,7,0,2,8,0
강원,고성군,기타,1,0,0,1,0
강원,양양군,승용차,119,4,45,159,14
강원,양양군,승합차,10,0,8,23,13
강원,양양군,화물차,38,4,15,51,1
강원,양양군,특수차,1,0,0,3,0
강원,양양군,이륜차,7,1,5,4,0
강원,양양군,건설기계,2,0,1,2,0
강원,양양군,기타,1,0,0,1,0
충북,청주시,승용차,3427,30,1022,4490,155
충북,청주시,승합차,269,1,108,355,7
충북,청주시,화물차,579,11,184,714,16
충북,청주시,특수차,22,1,6,19,3
충북,청주시,이륜차,386,4,143,331,73
충북,청주시,사륜오토바이(ATV),4,0,1,4,0
충북,청주시,원동기장치자전거,48,1,23,31,5
충북,청주시,자전거,90,0,31,52,17
충북,청주시,개인형이동수단(PM),17,0,4,11,3
충북,청주시,건설기계,47,0,17,48,1
충북,청주시,농기계,3,0,0,3,0
충북,청주시,기타,1,0,0,1,0
충북,청주시,불명,56,1,12,38,10
충북,충주시,승용차,925,25,327,1266,62
충북,충주시,승합차,48,0,34,85,5
충북,충주시,화물차,205,4,84,239,13
충북,충주시,특수차,14,1,6,13,0
충북,충주시,이륜차,67,2,32,48,11
충북,충주시,원동기장치자전거,25,0,13,14,3
충북,충주시,자전거,44,1,13,26,8
충북,충주시,개인형이동수단(PM),1,1,0,0,0
충북,충주시,건설기계,18,1,8,17,1
충북,충주시,농기계,3,1,2,1,0
충북,충주시,불명,14,0,4,15,0
충북,제천시,승용차,614,10,247,768,61
충북,제천시,승합차,30,3,9,36,9
충북,제천시,화물차,130,2,43,176,8
충북,제천시,특수차,6,0,2,5,0
충북,제천시,이륜차,62,3,15,54,7
충북,제천시,원동기장치자전거,3,0,1,2,0
충북,제천시,자전거,14,0,3,8,3
충북,제천시,건설기계,8,1,6,6,1
충북,제천시,농기계,3,0,2,0,1
충북,보은군,승용차,95,4,78,107,9
충북,보은군,승합차,8,0,2,14,0
충북,보은군,화물차,34,3,21,34,1
충북,보은군,이륜차,14,5,3,8,2
충북,보은군,사륜오토바이(ATV),3,0,2,0,1
충북,보은군,원동기장치자전거,1,1,0,0,0
충북,보은군,자전거,6,0,2,2,2
충북,보은군,건설기계,2,0,3,1,0
충북,보은군,농기계,2,0,1,1,0
충북,옥천군,승용차,140,4,76,139,6
충북,옥천군,승합차,6,1,5,4,0
충북,옥천군,화물차,49,1,24,37,0
충북,옥천군,특수차,1,0,1,3,0
충북,옥천군,이륜차,21,1,12,8,4
충북,옥천군,사륜오토바이(ATV),2,0,1,3,0
충북,옥천군,원동기장치자전거,1,0,0,0,1
충북,옥천군,자전거,4,0,3,0,1
충북,옥천군,건설기계,6,0,5,2,0
충북,옥천군,농기계,3,0,4,0,0
충북,옥천군,기타,1,0,0,1,0
충북,옥천군,불명,2,0,0,1,2
충북,영동군,승용차,123,4,74,125,4
충북,영동군,승합차,6,1,3,4,0
충북,영동군,화물차,46,3,42,31,2
충북,영동군,특수차,1,0,0,1,0
충북,영동군,이륜차,23,0,17,9,1
충북,영동군,사륜오토바이(ATV),3,0,1,2,0
충북,영동군,원동기장치자전거,1,0,0,1,0
충북,영동군,자전거,8,0,5,1,2
충북,영동군,건설기계,2,0,1,2,0
충북,영동군,농기계,5,1,1,5,0
충북,진천군,승용차,300,6,100,365,20
충북,진천군,승합차,26,0,16,56,14
충북,진천군,화물차,107,2,40,123,1
충북,진천군,특수차,2,0,0,7,0
충북,진천군,이륜차,41,3,16,31,2
충북,진천군,사륜오토바이(ATV),3,0,1,2,0
충북,진천군,원동기장치자전거,5,0,3,2,1
충북,진천군,자전거,11,0,0,11,1
충북,진천군,개인형이동수단(PM),1,0,0,1,0
충북,진천군,건설기계,6,0,0,8,0
충북,진천군,농기계,6,0,0,8,1
충북,진천군,불명,8,0,1,9,0
충북,괴산군,승용차,104,8,61,112,12
충북,괴산군,승합차,10,0,6,10,0
충북,괴산군,화물차,49,1,33,31,3
충북,괴산군,특수차,2,0,0,2,0
충북,괴산군,이륜차,12,0,9,5,0
충북,괴산군,사륜오토바이(ATV),3,0,2,1,0
충북,괴산군,자전거,4,0,1,3,0
충북,괴산군,건설기계,1,0,1,0,0
충북,괴산군,농기계,3,1,1,2,0
충북,괴산군,불명,2,0,1,0,1
충북,음성군,승용차,432,8,195,505,15
충북,음성군,승합차,26,4,15,53,3
충북,음성군,화물차,117,3,59,129,4
충북,음성군,특수차,7,1,1,5,0
충북,음성군,이륜차,43,1,23,24,4
충북,음성군,사륜오토바이(ATV),2,1,1,0,0
충북,음성군,원동기장치자전거,4,0,2,3,0
충북,음성군,자전거,6,0,3,3,0
충북,음성군,건설기계,12,0,13,17,1
충북,음성군,농기계,6,0,4,3,1
충북,음성군,불명,8,0,4,3,1
충북,단양군,승용차,78,3,45,97,12
충북,단양군,승합차,7,0,6,8,0
충북,단양군,화물차,37,3,21,35,13
충북,단양군,특수차,2,1,1,2,0
충북,단양군,이륜차,9,1,4,3,3
충북,단양군,원동기장치자전거,1,0,1,0,0
충북,단양군,자전거,3,0,0,2,1
충북,단양군,건설기계,12,0,7,10,0
충북,단양군,농기계,7,2,3,2,2
충북,단양군,불명,1,0,1,0,0
충북,증평군,승용차,143,4,53,140,10
충북,증평군,승합차,10,1,4,12,0
충북,증평군,화물차,28,1,12,33,1
충북,증평군,특수차,1,0,1,0,0
충북,증평군,이륜차,20,0,6,14,3
충북,증평군,사륜오토바이(ATV),1,0,0,1,0
충북,증평군,자전거,5,0,3,1,1
충북,증평군,건설기계,1,0,1,0,0
충북,증평군,농기계,1,0,0,0,1
충남,천안시,승용차,2186,20,514,2677,102
충남,천안시,승합차,184,8,62,232,15
충남,천안시,화물차,343,7,105,390,21
충남,천안시,특수차,18,0,2,19,1
충남,천안시,이륜차,241,6,72,176,50
충남,천안시,사륜오토바이(ATV),2,0,1,0,1
충남,천안시,원동기장치자전거,19,0,5,12,8
충남,천안시,자전거,41,1,12,20,9
충남,천안시,개인형이동수단(PM),11,0,3,7,1
충남,천안시,건설기계,32,0,9,55,1
충남,천안시,농기계,1,0,0,0,1
충남,천안시,기타,2,0,0,0,2
충남,천안시,불명,57,0,8,52,8
충남,아산시,승용차,727,15,249,762,34
충남,아산시,승합차,62,1,22,69,5
충남,아산시,화물차,143,13,69,140,5
충남,아산시,특수차,9,0,5,7,1
충남,아산시,이륜차,64,5,27,38,6
충남,아산시,원동기장치자전거,10,0,5,5,1
충남,아산시,자전거,9,1,4,1,3
충남,아산시,건설기계,18,1,8,10,1
충남,아산시,농기계,2,0,2,1,0
충남,아산시,기타,3,0,1,1,1
충남,아산시,불명,36,0,9,25,4
충남,보령시,승용차,301,6,180,250,7
충남,보령시,승합차,20,0,15,28,0
충남,보령시,화물차,89,8,54,78,3
충남,보령시,특수차,3,0,2,0,2
충남,보령시,이륜차,34,0,22,15,1
충남,보령시,사륜오토바이(ATV),3,0,2,3,0
충남,보령시,원동기장치자전거,3,1,1,1,0
충남,보령시,자전거,7,1,2,4,0
충남,보령시,개인형이동수단(PM),2,0,0,2,0
충남,보령시,건설기계,6,0,5,4,0
충남,보령시,농기계,6,0,3,11,0
충남,보령시,기타,1,0,3,2,0
충남,보령시,불명,4,0,1,3,0
충남,공주시,승용차,372,8,142,498,29
충남,공주시,승합차,23,3,9,30,3
충남,공주시,화물차,117,7,54,144,4
충남,공주시,특수차,6,1,5,2,0
충남,공주시,이륜차,52,2,23,36,8
충남,공주시,사륜오토바이(ATV),4,1,2,1,0
충남,공주시,원동기장치자전거,3,0,3,3,1
충남,공주시,자전거,17,0,5,10,2
충남,공주시,건설기계,8,0,3,9,0
충남,공주시,농기계,3,0,1,3,0
충남,공주시,불명,3,0,0,4,0
충남,서산시,승용차,544,14,345,466,43
충남,서산시,승합차,32,1,16,45,3
충남,서산시,화물차,135,6,84,117,12
충남,서산시,특수차,7,1,3,3,0
충남,서산시,이륜차,73,3,31,33,15
충남,서산시,사륜오토바이(ATV),2,0,0,2,0
충남,서산시,원동기장치자전거,2,0,1,1,0
충남,서산시,자전거,23,1,9,12,4
충남,서산시,건설기계,12,0,8,5,1
충남,서산시,농기계,3,0,1,1,1
충남,서산시,불명,6,0,1,2,3
충남,금산군,승용차,85,3,29,96,1
충남,금산군,승합차,6,0,3,5,0
충남,금산군,화물차,33,4,16,29,0
충남,금산군,특수차,1,0,1,0,0
충남,금산군,이륜차,19,0,6,16,0
충남,금산군,건설기계,4,0,3,1,0
충남,금산군,농기계,2,0,3,0,0
충남,태안군,승용차,187,8,138,210,29
충남,태안군,승합차,14,1,14,20,3
충남,태안군,화물차,64,5,47,50,7
충남,태안군,특수차,3,0,2,2,0
충남,태안군,이륜차,24,0,13,14,5
충남,태안군,사륜오토바이(ATV),7,2,2,6,0
충남,태안군,자전거,3,1,1,1,0
충남,태안군,건설기계,5,0,4,1,0
충남,태안군,농기계,8,0,3,3,3
충남,태안군,기타,3,0,0,2,2
충남,태안군,불명,2,0,0,0,2
충남,논산시,승용차,267,7,174,251,20
충남,논산시,승합차,21,1,17,27,0
충남,논산시,화물차,94,10,56,64,4
충남,논산시,특수차,1,0,1,0,1
충남,논산시,이륜차,65,3,23,45,13
충남,논산시,사륜오토바이(ATV),2,1,0,1,0
충남,논산시,원동기장치자전거,2,0,0,2,0
충남,논산시,자전거,13,3,3,5,4
충남,논산시,건설기계,2,0,3,19,0
충남,논산시,농기계,6,1,6,2,0
충남,논산시,불명,3,0,1,2,0
충남,부여군,승용차,124,5,87,65,3
충남,부여군,승합차,9,2,6,5,1
충남,부여군,화물차,52,6,48,25,0
충남,부여군,특수차,2,0,1,1,0
충남,부여군,이륜차,21,1,12,9,2
충남,부여군,사륜오토바이(ATV),4,0,0,4,0
충남,부여군,자전거,2,0,1,1,0
충남,부여군,건설기계,2,1,0,1,0
충남,부여군,농기계,4,1,3,1,0
충남,부여군,불명,2,0,1,1,0
충남,서천군,승용차,179,8,82,174,12
충남,서천군,승합차,9,1,3,10,0
충남,서천군,화물차,62,6,31,64,3
충남,서천군,특수차,2,0,1,1,0
충남,서천군,이륜차,27,1,12,18,1
충남,서천군,사륜오토바이(ATV),2,0,0,2,0
충남,서천군,원동기장치자전거,16,0,9,4,8
충남,서천군,자전거,10,0,4,6,1
충남,서천군,건설기계,11,0,2,11,0
충남,서천군,농기계,4,2,1,1,0
충남,서천군,기타,1,0,0,1,0
충남,청양군,승용차,103,3,60,101,0
충남,청양군,승합차,10,0,4,12,0
충남,청양군,화물차,39,3,16,40,0
충남,청양군,특수차,2,0,1,1,0
충남,청양군,이륜차,23,1,12,12,1
충남,청양군,사륜오토바이(ATV),1,0,0,1,0
충남,청양군,자전거,5,1,2,1,1
충남,청양군,건설기계,2,0,2,0,0
충남,청양군,농기계,5,2,0,3,0
충남,청양군,기타,1,0,1,0,0
충남,홍성군,승용차,205,11,85,214,2
충남,홍성군,승합차,13,0,7,16,2
충남,홍성군,화물차,81,5,37,68,4
충남,홍성군,특수차,1,0,1,0,0
충남,홍성군,이륜차,24,1,7,17,0
충남,홍성군,사륜오토바이(ATV),2,1,0,1,0
충남,홍성군,자전거,4,0,3,2,0
충남,홍성군,건설기계,5,0,3,2,0
충남,홍성군,농기계,5,3,2,0,0
충남,홍성군,불명,1,0,0,1,0
충남,예산군,승용차,253,9,108,274,4
충남,예산군,승합차,22,0,9,26,0
충남,예산군,화물차,70,5,25,72,3
충남,예산군,특수차,1,0,0,3,0
충남,예산군,이륜차,36,3,10,25,0
충남,예산군,자전거,6,0,0,5,1
충남,예산군,건설기계,2,0,2,5,0
충남,예산군,농기계,3,0,2,2,0
충남,예산군,불명,4,0,2,1,1
충남,당진시,승용차,516,13,253,571,14
충남,당진시,승합차,22,0,15,39,0
충남,당진시,화물차,155,11,71,142,4
충남,당진시,특수차,18,2,4,20,1
충남,당진시,이륜차,53,4,24,27,6
충남,당진시,사륜오토바이(ATV),2,1,1,0,0
충남,당진시,원동기장치자전거,4,1,2,1,0
충남,당진시,자전거,2,1,0,1,0
충남,당진시,건설기계,6,0,3,3,0
충남,당진시,불명,5,0,2,2,1
충남,계룡시,승용차,41,0,19,47,5
충남,계룡시,승합차,5,0,6,1,0
충남,계룡시,화물차,4,1,1,3,0
충남,계룡시,이륜차,1,0,1,1,0
충남,계룡시,자전거,1,0,0,1,0
충남,계룡시,건설기계,3,0,2,11,0
전북,전주시,승용차,1842,19,575,2197,22
전북,전주시,승합차,122,2,51,126,1
전북,전주시,화물차,227,5,77,267,3
전북,전주시,특수차,5,1,1,21,0
전북,전주시,이륜차,106,7,38,88,5
전북,전주시,원동기장치자전거,7,0,4,4,0
전북,전주시,자전거,20,0,10,9,1
전북,전주시,개인형이동수단(PM),4,0,3,1,0
전북,전주시,건설기계,5,1,0,6,0
전북,전주시,농기계,1,0,0,1,0
전북,전주시,기타,1,0,0,3,0
전북,전주시,불명,25,0,2,22,3
전북,군산시,승용차,897,10,250,1148,41
전북,군산시,승합차,48,2,16,77,3
전북,군산시,화물차,160,7,45,183,6
전북,군산시,특수차,8,0,2,9,2
전북,군산시,이륜차,56,1,22,47,3
전북,군산시,사륜오토바이(ATV),1,0,0,1,0
전북,군산시,원동기장치자전거,6,0,2,8,0
전북,군산시,자전거,22,2,3,16,1
전북,군산시,개인형이동수단(PM),1,0,0,1,0
전북,군산시,건설기계,13,2,3,9,1
전북,군산시,농기계,1,1,0,0,0
전북,군산시,불명,12,0,0,13,3
전북,정읍시,승용차,368,5,156,422,5
전북,정읍시,승합차,24,1,10,33,0
전북,정읍시,화물차,112,8,45,127,0
전북,정읍시,특수차,2,3,2,0,0
전북,정읍시,이륜차,47,1,11,42,0
전북,정읍시,사륜오토바이(ATV),1,0,1,0,0
전북,정읍시,원동기장치자전거,5,0,3,3,0
전북,정읍시,자전거,24,2,8,16,0
전북,정읍시,건설기계,8,0,0,14,0
전북,정읍시,농기계,3,0,1,2,0
전북,정읍시,불명,2,0,1,2,0
전북,남원시,승용차,164,4,87,151,1
전북,남원시,승합차,16,1,10,12,0
전북,남원시,화물차,83,2,50,72,0
전북,남원시,특수차,1,0,1,0,0
전북,남원시,이륜차,21,1,13,12,0
전북,남원시,사륜오토바이(ATV),3,0,1,2,0
전북,남원시,자전거,8,0,1,7,0
전북,남원시,건설기계,10,0,5,8,0
전북,남원시,농기계,3,0,1,4,0
전북,남원시,불명,2,0,1,1,0
전북,김제시,승용차,292,11,100,421,6
전북,김제시,승합차,23,1,16,57,2
전북,김제시,화물차,123,8,50,163,5
전북,김제시,특수차,7,0,2,10,0
전북,김제시,이륜차,17,2,5,18,0
전북,김제시,사륜오토바이(ATV),2,0,1,2,0
전북,김제시,원동기장치자전거,2,1,1,0,0
전북,김제시,자전거,3,0,1,2,0
전북,김제시,건설기계,7,0,3,4,0
전북,김제시,농기계,5,0,4,1,0
전북,완주군,승용차,180,7,78,212,5
전북,완주군,승합차,14,0,5,25,1
전북,완주군,화물차,56,6,23,40,1
전북,완주군,특수차,5,0,3,6,0
전북,완주군,이륜차,11,1,8,5,0
전북,완주군,사륜오토바이(ATV),2,0,0,2,0
전북,완주군,원동기장치자전거,1,0,1,0,0
전북,완주군,자전거,4,3,0,1,0
전북,완주군,건설기계,3,0,1,2,0
전북,완주군,불명,2,0,0,3,0
전북,진안군,승용차,34,3,33,34,2
전북,진안군,승합차,6,0,8,9,0
전북,진안군,화물차,20,2,9,19,1
전북,진안군,이륜차,6,2,1,5,1
전북,진안군,원동기장치자전거,4,0,2,2,0
전북,진안군,자전거,2,0,1,1,0
전북,진안군,건설기계,1,0,0,5,0
전북,진안군,농기계,4,0,3,1,0
전북,무주군,승용차,59,4,41,64,1
전북,무주군,승합차,14,0,11,36,2
전북,무주군,화물차,34,1,23,23,0
전북,무주군,특수차,2,0,3,0,0
전북,무주군,이륜차,7,0,5,2,0
전북,무주군,사륜오토바이(ATV),1,0,1,0,0
전북,무주군,원동기장치자전거,4,1,5,1,1
전북,무주군,건설기계,2,2,0,0,0
전북,무주군,농기계,2,1,0,1,0
전북,장수군,승용차,27,2,18,21,0
전북,장수군,승합차,2,1,0,2,0
전북,장수군,화물차,21,6,9,14,0
전북,장수군,이륜차,6,1,3,3,0
전북,장수군,사륜오토바이(ATV),1,1,0,0,0
전북,장수군,원동기장치자전거,4,0,3,1,0
전북,장수군,자전거,1,0,1,0,0
전북,장수군,건설기계,3,0,3,0,0
전북,임실군,승용차,65,3,31,70,3
전북,임실군,승합차,5,0,3,6,0
전북,임실군,화물차,35,3,20,34,0
전북,임실군,특수차,1,0,0,4,0
전북,임실군,이륜차,3,0,0,2,1
전북,임실군,원동기장치자전거,1,1,0,0,0
전북,임실군,건설기계,4,0,1,3,1
전북,임실군,농기계,1,0,1,1,0
전북,순창군,승용차,44,1,16,41,5
전북,순창군,승합차,1,0,0,1,0
전북,순창군,화물차,33,2,18,20,3
전북,순창군,이륜차,15,3,5,7,3
전북,순창군,사륜오토바이(ATV),6,1,0,4,1
전북,순창군,원동기장치자전거,2,1,1,0,0
전북,순창군,자전거,2,0,0,1,1
전북,순창군,건설기계,4,0,1,3,1
전북,순창군,농기계,3,1,0,0,2
전북,고창군,승용차,99,7,56,108,0
전북,고창군,승합차,8,1,9,12,0
전북,고창군,화물차,51,5,18,61,0
전북,고창군,특수차,1,0,0,1,0
전북,고창군,이륜차,7,1,1,7,0
전북,고창군,원동기장치자전거,2,0,1,0,2
전북,고창군,건설기계,3,1,3,1,0
전북,고창군,농기계,2,0,0,2,0
전북,부안군,승용차,162,7,79,210,0
전북,부안군,승합차,16,0,10,21,0
전북,부안군,화물차,71,7,37,81,0
전북,부안군,이륜차,22,4,9,11,2
전북,부안군,사륜오토바이(ATV),2,0,1,1,0
전북,부안군,원동기장치자전거,13,0,9,9,0
전북,부안군,자전거,6,0,3,4,0
전북,부안군,건설기계,5,0,2,25,0
전북,부안군,농기계,1,0,2,0,0
전북,익산시,승용차,945,13,268,1135,9
전북,익산시,승합차,54,2,14,62,0
전북,익산시,화물차,215,10,64,234,1
전북,익산시,특수차,5,1,2,3,0
전북,익산시,이륜차,95,6,31,86,9
전북,익산시,원동기장치자전거,20,0,8,14,1
전북,익산시,자전거,34,0,6,21,7
전북,익산시,개인형이동수단(PM),2,1,1,0,0
전북,익산시,건설기계,14,1,1,15,0
전북,익산시,농기계,2,0,1,1,0
전북,익산시,기타,1,0,0,1,0
전북,익산시,불명,9,0,2,7,3
전남,목포시,승용차,1284,10,248,2038,32
전남,목포시,승합차,78,1,16,108,3
전남,목포시,화물차,214,1,39,311,6
전남,목포시,특수차,4,0,2,3,0
전남,목포시,이륜차,134,1,55,137,7
전남,목포시,사륜오토바이(ATV),1,0,1,0,0
전남,목포시,원동기장치자전거,4,0,1,4,0
전남,목포시,자전거,36,0,16,19,4
전남,목포시,개인형이동수단(PM),3,0,2,0,1
전남,목포시,건설기계,14,0,3,16,0
전남,목포시,기타,1,0,0,1,0
전남,목포시,불명,45,0,4,46,4
전남,여수시,승용차,1064,15,258,1377,36
전남,여수시,승합차,84,1,34,112,5
전남,여수시,화물차,210,1,66,257,3
전남,여수시,특수차,19,0,7,18,2
전남,여수시,이륜차,97,6,34,64,13
전남,여수시,사륜오토바이(ATV),4,3,0,2,0
전남,여수시,원동기장치자전거,16,1,0,17,1
전남,여수시,자전거,13,0,6,6,3
전남,여수시,개인형이동수단(PM),1,0,0,1,0
전남,여수시,건설기계,41,0,2,62,3
전남,여수시,농기계,4,0,1,3,0
전남,여수시,기타,1,0,0,0,1
전남,여수시,불명,13,0,2,11,1
전남,순천시,승용차,1017,15,264,1342,59
전남,순천시,승합차,75,3,37,103,1
전남,순천시,화물차,207,7,59,269,10
전남,순천시,특수차,7,0,4,7,0
전남,순천시,이륜차,86,2,31,63,6
전남,순천시,사륜오토바이(ATV),1,0,0,1,0
전남,순천시,원동기장치자전거,15,0,4,14,3
전남,순천시,자전거,25,0,10,17,1
전남,순천시,개인형이동수단(PM),1,0,0,1,0
전남,순천시,건설기계,15,1,3,20,0
전남,순천시,농기계,1,0,1,1,0
전남,순천시,기타,3,0,0,3,0
전남,순천시,불명,9,0,2,8,0
전남,나주시,승용차,376,4,100,587,19
전남,나주시,승합차,27,1,7,32,0
전남,나주시,화물차,161,9,48,226,5
전남,나주시,특수차,5,0,2,9,0
전남,나주시,이륜차,34,2,14,27,2
전남,나주시,사륜오토바이(ATV),4,1,2,1,0
전남,나주시,원동기장치자전거,11,2,3,8,1
전남,나주시,자전거,12,2,6,5,0
전남,나주시,건설기계,10,3,1,10,0
전남,나주시,농기계,4,1,3,0,0
전남,나주시,불명,2,0,0,1,1
전남,광양시,승용차,525,6,157,628,31
전남,광양시,승합차,27,3,8,37,0
전남,광양시,화물차,91,2,33,111,4
전남,광양시,특수차,20,1,7,29,0
전남,광양시,이륜차,33,2,14,25,2
전남,광양시,사륜오토바이(ATV),1,0,0,1,0
전남,광양시,원동기장치자전거,12,0,7,8,2
전남,광양시,자전거,9,1,5,3,1
전남,광양시,개인형이동수단(PM),1,0,1,0,0
전남,광양시,건설기계,12,1,3,16,1
전남,광양시,농기계,5,1,1,2,2
전남,광양시,불명,3,0,0,2,1
전남,담양군,승용차,196,9,54,310,8
전남,담양군,승합차,15,0,8,32,0
전남,담양군,화물차,66,1,31,87,6
전남,담양군,특수차,1,1,0,0,0
전남,담양군,이륜차,16,0,7,13,1
전남,담양군,사륜오토바이(ATV),2,0,1,1,0
전남,담양군,원동기장치자전거,8,0,5,4,0
전남,담양군,자전거,4,0,1,3,0
전남,담양군,건설기계,6,0,3,7,0
전남,담양군,농기계,6,1,2,5,0
전남,담양군,불명,1,0,0,5,0
전남,곡성군,승용차,79,2,51,100,6
전남,곡성군,승합차,9,1,10,14,1
전남,곡성군,화물차,38,4,18,39,0
전남,곡성군,특수차,3,0,2,2,0
전남,곡성군,이륜차,14,1,5,8,3
전남,곡성군,원동기장치자전거,1,0,0,1,0
전남,곡성군,자전거,3,0,1,1,1
전남,곡성군,건설기계,3,1,0,4,0
전남,곡성군,농기계,3,0,2,2,0
전남,구례군,승용차,63,3,31,70,3
전남,구례군,승합차,6,1,5,11,0
전남,구례군,화물차,35,3,17,45,1
전남,구례군,특수차,1,0,3,0,0
전남,구례군,이륜차,21,0,3,18,4
전남,구례군,사륜오토바이(ATV),1,0,1,0,0
전남,구례군,원동기장치자전거,7,0,0,4,4
전남,구례군,자전거,4,0,0,3,1
전남,구례군,건설기계,1,0,1,0,0
전남,구례군,농기계,2,0,1,1,0
전남,구례군,불명,1,0,0,0,1
전남,고흥군,승용차,143,2,97,175,11
전남,고흥군,승합차,12,0,10,18,0
전남,고흥군,화물차,117,8,75,95,6
전남,고흥군,특수차,4,0,15,36,0
전남,고흥군,이륜차,25,1,12,17,0
전남,고흥군,사륜오토바이(ATV),5,0,1,3,1
전남,고흥군,원동기장치자전거,3,1,0,2,0
전남,고흥군,자전거,5,0,2,3,0
전남,고흥군,건설기계,5,2,4,3,0
전남,고흥군,농기계,7,3,1,3,0
전남,고흥군,기타,2,0,2,2,0
전남,고흥군,불명,1,0,0,1,0
전남,보성군,승용차,140,3,66,160,15
전남,보성군,승합차,14,1,9,16,0
전남,보성군,화물차,70,1,27,88,7
전남,보성군,특수차,2,0,1,1,0
전남,보성군,이륜차,31,7,15,14,4
전남,보성군,사륜오토바이(ATV),7,1,4,2,0
전남,보성군,원동기장치자전거,1,0,0,1,0
전남,보성군,자전거,3,0,2,0,1
전남,보성군,건설기계,4,1,2,2,0
전남,보성군,농기계,4,1,1,1,1
전남,화순군,승용차,188,7,57,255,26
전남,화순군,승합차,17,0,12,16,0
전남,화순군,화물차,63,2,21,72,5
전남,화순군,특수차,3,0,0,3,1
전남,화순군,이륜차,31,2,13,26,6
전남,화순군,원동기장치자전거,1,0,0,3,0
전남,화순군,자전거,7,0,4,1,4
전남,화순군,건설기계,10,0,6,7,2
전남,화순군,농기계,4,0,1,3,1
전남,화순군,기타,1,0,1,0,0
전남,장흥군,승용차,156,4,58,198,3
전남,장흥군,승합차,15,0,7,19,0
전남,장흥군,화물차,67,3,49,63,2
전남,장흥군,이륜차,35,2,16,21,0
전남,장흥군,사륜오토바이(ATV),5,1,2,3,0
전남,장흥군,원동기장치자전거,1,0,0,0,1
전남,장흥군,자전거,9,1,2,5,1
전남,장흥군,개인형이동수단(PM),1,0,1,0,0
전남,장흥군,건설기계,2,0,2,2,0
전남,장흥군,농기계,8,0,4,4,1
전남,장흥군,불명,2,0,1,1,0
전남,강진군,승용차,157,1,67,206,19
전남,강진군,승합차,10,0,3,10,1
전남,강진군,화물차,82,1,39,84,13
전남,강진군,특수차,2,0,2,0,0
전남,강진군,이륜차,38,3,15,24,2
전남,강진군,사륜오토바이(ATV),7,0,4,4,0
전남,강진군,원동기장치자전거,6,0,0,5,2
전남,강진군,자전거,8,0,3,4,2
전남,강진군,건설기계,2,1,1,0,0
전남,강진군,농기계,9,0,6,6,1
전남,해남군,승용차,236,4,86,337,12
전남,해남군,승합차,17,1,8,32,0
전남,해남군,화물차,125,10,40,128,7
전남,해남군,특수차,1,0,1,1,0
전남,해남군,이륜차,25,2,7,19,1
전남,해남군,사륜오토바이(ATV),9,2,4,5,0
전남,해남군,원동기장치자전거,3,0,2,1,0
전남,해남군,자전거,1,0,0,1,0
전남,해남군,건설기계,6,1,2,3,1
전남,해남군,농기계,10,2,5,8,0
전남,해남군,불명,1,0,1,0,0
전남,영암군,승용차,278,4,104,390,13
전남,영암군,승합차,22,0,9,75,0
전남,영암군,화물차,127,5,40,184,3
전남,영암군,특수차,6,0,2,6,0
전남,영암군,이륜차,22,0,13,12,3
전남,영암군,사륜오토바이(ATV),2,0,2,0,0
전남,영암군,원동기장치자전거,9,1,3,7,1
전남,영암군,자전거,7,0,4,4,0
전남,영암군,건설기계,9,0,1,11,0
전남,영암군,농기계,7,1,2,6,0
전남,영암군,기타,1,0,0,1,0
전남,영암군,불명,3,0,0,2,1
전남,무안군,승용차,233,8,49,274,0
전남,무안군,승합차,19,2,8,29,0
전남,무안군,화물차,102,6,44,117,1
전남,무안군,이륜차,23,0,6,29,0
전남,무안군,사륜오토바이(ATV),2,1,1,0,0
전남,무안군,원동기장치자전거,1,0,1,0,0
전남,무안군,자전거,5,0,3,2,0
전남,무안군,건설기계,6,0,0,8,0
전남,무안군,농기계,2,0,0,3,0
전남,무안군,기타,1,0,0,3,0
전남,무안군,불명,1,0,0,1,0
전남,함평군,승용차,87,4,25,108,18
전남,함평군,승합차,8,0,2,9,0
전남,함평군,화물차,52,5,18,46,8
전남,함평군,특수차,1,0,0,3,1
전남,함평군,이륜차,26,0,12,12,10
전남,함평군,사륜오토바이(ATV),1,0,1,0,0
전남,함평군,원동기장치자전거,2,0,0,1,1
전남,함평군,자전거,2,0,0,1,1
전남,함평군,건설기계,7,0,6,4,1
전남,함평군,농기계,4,0,0,4,2
전남,함평군,불명,3,0,1,1,1
전남,영광군,승용차,123,4,43,140,13
전남,영광군,승합차,11,1,6,11,0
전남,영광군,화물차,56,5,32,57,9
전남,영광군,이륜차,22,1,7,10,6
전남,영광군,원동기장치자전거,7,0,0,7,0
전남,영광군,자전거,2,0,1,1,0
전남,영광군,건설기계,2,0,2,0,0
전남,영광군,농기계,2,0,0,1,1
전남,장성군,승용차,162,2,72,226,19
전남,장성군,승합차,10,1,6,22,0
전남,장성군,화물차,69,3,25,67,5
전남,장성군,특수차,2,0,0,2,1
전남,장성군,이륜차,16,1,6,10,2
전남,장성군,사륜오토바이(ATV),1,0,0,2,0
전남,장성군,원동기장치자전거,1,0,1,0,0
전남,장성군,자전거,3,0,1,0,2
전남,장성군,건설기계,2,0,0,3,0
전남,장성군,농기계,1,0,0,1,0
전남,장성군,불명,3,0,0,3,0
전남,완도군,승용차,100,2,36,120,1
전남,완도군,승합차,6,0,4,9,0
전남,완도군,화물차,46,0,27,68,0
전남,완도군,이륜차,13,1,6,7,0
전남,완도군,사륜오토바이(ATV),4,0,3,1,0
전남,완도군,원동기장치자전거,2,0,0,2,0
전남,완도군,자전거,3,0,0,3,0
전남,완도군,개인형이동수단(PM),1,0,1,0,0
전남,완도군,건설기계,3,0,1,2,0
전남,완도군,농기계,6,1,2,4,0
전남,완도군,불명,2,0,0,2,0
전남,진도군,승용차,75,8,35,91,1
전남,진도군,승합차,3,0,0,5,0
전남,진도군,화물차,40,2,27,40,0
전남,진도군,이륜차,12,1,5,6,1
전남,진도군,사륜오토바이(ATV),3,0,0,4,0
전남,진도군,자전거,2,0,0,2,0
전남,진도군,농기계,5,1,5,1,0
전남,신안군,승용차,53,1,24,102,1
전남,신안군,승합차,3,0,2,3,2
전남,신안군,화물차,59,1,31,63,1
전남,신안군,이륜차,9,1,6,9,1
전남,신안군,사륜오토바이(ATV),3,0,2,1,0
전남,신안군,원동기장치자전거,3,0,0,4,0
전남,신안군,자전거,1,0,0,1,0
전남,신안군,건설기계,2,0,0,3,0
전남,신안군,농기계,4,0,2,7,0
전남,신안군,기타,2,0,1,1,0
전남,신안군,불명,2,0,1,1,0
경북,포항시,승용차,1944,19,570,2358,162
경북,포항시,승합차,87,2,31,107,10
경북,포항시,화물차,319,3,82,371,25
경북,포항시,특수차,33,2,16,34,3
경북,포항시,이륜차,228,4,82,191,22
경북,포항시,사륜오토바이(ATV),1,0,0,1,0
경북,포항시,원동기장치자전거,8,0,5,3,0
경북,포항시,자전거,84,0,28,51,9
경북,포항시,개인형이동수단(PM),3,0,1,3,0
경북,포항시,건설기계,33,1,16,43,8
경북,포항시,농기계,5,2,0,4,0
경북,포항시,기타,2,0,0,2,0
경북,포항시,불명,30,0,8,19,4
경북,경주시,승용차,1160,20,545,1208,104
경북,경주시,승합차,73,0,41,76,4
경북,경주시,화물차,265,5,134,255,28
경북,경주시,특수차,15,0,10,23,3
경북,경주시,이륜차,128,4,43,97,24
경북,경주시,사륜오토바이(ATV),2,0,2,0,0
경북,경주시,원동기장치자전거,18,3,7,15,0
경북,경주시,자전거,38,0,14,21,6
경북,경주시,건설기계,15,0,8,16,1
경북,경주시,농기계,16,3,7,10,0
경북,경주시,기타,2,0,2,1,0
경북,경주시,불명,9,0,1,8,0
경북,김천시,승용차,413,6,170,415,11
경북,김천시,승합차,30,1,8,30,0
경북,김천시,화물차,141,7,68,127,1
경북,김천시,특수차,2,0,0,3,0
경북,김천시,이륜차,56,1,20,53,0
경북,김천시,사륜오토바이(ATV),3,1,2,0,0
경북,김천시,원동기장치자전거,2,0,1,1,0
경북,김천시,자전거,11,0,2,8,1
경북,김천시,건설기계,11,0,2,13,0
경북,김천시,농기계,6,1,3,3,0
경북,김천시,기타,1,0,0,1,0
경북,김천시,불명,7,0,2,5,2
경북,안동시,승용차,680,13,253,773,42
경북,안동시,승합차,44,0,20,35,5
경북,안동시,화물차,193,10,78,209,7
경북,안동시,특수차,2,1,2,0,0
경북,안동시,이륜차,73,4,27,43,5
경북,안동시,사륜오토바이(ATV),2,0,2,0,0
경북,안동시,원동기장치자전거,4,0,2,4,0
경북,안동시,자전거,18,1,5,13,0
경북,안동시,건설기계,12,0,6,15,0
경북,안동시,농기계,10,2,3,6,0
경북,안동시,기타,2,0,0,2,0
경북,안동시,불명,5,0,0,2,3
경북,구미시,승용차,1409,16,494,1520,149
경북,구미시,승합차,82,2,34,72,6
경북,구미시,화물차,222,7,84,219,23
경북,구미시,특수차,18,1,8,12,2
경북,구미시,이륜차,197,3,65,115,73
경북,구미시,사륜오토바이(ATV),2,1,1,0,0
경북,구미시,원동기장치자전거,19,0,7,8,9
경북,구미시,자전거,37,0,11,16,11
경북,구미시,개인형이동수단(PM),1,0,0,1,0
경북,구미시,건설기계,11,0,8,11,0
경북,구미시,농기계,1,0,2,0,0
경북,구미시,기타,2,0,1,1,0
경북,구미시,불명,26,0,1,14,11
경북,영주시,승용차,357,3,135,314,45
경북,영주시,승합차,19,3,8,17,0
경북,영주시,화물차,103,3,46,83,10
경북,영주시,특수차,2,0,0,1,1
경북,영주시,이륜차,53,2,17,27,15
경북,영주시,사륜오토바이(ATV),1,0,0,1,0
경북,영주시,원동기장치자전거,2,0,0,1,1
경북,영주시,자전거,12,0,5,2,6
경북,영주시,건설기계,2,0,0,2,0
경북,영주시,농기계,2,0,0,1,1
경북,영주시,불명,2,0,1,1,0
경북,영천시,승용차,470,12,143,669,34
경북,영천시,승합차,31,2,10,43,2
경북,영천시,화물차,207,6,69,275,10
경북,영천시,특수차,8,1,3,5,0
경북,영천시,이륜차,48,1,15,38,2
경북,영천시,원동기장치자전거,4,0,2,3,0
경북,영천시,자전거,6,0,4,1,1
경북,영천시,개인형이동수단(PM),1,0,1,0,0
경북,영천시,건설기계,9,0,3,7,0
경북,영천시,농기계,5,1,2,2,1
경북,영천시,불명,4,0,2,4,0
경북,문경시,승용차,238,5,81,298,10
경북,문경시,승합차,13,0,3,23,0
경북,문경시,화물차,84,2,33,101,3
경북,문경시,특수차,4,0,0,4,0
경북,문경시,이륜차,38,0,17,27,1
경북,문경시,사륜오토바이(ATV),2,1,1,0,0
경북,문경시,원동기장치자전거,4,0,2,2,0
경북,문경시,자전거,15,0,3,11,2
경북,문경시,건설기계,5,0,1,4,0
경북,문경시,농기계,2,0,2,0,0
경북,문경시,불명,1,0,0,2,0
경북,상주시,승용차,335,8,150,343,0
경북,상주시,승합차,29,0,16,39,0
경북,상주시,화물차,144,12,68,143,0
경북,상주시,특수차,2,0,0,2,0
경북,상주시,이륜차,60,1,27,42,0
경북,상주시,사륜오토바이(ATV),6,0,3,5,0
경북,상주시,자전거,33,0,10,23,1
경북,상주시,건설기계,8,2,5,5,0
경북,상주시,농기계,10,3,1,6,0
경북,상주시,불명,3,0,2,2,0
경북,군위군,승용차,72,9,48,84,1
경북,군위군,승합차,6,1,2,5,0
경북,군위군,화물차,40,3,38,35,1
경북,군위군,특수차,3,0,1,2,0
경북,군위군,이륜차,9,5,2,2,0
경북,군위군,건설기계,4,0,1,4,0
경북,군위군,농기계,1,0,1,0,0
경북,의성군,승용차,121,6,69,114,0
경북,의성군,승합차,5,0,2,5,0
경북,의성군,화물차,75,10,62,42,0
경북,의성군,이륜차,20,2,11,8,0
경북,의성군,사륜오토바이(ATV),3,0,2,1,0
경북,의성군,자전거,3,0,3,0,0
경북,의성군,건설기계,8,1,5,4,0
경북,의성군,농기계,3,1,2,0,0
경북,의성군,기타,1,0,1,1,0
경북,의성군,불명,2,0,1,1,0
경북,청송군,승용차,38,4,28,31,1
경북,청송군,승합차,4,0,3,1,0
경북,청송군,화물차,31,2,22,23,0
경북,청송군,이륜차,9,1,6,3,0
경북,청송군,사륜오토바이(ATV),1,0,0,1,0
경북,청송군,자전거,3,0,2,2,0
경북,청송군,건설기계,2,0,1,1,0
경북,청송군,농기계,1,0,1,0,0
경북,영양군,승용차,30,1,14,27,2
경북,영양군,승합차,3,0,4,5,0
경북,영양군,화물차,21,1,10,23,0
경북,영양군,이륜차,7,0,1,4,2
경북,영양군,원동기장치자전거,1,0,1,0,0
경북,영양군,건설기계,1,0,1,0,0
경북,영양군,불명,1,0,0,0,1
경북,영덕군,승용차,120,4,52,128,10
경북,영덕군,승합차,6,0,3,6,0
경북,영덕군,화물차,69,2,29,63,4
경북,영덕군,특수차,5,1,1,6,1
경북,영덕군,이륜차,14,1,4,6,3
경북,영덕군,사륜오토바이(ATV),3,1,1,0,1
경북,영덕군,자전거,9,0,2,7,1
경북,영덕군,건설기계,5,0,2,6,0
경북,영덕군,농기계,2,0,2,3,1
경북,영덕군,불명,1,0,1,1,0
경북,청도군,승용차,121,5,54,144,8
경북,청도군,승합차,4,1,4,7,0
경북,청도군,화물차,46,5,20,42,1
경북,청도군,이륜차,24,0,8,17,2
경북,청도군,사륜오토바이(ATV),1,0,0,1,0
경북,청도군,원동기장치자전거,1,0,0,1,0
경북,청도군,자전거,1,0,0,1,0
경북,청도군,개인형이동수단(PM),1,1,0,0,0
경북,청도군,건설기계,5,0,1,5,0
경북,청도군,농기계,7,1,3,3,0
경북,청도군,불명,1,0,0,0,1
경북,고령군,승용차,75,1,30,97,2
경북,고령군,승합차,8,0,1,10,0
경북,고령군,화물차,37,0,14,43,1
경북,고령군,특수차,2,0,1,1,0
경북,고령군,이륜차,22,3,9,10,1
경북,고령군,원동기장치자전거,4,0,2,2,2
경북,고령군,자전거,4,0,0,4,0
경북,고령군,건설기계,8,0,4,5,0
경북,고령군,불명,3,0,0,2,1
경북,성주군,승용차,139,4,54,169,1
경북,성주군,승합차,11,0,4,14,0
경북,성주군,화물차,90,6,38,76,0
경북,성주군,특수차,5,0,0,6,0
경북,성주군,이륜차,27,1,7,22,0
경북,성주군,원동기장치자전거,1,0,1,1,0
경북,성주군,자전거,5,0,2,3,0
경북,성주군,건설기계,6,0,6,5,0
경북,성주군,농기계,2,0,3,1,0
경북,성주군,불명,3,0,0,3,0
경북,칠곡군,승용차,507,9,189,529,96
경북,칠곡군,승합차,29,0,19,32,4
경북,칠곡군,화물차,145,5,61,152,29
경북,칠곡군,특수차,8,0,3,8,1
경북,칠곡군,이륜차,55,1,25,31,17
경북,칠곡군,원동기장치자전거,3,1,0,1,1
경북,칠곡군,자전거,13,0,4,6,3
경북,칠곡군,건설기계,11,1,5,8,1
경북,칠곡군,농기계,3,0,0,2,1
경북,칠곡군,기타,1,0,0,0,1
경북,칠곡군,불명,6,0,2,4,1
경북,예천군,승용차,104,1,99,75,0
경북,예천군,승합차,11,0,9,10,0
경북,예천군,화물차,59,1,44,39,0
경북,예천군,이륜차,21,4,12,5,0
경북,예천군,원동기장치자전거,1,0,1,0,0
경북,예천군,자전거,2,0,2,0,0
경북,예천군,건설기계,3,0,1,3,0
경북,예천군,농기계,5,0,5,1,0
경북,봉화군,승용차,74,1,24,86,13
경북,봉화군,승합차,4,0,2,10,0
경북,봉화군,화물차,44,4,21,47,7
경북,봉화군,이륜차,13,0,4,4,6
경북,봉화군,사륜오토바이(ATV),2,0,0,2,0
경북,봉화군,원동기장치자전거,1,0,0,1,0
경북,봉화군,자전거,3,0,0,1,2
경북,봉화군,건설기계,1,0,1,1,0
경북,봉화군,농기계,6,0,2,1,3
경북,봉화군,불명,1,0,0,1,0
경북,울진군,승용차,102,3,61,86,2
경북,울진군,승합차,6,0,5,5,0
경북,울진군,화물차,35,2,28,17,0
경북,울진군,특수차,1,0,0,3,0
경북,울진군,이륜차,12,0,4,7,2
경북,울진군,사륜오토바이(ATV),2,0,1,1,0
경북,울진군,자전거,2,0,1,1,0
경북,울진군,건설기계,4,1,2,2,0
경북,울진군,농기계,3,0,1,2,0
경북,울진군,불명,4,0,2,2,0
경북,울릉군,승용차,7,0,3,5,6
경북,울릉군,승합차,1,0,16,16,5
경북,울릉군,화물차,4,0,0,5,0
경북,울릉군,이륜차,5,0,0,4,1
경북,울릉군,사륜오토바이(ATV),1,0,0,0,1
경북,경산시,승용차,800,11,223,844,37
경북,경산시,승합차,56,1,30,39,1
경북,경산시,화물차,156,6,74,163,4
경북,경산시,특수차,9,0,6,14,0
경북,경산시,이륜차,123,2,47,93,5
경북,경산시,사륜오토바이(ATV),2,0,0,1,1
경북,경산시,원동기장치자전거,6,1,1,4,1
경북,경산시,자전거,31,1,10,16,4
경북,경산시,개인형이동수단(PM),1,0,0,1,0
경북,경산시,건설기계,16,0,5,13,0
경북,경산시,농기계,1,0,0,1,0
경북,경산시,기타,1,0,0,0,1
경북,경산시,불명,37,0,0,26,18
경남,진주시,승용차,548,8,325,378,13
경남,진주시,승합차,32,1,25,21,0
경남,진주시,화물차,116,9,74,75,3
경남,진주시,특수차,3,0,4,6,0
경남,진주시,이륜차,73,5,44,42,3
경남,진주시,원동기장치자전거,9,1,3,5,2
경남,진주시,자전거,39,3,15,16,5
경남,진주시,개인형이동수단(PM),1,0,0,0,1
경남,진주시,건설기계,4,1,1,2,0
경남,진주시,기타,1,0,1,0,0
경남,진주시,불명,16,0,4,11,3
경남,통영시,승용차,503,3,183,587,38
경남,통영시,승합차,39,0,14,47,6
경남,통영시,화물차,97,0,42,124,4
경남,통영시,특수차,2,0,1,2,0
경남,통영시,이륜차,60,0,25,31,13
경남,통영시,사륜오토바이(ATV),1,0,0,0,1
경남,통영시,원동기장치자전거,2,0,1,0,1
경남,통영시,자전거,7,0,2,2,3
경남,통영시,건설기계,2,0,1,4,0
경남,통영시,농기계,1,0,0,0,1
경남,통영시,기타,1,0,1,0,0
경남,통영시,불명,1,0,0,1,0
경남,김해시,승용차,1526,19,698,1587,77
경남,김해시,승합차,85,0,42,74,2
경남,김해시,화물차,297,9,136,300,23
경남,김해시,특수차,20,0,9,22,1
경남,김해시,이륜차,242,4,116,187,13
경남,김해시,사륜오토바이(ATV),3,0,1,2,0
경남,김해시,원동기장치자전거,43,0,14,34,3
경남,김해시,자전거,58,0,17,37,5
경남,김해시,개인형이동수단(PM),1,0,1,0,0
경남,김해시,건설기계,17,0,6,12,3
경남,김해시,농기계,2,0,1,1,0
경남,김해시,기타,1,0,0,1,0
경남,김해시,불명,23,0,2,20,3
경남,밀양시,승용차,329,8,160,286,25
경남,밀양시,승합차,18,1,14,13,0
경남,밀양시,화물차,126,12,55,102,2
경남,밀양시,특수차,1,0,0,0,1
경남,밀양시,이륜차,31,1,15,20,1
경남,밀양시,원동기장치자전거,11,0,7,2,3
경남,밀양시,자전거,8,0,4,2,2
경남,밀양시,건설기계,5,0,5,4,0
경남,밀양시,농기계,2,1,0,3,1
경남,밀양시,불명,1,0,0,0,1
경남,거제시,승용차,703,10,328,676,13
경남,거제시,승합차,62,2,50,91,5
경남,거제시,화물차,87,2,48,97,2
경남,거제시,특수차,10,1,5,11,0
경남,거제시,이륜차,106,2,46,70,8
경남,거제시,사륜오토바이(ATV),2,0,1,2,0
경남,거제시,원동기장치자전거,3,0,1,6,0
경남,거제시,자전거,14,0,6,6,3
경남,거제시,건설기계,7,0,2,5,1
경남,거제시,농기계,2,0,1,1,0
경남,거제시,기타,1,0,1,0,0
경남,거제시,불명,14,0,2,9,3
경남,의령군,승용차,76,0,39,65,12
경남,의령군,승합차,4,0,3,2,0
경남,의령군,화물차,36,3,24,32,0
경남,의령군,특수차,3,0,3,0,0
경남,의령군,이륜차,15,1,9,9,2
경남,의령군,사륜오토바이(ATV),3,1,0,2,0
경남,의령군,건설기계,4,0,3,6,0
경남,의령군,농기계,1,0,0,2,0
경남,의령군,불명,1,0,0,1,0
경남,함안군,승용차,171,6,71,184,13
경남,함안군,승합차,9,0,8,21,0
경남,함안군,화물차,89,4,37,88,4
경남,함안군,특수차,1,0,1,0,1
경남,함안군,이륜차,32,6,15,15,1
경남,함안군,사륜오토바이(ATV),3,1,1,1,0
경남,함안군,원동기장치자전거,1,0,0,1,0
경남,함안군,자전거,8,0,4,5,0
경남,함안군,건설기계,4,0,3,9,0
경남,함안군,농기계,3,0,1,2,0
경남,함안군,불명,6,0,6,1,1
경남,창녕군,승용차,170,3,113,152,12
경남,창녕군,승합차,12,0,8,6,1
경남,창녕군,화물차,82,3,57,56,3
경남,창녕군,특수차,3,0,2,4,0
경남,창녕군,이륜차,29,0,17,19,4
경남,창녕군,사륜오토바이(ATV),1,0,1,0,0
경남,창녕군,원동기장치자전거,15,0,7,9,2
경남,창녕군,자전거,11,1,6,5,0
경남,창녕군,개인형이동수단(PM),1,0,0,1,0
경남,창녕군,건설기계,4,0,5,3,0
경남,창녕군,농기계,2,0,0,2,0
경남,창녕군,불명,3,0,3,2,0
경남,양산시,승용차,845,15,344,810,102
경남,양산시,승합차,69,0,31,59,6
경남,양산시,화물차,191,5,79,179,21
경남,양산시,특수차,13,1,6,14,0
경남,양산시,이륜차,86,3,41,41,16
경남,양산시,사륜오토바이(ATV),1,0,1,0,0
경남,양산시,원동기장치자전거,19,1,8,13,2
경남,양산시,자전거,28,0,9,10,10
경남,양산시,개인형이동수단(PM),2,0,0,2,0
경남,양산시,건설기계,11,0,5,11,4
경남,양산시,불명,21,0,6,18,3
경남,고성군,승용차,159,4,79,149,11
경남,고성군,승합차,13,1,7,12,1
경남,고성군,화물차,60,2,37,47,2
경남,고성군,특수차,3,0,3,3,0
경남,고성군,이륜차,18,2,5,12,2
경남,고성군,사륜오토바이(ATV),1,0,0,1,0
경남,고성군,원동기장치자전거,3,0,1,2,0
경남,고성군,자전거,4,0,1,3,0
경남,고성군,건설기계,1,0,1,0,0
경남,고성군,농기계,4,1,2,2,0
경남,사천시,승용차,439,7,207,460,66
경남,사천시,승합차,23,0,9,16,6
경남,사천시,화물차,93,1,46,79,14
경남,사천시,특수차,6,0,4,6,0
경남,사천시,이륜차,52,1,23,38,3
경남,사천시,사륜오토바이(ATV),5,1,0,6,0
경남,사천시,원동기장치자전거,4,0,5,1,0
경남,사천시,자전거,25,0,7,15,3
경남,사천시,개인형이동수단(PM),1,0,0,1,0
경남,사천시,건설기계,11,1,7,7,1
경남,사천시,농기계,4,0,2,4,0
경남,사천시,불명,5,0,1,1,3
경남,남해군,승용차,101,2,66,64,27
경남,남해군,승합차,10,0,6,17,7
경남,남해군,화물차,51,4,50,23,6
경남,남해군,특수차,1,0,0,1,0
경남,남해군,이륜차,10,1,2,6,3
경남,남해군,사륜오토바이(ATV),3,0,1,2,0
경남,남해군,원동기장치자전거,4,0,1,2,1
경남,남해군,자전거,5,1,1,2,1
경남,남해군,건설기계,1,0,0,1,0
경남,남해군,농기계,6,0,3,2,2
경남,하동군,승용차,66,6,47,55,8
경남,하동군,승합차,5,0,5,3,0
경남,하동군,화물차,42,3,30,24,1
경남,하동군,특수차,3,1,1,2,0
경남,하동군,이륜차,13,0,3,8,3
경남,하동군,사륜오토바이(ATV),1,0,0,0,1
경남,하동군,원동기장치자전거,2,0,0,2,0
경남,하동군,자전거,5,0,3,0,2
경남,하동군,건설기계,4,0,2,3,0
경남,하동군,농기계,2,1,0,2,0
경남,산청군,승용차,102,0,79,93,18
경남,산청군,승합차,7,0,5,6,0
경남,산청군,화물차,45,2,32,38,6
경남,산청군,이륜차,8,0,3,2,3
경남,산청군,사륜오토바이(ATV),4,0,0,5,0
경남,산청군,원동기장치자전거,1,0,0,1,0
경남,산청군,건설기계,2,0,1,1,0
경남,산청군,농기계,4,0,2,0,2
경남,함양군,승용차,99,2,61,75,19
경남,함양군,승합차,7,0,1,4,2
경남,함양군,화물차,49,1,36,46,7
경남,함양군,이륜차,23,3,8,7,9
경남,함양군,사륜오토바이(ATV),1,0,0,1,0
경남,함양군,원동기장치자전거,6,0,3,5,1
경남,함양군,자전거,4,0,1,1,2
경남,함양군,건설기계,2,0,1,1,0
경남,함양군,농기계,8,1,3,3,1
경남,함양군,불명,2,0,0,1,1
경남,거창군,승용차,133,5,70,99,6
경남,거창군,승합차,6,1,2,10,0
경남,거창군,화물차,54,4,31,35,3
경남,거창군,특수차,1,0,0,1,0
경남,거창군,이륜차,44,5,12,31,8
경남,거창군,원동기장치자전거,3,0,1,1,1
경남,거창군,자전거,7,0,2,5,0
경남,거창군,건설기계,2,0,1,1,0
경남,합천군,승용차,96,5,64,63,3
경남,합천군,승합차,4,0,5,4,0
경남,합천군,화물차,50,2,34,32,0
경남,합천군,특수차,2,0,2,1,0
경남,합천군,이륜차,14,1,7,8,1
경남,합천군,사륜오토바이(ATV),2,1,0,1,0
경남,합천군,원동기장치자전거,4,0,4,0,0
경남,합천군,자전거,4,0,1,3,0
경남,합천군,건설기계,4,0,3,3,0
경남,합천군,농기계,4,1,2,1,0
경남,창원시(통합),승용차,2242,35,897,2162,103
경남,창원시(통합),승합차,230,3,112,215,23
경남,창원시(통합),화물차,385,11,164,358,14
경남,창원시(통합),특수차,38,1,21,41,0
경남,창원시(통합),이륜차,189,9,79,128,22
경남,창원시(통합),사륜오토바이(ATV),3,0,1,1,4
경남,창원시(통합),원동기장치자전거,23,1,13,12,2
경남,창원시(통합),자전거,54,0,20,29,6
경남,창원시(통합),개인형이동수단(PM),1,0,1,0,0
경남,창원시(통합),건설기계,25,2,11,27,0
경남,창원시(통합),기타,2,0,0,3,0
경남,창원시(통합),불명,53,0,8,37,10
제주,제주시,승용차,2187,22,539,2481,382
제주,제주시,승합차,161,0,58,151,35
제주,제주시,화물차,401,14,124,445,67
제주,제주시,특수차,12,0,4,11,4
제주,제주시,이륜차,247,2,61,191,66
제주,제주시,사륜오토바이(ATV),6,1,3,3,0
제주,제주시,원동기장치자전거,15,0,4,9,4
제주,제주시,자전거,45,0,10,24,12
제주,제주시,개인형이동수단(PM),4,0,1,2,1
제주,제주시,건설기계,12,0,2,19,1
제주,제주시,농기계,9,1,1,5,2
제주,제주시,기타,3,0,2,1,0
제주,제주시,불명,37,0,6,28,7
제주,서귀포시,승용차,799,13,324,866,129
제주,서귀포시,승합차,65,0,30,101,7
제주,서귀포시,화물차,224,5,110,234,29
제주,서귀포시,특수차,4,0,1,3,1
제주,서귀포시,이륜차,119,8,41,67,39
제주,서귀포시,사륜오토바이(ATV),6,0,2,4,1
제주,서귀포시,원동기장치자전거,9,0,2,5,4
제주,서귀포시,자전거,20,0,4,10,6
제주,서귀포시,건설기계,10,0,4,5,2
제주,서귀포시,농기계,5,0,0,8,1
제주,서귀포시,불명,12,0,1,2,9
대구,중구,승용차,613,4,157,661,159
대구,중구,승합차,36,3,15,35,12
대구,중구,화물차,57,1,17,52,8
대구,중구,특수차,1,0,1,0,0
대구,중구,이륜차,94,2,22,67,46
대구,중구,원동기장치자전거,4,0,0,5,0
대구,중구,자전거,27,1,8,13,5
대구,중구,건설기계,3,0,0,3,0
대구,중구,불명,34,0,3,22,14
대구,동구,승용차,1361,10,401,1661,119
대구,동구,승합차,82,1,36,83,8
대구,동구,화물차,187,5,55,189,13
대구,동구,특수차,7,0,2,6,1
대구,동구,이륜차,155,1,39,118,51
대구,동구,원동기장치자전거,21,0,7,17,8
대구,동구,자전거,54,1,12,28,16
대구,동구,개인형이동수단(PM),1,0,0,0,1
대구,동구,건설기계,18,1,7,21,1
대구,동구,기타,1,0,0,1,0
대구,동구,불명,67,0,6,41,27
대구,서구,승용차,796,5,259,921,83
대구,서구,승합차,65,0,23,73,5
대구,서구,화물차,156,2,53,142,15
대구,서구,특수차,2,0,0,5,0
대구,서구,이륜차,176,0,55,139,48
대구,서구,원동기장치자전거,7,0,2,4,1
대구,서구,자전거,61,0,20,22,21
대구,서구,개인형이동수단(PM),2,0,2,0,0
대구,서구,건설기계,15,1,4,21,2
대구,서구,기타,2,0,0,0,2
대구,서구,불명,35,0,0,17,19
대구,남구,승용차,658,4,200,738,53
대구,남구,승합차,34,0,9,27,6
대구,남구,화물차,59,0,17,70,6
대구,남구,이륜차,87,0,24,76,23
대구,남구,원동기장치자전거,15,0,5,9,2
대구,남구,자전거,19,0,4,7,9
대구,남구,개인형이동수단(PM),1,0,1,0,0
대구,남구,건설기계,2,0,0,4,0
대구,남구,기타,5,0,1,3,1
대구,남구,불명,22,0,1,15,7
대구,북구,승용차,1563,10,462,1775,145
대구,북구,승합차,89,1,48,82,9
대구,북구,화물차,282,8,117,272,19
대구,북구,특수차,3,0,2,2,0
대구,북구,이륜차,235,1,70,190,63
대구,북구,사륜오토바이(ATV),2,0,1,0,1
대구,북구,원동기장치자전거,46,0,15,37,8
대구,북구,자전거,108,1,26,49,37
대구,북구,개인형이동수단(PM),2,0,2,0,1
대구,북구,건설기계,28,1,17,30,2
대구,북구,기타,4,0,0,2,2
대구,북구,불명,51,0,12,31,15
대구,수성구,승용차,1828,4,505,2146,159
대구,수성구,승합차,100,0,26,128,14
대구,수성구,화물차,165,4,54,174,12
대구,수성구,특수차,7,0,1,9,1
대구,수성구,이륜차,218,1,53,178,70
대구,수성구,원동기장치자전거,7,0,2,8,0
대구,수성구,자전거,47,0,5,20,25
대구,수성구,개인형이동수단(PM),3,0,1,3,0
대구,수성구,건설기계,15,0,6,11,2
대구,수성구,기타,2,0,0,3,0
대구,수성구,불명,44,0,7,24,16
대구,달서구,승용차,2599,9,664,3067,245
대구,달서구,승합차,129,0,46,100,19
대구,달서구,화물차,324,3,80,353,29
대구,달서구,특수차,8,0,5,5,0
대구,달서구,이륜차,375,3,85,328,84
대구,달서구,사륜오토바이(ATV),1,0,0,0,1
대구,달서구,원동기장치자전거,26,0,10,14,6
대구,달서구,자전거,100,2,23,47,35
대구,달서구,개인형이동수단(PM),14,0,3,6,5
대구,달서구,건설기계,26,0,10,27,2
대구,달서구,불명,77,0,9,45,28
대구,달성군,승용차,615,11,232,632,54
대구,달성군,승합차,45,0,14,47,10
대구,달성군,화물차,156,6,67,188,6
대구,달성군,특수차,5,1,3,3,1
대구,달성군,이륜차,77,4,17,58,22
대구,달성군,원동기장치자전거,13,0,6,11,3
대구,달성군,자전거,17,0,7,7,4
대구,달성군,개인형이동수단(PM),2,0,0,1,1
대구,달성군,건설기계,14,0,4,13,1
대구,달성군,기타,2,0,1,0,1
대구,달성군,불명,20,0,4,12,4
인천,중구,승용차,422,5,132,554,27
인천,중구,승합차,47,0,33,70,0
인천,중구,화물차,95,1,36,107,6
인천,중구,특수차,11,0,4,9,0
인천,중구,이륜차,17,0,6,20,2
인천,중구,사륜오토바이(ATV),1,0,1,1,0
인천,중구,원동기장치자전거,5,0,0,5,1
인천,중구,자전거,7,0,2,9,3
인천,중구,개인형이동수단(PM),1,0,0,1,0
인천,중구,건설기계,14,0,2,13,1
인천,중구,불명,11,0,4,4,9
인천,동구,승용차,95,0,28,115,2
인천,동구,승합차,16,1,7,11,1
인천,동구,화물차,27,1,5,24,2
인천,동구,특수차,2,0,0,2,0
인천,동구,이륜차,3,0,0,3,1
인천,동구,사륜오토바이(ATV),1,0,1,0,0
인천,동구,원동기장치자전거,3,1,0,3,0
인천,동구,자전거,1,0,0,1,0
인천,동구,건설기계,5,0,2,6,0
인천,동구,불명,1,0,1,0,0
인천,미추홀구,승용차,837,10,210,856,77
인천,미추홀구,승합차,86,1,23,72,9
인천,미추홀구,화물차,125,3,41,125,10
인천,미추홀구,특수차,6,1,2,2,1
인천,미추홀구,이륜차,81,1,29,71,15
인천,미추홀구,원동기장치자전거,1,0,0,1,0
인천,미추홀구,자전거,16,0,2,10,5
인천,미추홀구,개인형이동수단(PM),3,0,1,1,1
인천,미추홀구,건설기계,13,1,2,11,0
인천,미추홀구,불명,61,0,3,18,43
인천,부평구,승용차,865,5,211,973,25
인천,부평구,승합차,113,1,32,104,4
인천,부평구,화물차,141,5,37,130,7
인천,부평구,특수차,6,0,0,9,0
인천,부평구,이륜차,83,1,33,68,4
인천,부평구,사륜오토바이(ATV),2,0,1,1,0
인천,부평구,원동기장치자전거,3,0,0,3,0
인천,부평구,자전거,21,2,6,13,1
인천,부평구,개인형이동수단(PM),1,0,0,1,0
인천,부평구,건설기계,10,2,4,7,0
인천,부평구,기타,2,0,0,2,0
인천,부평구,불명,31,0,2,25,6
인천,남동구,승용차,1348,10,336,1560,64
인천,남동구,승합차,144,3,43,144,10
인천,남동구,화물차,207,5,66,215,9
인천,남동구,특수차,9,0,1,16,2
인천,남동구,이륜차,114,5,38,105,11
인천,남동구,사륜오토바이(ATV),2,0,0,3,0
인천,남동구,원동기장치자전거,5,0,3,3,0
인천,남동구,자전거,20,0,4,12,4
인천,남동구,개인형이동수단(PM),7,0,8,1,0
인천,남동구,건설기계,11,0,3,11,0
인천,남동구,농기계,1,0,0,1,0
인천,남동구,기타,2,0,1,1,0
인천,남동구,불명,67,0,7,46,19
인천,서구,승용차,1116,7,300,1292,34
인천,서구,승합차,122,2,41,118,0
인천,서구,화물차,221,9,70,245,7
인천,서구,특수차,11,0,6,10,1
인천,서구,이륜차,107,2,45,94,7
인천,서구,원동기장치자전거,5,0,1,5,0
인천,서구,자전거,30,0,11,17,4
인천,서구,개인형이동수단(PM),5,0,4,1,0
인천,서구,건설기계,43,0,11,50,1
인천,서구,기타,3,0,0,3,0
인천,서구,불명,25,0,4,19,5
인천,연수구,승용차,514,5,137,583,15
인천,연수구,승합차,44,3,17,50,3
인천,연수구,화물차,45,0,12,45,2
인천,연수구,특수차,4,0,1,7,0
인천,연수구,이륜차,35,2,11,33,4
인천,연수구,원동기장치자전거,4,0,2,2,0
인천,연수구,자전거,5,0,2,2,1
인천,연수구,개인형이동수단(PM),1,0,1,1,0
인천,연수구,건설기계,10,0,3,13,0
인천,연수구,불명,8,0,1,2,5
인천,계양구,승용차,565,6,144,626,23
인천,계양구,승합차,80,0,21,90,3
인천,계양구,화물차,104,2,34,91,5
인천,계양구,특수차,8,0,3,12,0
인천,계양구,이륜차,62,2,21,45,2
인천,계양구,사륜오토바이(ATV),1,0,0,0,1
인천,계양구,원동기장치자전거,2,0,0,2,0
인천,계양구,자전거,29,0,13,15,6
인천,계양구,개인형이동수단(PM),1,0,0,1,0
인천,계양구,건설기계,14,0,4,14,0
인천,계양구,불명,13,0,0,9,5
인천,강화군,승용차,121,3,45,123,1
인천,강화군,승합차,16,0,9,11,0
인천,강화군,화물차,49,6,22,53,0
인천,강화군,이륜차,6,1,1,4,0
인천,강화군,원동기장치자전거,3,0,1,2,1
인천,강화군,건설기계,2,0,1,1,0
인천,강화군,농기계,1,0,1,0,0
인천,강화군,불명,2,0,1,1,0
인천,옹진군,승용차,14,1,4,23,2
인천,옹진군,승합차,1,0,1,0,0
인천,옹진군,화물차,10,2,10,5,2
인천,옹진군,이륜차,3,0,2,0,1
인천,옹진군,사륜오토바이(ATV),2,0,1,1,1
인천,옹진군,원동기장치자전거,1,0,1,0,0
인천,옹진군,자전거,1,0,1,0,0
광주,동구,승용차,442,3,88,591,17
광주,동구,승합차,29,0,13,23,0
광주,동구,화물차,45,2,11,65,1
광주,동구,특수차,1,0,1,4,0
광주,동구,이륜차,45,1,13,42,8
광주,동구,원동기장치자전거,5,0,1,8,0
광주,동구,자전거,19,0,7,9,4
광주,동구,개인형이동수단(PM),1,0,0,1,0
광주,동구,건설기계,8,0,1,12,0
광주,동구,기타,1,0,1,0,0
광주,동구,불명,8,0,1,10,1
광주,서구,승용차,1643,5,217,2493,103
광주,서구,승합차,96,1,16,112,3
광주,서구,화물차,176,0,27,219,5
광주,서구,특수차,3,0,0,4,0
광주,서구,이륜차,93,0,31,84,11
광주,서구,사륜오토바이(ATV),2,0,0,2,0
광주,서구,원동기장치자전거,16,0,3,15,1
광주,서구,자전거,21,1,7,10,4
광주,서구,개인형이동수단(PM),7,0,4,4,1
광주,서구,건설기계,10,0,0,18,0
광주,서구,불명,39,0,1,39,7
광주,북구,승용차,1738,8,321,2439,88
광주,북구,승합차,118,3,23,139,16
광주,북구,화물차,234,2,43,292,11
광주,북구,특수차,7,0,2,5,0
광주,북구,이륜차,161,1,34,179,11
광주,북구,사륜오토바이(ATV),5,0,0,4,2
광주,북구,원동기장치자전거,18,0,5,22,0
광주,북구,자전거,45,1,15,26,4
광주,북구,개인형이동수단(PM),3,0,0,4,0
광주,북구,건설기계,10,0,2,15,1
광주,북구,불명,91,0,3,65,30
광주,광산구,승용차,1512,10,265,2210,107
광주,광산구,승합차,81,2,17,107,4
광주,광산구,화물차,256,1,47,380,18
광주,광산구,특수차,11,0,4,11,0
광주,광산구,이륜차,126,2,36,128,17
광주,광산구,사륜오토바이(ATV),1,0,1,0,0
광주,광산구,원동기장치자전거,25,0,5,23,4
광주,광산구,자전거,40,0,7,27,10
광주,광산구,개인형이동수단(PM),5,0,2,3,0
광주,광산구,건설기계,19,0,3,30,0
광주,광산구,농기계,1,0,1,1,0
광주,광산구,불명,52,0,4,53,6
광주,남구,승용차,666,4,117,897,29
광주,남구,승합차,50,1,8,52,1
광주,남구,화물차,96,1,18,125,5
광주,남구,이륜차,38,0,17,42,1
광주,남구,원동기장치자전거,6,0,1,7,1
광주,남구,자전거,10,0,2,4,4
광주,남구,개인형이동수단(PM),2,0,0,2,0
광주,남구,건설기계,4,0,0,5,0
광주,남구,기타,1,0,0,1,0
광주,남구,불명,27,0,0,26,5
대전,동구,승용차,977,9,212,1281,35
대전,동구,승합차,106,0,27,107,1
대전,동구,화물차,158,1,34,198,5
대전,동구,특수차,4,0,2,7,0
대전,동구,이륜차,102,2,29,120,3
대전,동구,사륜오토바이(ATV),2,0,0,3,0
대전,동구,원동기장치자전거,14,0,3,16,0
대전,동구,자전거,48,2,18,30,4
대전,동구,개인형이동수단(PM),2,0,1,1,0
대전,동구,건설기계,4,0,2,7,0
대전,동구,기타,1,0,1,0,0
대전,동구,불명,12,0,3,12,0
대전,중구,승용차,958,5,250,1194,35
대전,중구,승합차,97,1,37,102,11
대전,중구,화물차,139,3,39,154,4
대전,중구,특수차,1,0,0,2,0
대전,중구,이륜차,57,0,22,42,8
대전,중구,사륜오토바이(ATV),1,0,1,0,0
대전,중구,원동기장치자전거,24,0,10,17,6
대전,중구,자전거,40,2,11,15,22
대전,중구,개인형이동수단(PM),8,0,0,6,2
대전,중구,건설기계,8,1,2,13,0
대전,중구,불명,15,0,5,9,3
대전,서구,승용차,2045,15,428,2640,138
대전,서구,승합차,147,0,44,162,6
대전,서구,화물차,180,2,45,222,12
대전,서구,특수차,7,0,0,12,2
대전,서구,이륜차,156,5,53,135,20
대전,서구,사륜오토바이(ATV),1,1,0,0,0
대전,서구,원동기장치자전거,5,0,1,7,0
대전,서구,자전거,32,0,14,16,4
대전,서구,개인형이동수단(PM),14,0,4,11,3
대전,서구,건설기계,16,0,5,15,0
대전,서구,기타,1,0,0,1,0
대전,서구,불명,73,0,5,88,3
대전,유성구,승용차,1525,7,326,1983,153
대전,유성구,승합차,101,0,38,112,12
대전,유성구,화물차,210,5,50,236,23
대전,유성구,특수차,7,0,4,7,0
대전,유성구,이륜차,85,1,22,72,7
대전,유성구,원동기장치자전거,10,0,2,5,3
대전,유성구,자전거,38,0,11,20,9
대전,유성구,개인형이동수단(PM),9,1,3,3,3
대전,유성구,건설기계,20,0,3,27,0
대전,유성구,기타,1,0,1,0,0
대전,유성구,불명,21,0,4,20,2
대전,대덕구,승용차,583,7,131,679,34
대전,대덕구,승합차,58,0,19,56,0
대전,대덕구,화물차,138,5,38,148,5
대전,대덕구,특수차,12,0,2,15,0
대전,대덕구,이륜차,34,2,14,28,1
대전,대덕구,자전거,4,0,0,4,0
대전,대덕구,개인형이동수단(PM),1,0,1,0,0
대전,대덕구,건설기계,12,0,3,14,0
대전,대덕구,기타,1,0,0,2,0
대전,대덕구,불명,12,0,3,7,4
울산,중구,승용차,483,2,173,494,46
울산,중구,승합차,48,2,16,71,9
울산,중구,화물차,76,0,30,75,3
울산,중구,이륜차,78,0,25,50,29
울산,중구,원동기장치자전거,5,0,3,4,0
울산,중구,자전거,29,0,4,14,12
울산,중구,개인형이동수단(PM),3,0,0,2,1
울산,중구,건설기계,3,1,0,2,0
울산,중구,불명,12,0,1,10,2
울산,남구,승용차,967,2,366,975,75
울산,남구,승합차,75,1,22,62,10
울산,남구,화물차,138,0,45,127,12
울산,남구,특수차,9,0,1,9,0
울산,남구,이륜차,128,6,42,81,25
울산,남구,원동기장치자전거,4,0,0,3,1
울산,남구,자전거,26,0,8,16,4
울산,남구,개인형이동수단(PM),2,0,0,1,1
울산,남구,건설기계,12,0,4,12,0
울산,남구,기타,1,0,1,0,0
울산,남구,불명,21,0,2,13,7
울산,동구,승용차,366,1,136,348,10
울산,동구,승합차,35,0,10,30,0
울산,동구,화물차,37,0,5,48,0
울산,동구,특수차,3,0,1,2,0
울산,동구,이륜차,158,0,55,132,7
울산,동구,원동기장치자전거,3,0,0,3,0
울산,동구,자전거,14,0,2,16,0
울산,동구,개인형이동수단(PM),1,0,1,0,0
울산,동구,불명,11,0,1,9,1
울산,북구,승용차,444,7,185,465,61
울산,북구,승합차,28,0,12,68,5
울산,북구,화물차,95,2,38,112,6
울산,북구,특수차,3,0,0,4,0
울산,북구,이륜차,82,4,33,57,16
울산,북구,원동기장치자전거,8,0,3,7,1
울산,북구,자전거,15,0,6,6,3
울산,북구,개인형이동수단(PM),3,0,0,1,2
울산,북구,건설기계,3,0,2,5,0
울산,북구,기타,1,0,1,0,0
울산,북구,불명,11,0,2,6,3
울산,울주군,승용차,599,14,225,617,82
울산,울주군,승합차,48,0,16,45,7
울산,울주군,화물차,160,5,67,159,15
울산,울주군,특수차,14,1,5,10,2
울산,울주군,이륜차,50,4,14,32,12
울산,울주군,사륜오토바이(ATV),4,0,3,2,0
울산,울주군,원동기장치자전거,2,0,1,2,0
울산,울주군,자전거,7,0,2,7,0
울산,울주군,건설기계,9,1,12,19,5
울산,울주군,농기계,4,2,2,0,1
울산,울주군,기타,1,0,0,1,0
울산,울주군,불명,8,0,3,5,0
세종,세종시,승용차,615,6,241,632,12
세종,세종시,승합차,44,1,19,41,1
세종,세종시,화물차,109,1,52,122,2
세종,세종시,특수차,6,1,0,8,0
세종,세종시,이륜차,74,5,37,40,7
세종,세종시,사륜오토바이(ATV),1,0,1,0,0
세종,세종시,원동기장치자전거,5,0,2,3,0
세종,세종시,자전거,28,1,12,16,1
세종,세종시,개인형이동수단(PM),1,0,1,0,0
세종,세종시,건설기계,20,0,13,18,0
세종,세종시,농기계,1,0,0,2,0
세종,세종시,기타,2,0,1,1,0
세종,세종시,불명,16,0,3,10,3
