시도,시군구,가해자연령층,사고건수,사망자수,중상자수,경상자수,부상신고자수
서울,종로구,20세이하,20,0,11,13,8
서울,종로구,21-30세,135,2,37,127,23
서울,종로구,31-40세,165,0,43,162,36
서울,종로구,41-50세,199,2,57,183,24
서울,종로구,51-60세,287,0,69,293,37
서울,종로구,61-64세,99,2,23,89,6
서울,종로구,65세이상,190,0,65,188,23
서울,종로구,불명,38,0,7,20,15
서울,중구,20세이하,9,0,5,2,2
서울,중구,21-30세,149,0,58,139,23
서울,중구,31-40세,186,0,51,164,25
서울,중구,41-50세,191,2,61,176,42
서울,중구,51-60세,296,2,87,279,30
서울,중구,61-64세,109,0,34,102,18
서울,중구,65세이상,213,1,63,199,22
서울,중구,불명,31,0,6,22,5
서울,용산구,20세이하,29,0,10,21,2
서울,용산구,21-30세,166,2,56,204,5
서울,용산구,31-40세,205,0,54,193,7
서울,용산구,41-50세,179,0,43,202,14
서울,용산구,51-60세,271,2,67,272,14
서울,용산구,61-64세,106,0,38,110,2
서울,용산구,65세이상,184,6,42,193,14
서울,용산구,불명,47,0,6,33,12
서울,성동구,20세이하,38,0,16,19,8
서울,성동구,21-30세,150,1,34,142,16
서울,성동구,31-40세,173,2,55,164,14
서울,성동구,41-50세,191,1,64,156,16
서울,성동구,51-60세,245,3,58,285,19
서울,성동구,61-64세,101,4,20,105,1
서울,성동구,65세이상,156,2,46,156,4
서울,성동구,불명,37,0,1,36,4
서울,동대문구,20세이하,60,1,15,49,12
서울,동대문구,21-30세,155,1,55,140,21
서울,동대문구,31-40세,234,3,83,191,20
서울,동대문구,41-50세,267,1,94,222,23
서울,동대문구,51-60세,390,5,121,342,25
서울,동대문구,61-64세,148,1,42,132,12
서울,동대문구,65세이상,288,3,92,246,26
서울,동대문구,불명,23,0,5,18,2
서울,성북구,20세이하,39,0,13,35,8
서울,성북구,21-30세,201,1,68,187,23
서울,성북구,31-40세,252,1,76,245,22
서울,성북구,41-50세,276,1,85,251,16
서울,성북구,51-60세,350,2,99,344,21
서울,성북구,61-64세,164,1,52,162,10
서울,성북구,65세이상,216,2,51,214,14
서울,성북구,불명,11,0,3,6,2
서울,도봉구,20세이하,54,1,17,33,18
서울,도봉구,21-30세,112,1,35,88,25
서울,도봉구,31-40세,128,1,34,105,14
서울,도봉구,41-50세,140,1,51,124,21
서울,도봉구,51-60세,222,0,83,202,29
서울,도봉구,61-64세,63,0,25,72,6
서울,도봉구,65세이상,118,0,38,112,15
서울,도봉구,불명,15,0,3,6,7
서울,은평구,20세이하,40,0,16,27,10
서울,은평구,21-30세,109,0,37,87,16
서울,은평구,31-40세,130,0,40,119,21
서울,은평구,41-50세,225,2,79,187,26
서울,은평구,51-60세,275,3,95,243,28
서울,은평구,61-64세,85,0,26,85,6
서울,은평구,65세이상,230,2,74,180,36
서울,은평구,불명,25,0,2,18,6
서울,서대문구,20세이하,44,0,13,38,32
서울,서대문구,21-30세,147,2,28,138,36
서울,서대문구,31-40세,152,1,45,163,38
서울,서대문구,41-50세,207,0,69,245,39
서울,서대문구,51-60세,261,4,79,229,60
서울,서대문구,61-64세,89,2,30,68,9
서울,서대문구,65세이상,187,5,45,132,47
서울,서대문구,불명,26,0,2,15,9
서울,마포구,20세이하,57,0,13,53,9
서울,마포구,21-30세,234,1,55,246,27
서울,마포구,31-40세,225,2,65,240,41
서울,마포구,41-50세,217,1,68,210,31
서울,마포구,51-60세,355,0,104,375,24
서울,마포구,61-64세,147,2,44,153,23
서울,마포구,65세이상,198,1,56,197,26
서울,마포구,불명,61,0,5,47,11
서울,강서구,20세이하,70,0,15,61,13
서울,강서구,21-30세,231,2,50,261,28
서울,강서구,31-40세,268,1,73,272,28
서울,강서구,41-50세,330,6,88,335,29
서울,강서구,51-60세,461,6,111,469,32
서울,강서구,61-64세,176,2,55,184,22
서울,강서구,65세이상,244,3,74,212,30
서울,강서구,불명,49,0,4,40,5
서울,구로구,20세이하,48,0,17,37,7
서울,구로구,21-30세,184,0,51,193,14
서울,구로구,31-40세,242,1,66,254,16
서울,구로구,41-50세,276,3,85,297,17
서울,구로구,51-60세,397,5,112,371,38
서울,구로구,61-64세,136,1,45,132,18
서울,구로구,65세이상,217,3,59,220,16
서울,구로구,불명,29,0,3,24,4
서울,영등포구,20세이하,91,0,20,84,24
서울,영등포구,21-30세,311,2,81,328,52
서울,영등포구,31-40세,392,3,99,433,53
서울,영등포구,41-50세,420,1,107,439,44
서울,영등포구,51-60세,573,3,138,585,65
서울,영등포구,61-64세,251,1,54,293,23
서울,영등포구,65세이상,350,1,98,331,46
서울,영등포구,불명,51,0,9,39,6
서울,동작구,20세이하,75,0,16,53,29
서울,동작구,21-30세,180,1,49,174,47
서울,동작구,31-40세,212,0,68,204,38
서울,동작구,41-50세,239,1,69,254,30
서울,동작구,51-60세,336,2,96,343,51
서울,동작구,61-64세,123,0,39,120,17
서울,동작구,65세이상,214,1,62,200,32
서울,동작구,불명,27,0,3,18,9
서울,관악구,20세이하,46,0,15,43,5
서울,관악구,21-30세,221,2,66,214,18
서울,관악구,31-40세,198,0,62,185,21
서울,관악구,41-50세,230,2,70,197,16
서울,관악구,51-60세,326,4,76,307,23
서울,관악구,61-64세,121,1,24,132,8
서울,관악구,65세이상,208,1,62,177,20
서울,관악구,불명,13,0,1,9,4
서울,강남구,20세이하,62,1,10,54,17
서울,강남구,21-30세,561,3,123,650,79
서울,강남구,31-40세,783,1,182,844,87
서울,강남구,41-50세,715,3,148,778,85
서울,강남구,51-60세,761,4,161,786,91
서울,강남구,61-64세,288,0,66,276,34
서울,강남구,65세이상,457,2,99,459,55
서울,강남구,불명,95,0,5,77,16
서울,강동구,20세이하,46,0,13,30,11
서울,강동구,21-30세,151,1,42,153,10
서울,강동구,31-40세,222,1,76,217,21
서울,강동구,41-50세,258,4,78,231,31
서울,강동구,51-60세,343,3,115,308,54
서울,강동구,61-64세,143,0,43,136,17
서울,강동구,65세이상,201,2,57,182,33
서울,강동구,불명,50,0,6,33,13
서울,송파구,20세이하,107,1,19,85,31
서울,송파구,21-30세,334,1,92,315,53
서울,송파구,31-40세,486,4,116,495,61
서울,송파구,41-50세,538,3,155,534,81
서울,송파구,51-60세,681,1,161,720,88
서울,송파구,61-64세,251,0,63,257,29
서울,송파구,65세이상,428,3,115,370,92
서울,송파구,불명,67,0,15,47,9
서울,서초구,20세이하,54,1,9,46,14
서울,서초구,21-30세,327,2,82,354,29
서울,서초구,31-40세,399,1,92,441,108
서울,서초구,41-50세,441,1,108,480,46
서울,서초구,51-60세,559,4,130,635,55
서울,서초구,61-64세,225,3,51,250,21
서울,서초구,65세이상,368,2,95,400,33
서울,서초구,불명,45,0,4,25,22
서울,양천구,20세이하,61,2,14,50,19
서울,양천구,21-30세,152,1,35,163,24
서울,양천구,31-40세,235,0,64,233,31
서울,양천구,41-50세,275,2,68,292,34
서울,양천구,51-60세,368,2,80,364,54
서울,양천구,61-64세,143,3,25,146,18
서울,양천구,65세이상,234,1,52,255,25
서울,양천구,불명,38,0,4,24,11
서울,중랑구,20세이하,57,1,13,53,25
서울,중랑구,21-30세,199,1,53,166,35
서울,중랑구,31-40세,223,2,59,202,30
서울,중랑구,41-50세,295,1,92,268,31
서울,중랑구,51-60세,394,1,124,344,41
서울,중랑구,61-64세,155,2,45,141,18
서울,중랑구,65세이상,234,4,65,217,28
서울,중랑구,불명,63,0,11,47,14
서울,노원구,20세이하,88,1,29,55,27
서울,노원구,21-30세,194,0,68,202,13
서울,노원구,31-40세,226,0,53,238,23
서울,노원구,41-50세,333,1,103,312,25
서울,노원구,51-60세,389,5,102,381,38
서울,노원구,61-64세,138,0,47,160,5
서울,노원구,65세이상,287,1,75,268,30
서울,노원구,불명,48,0,7,36,5
서울,광진구,20세이하,44,0,14,43,7
서울,광진구,21-30세,146,0,42,149,9
서울,광진구,31-40세,160,1,54,148,13
서울,광진구,41-50세,159,2,43,143,11
서울,광진구,51-60세,202,0,68,205,11
서울,광진구,61-64세,99,0,27,110,9
서울,광진구,65세이상,146,0,40,144,8
서울,광진구,불명,17,0,5,13,0
서울,강북구,20세이하,51,1,11,50,6
서울,강북구,21-30세,179,2,37,224,10
서울,강북구,31-40세,187,1,40,197,12
서울,강북구,41-50세,230,0,57,221,15
서울,강북구,51-60세,300,2,79,303,16
서울,강북구,61-64세,119,0,30,118,5
서울,강북구,65세이상,193,1,59,190,8
서울,강북구,불명,18,0,1,14,3
서울,금천구,20세이하,27,1,15,18,5
서울,금천구,21-30세,125,0,40,132,11
서울,금천구,31-40세,133,0,33,157,11
서울,금천구,41-50세,173,4,51,189,27
서울,금천구,51-60세,229,2,69,264,16
서울,금천구,61-64세,82,0,21,90,4
서울,금천구,65세이상,125,2,47,119,6
서울,금천구,불명,26,0,4,17,7
부산,중구,20세이하,10,0,4,6,1
부산,중구,21-30세,33,0,9,26,2
부산,중구,31-40세,30,0,12,30,3
부산,중구,41-50세,39,1,10,36,1
부산,중구,51-60세,83,0,23,67,15
부산,중구,61-64세,28,0,6,34,3
부산,중구,65세이상,65,0,26,55,6
부산,중구,불명,7,0,2,5,2
부산,서구,20세이하,19,1,5,13,8
부산,서구,21-30세,57,1,19,57,8
부산,서구,31-40세,64,0,22,65,9
부산,서구,41-50세,88,0,41,77,6
부산,서구,51-60세,116,0,38,105,17
부산,서구,61-64세,48,0,26,44,1
부산,서구,65세이상,72,0,28,74,10
부산,서구,불명,10,0,0,8,3
부산,동구,20세이하,13,0,4,9,5
부산,동구,21-30세,84,0,30,84,12
부산,동구,31-40세,70,0,24,77,6
부산,동구,41-50세,107,0,34,96,9
부산,동구,51-60세,135,2,47,142,19
부산,동구,61-64세,64,0,22,57,8
부산,동구,65세이상,89,1,33,90,6
부산,동구,불명,12,0,2,6,4
부산,영도구,20세이하,9,0,4,5,4
부산,영도구,21-30세,39,0,16,40,8
부산,영도구,31-40세,40,0,12,39,5
부산,영도구,41-50세,69,0,22,56,9
부산,영도구,51-60세,93,3,39,68,3
부산,영도구,61-64세,39,0,13,38,4
부산,영도구,65세이상,52,0,19,50,3
부산,영도구,불명,7,0,0,5,2
부산,부산진구,20세이하,63,0,17,48,16
부산,부산진구,21-30세,300,1,111,244,39
부산,부산진구,31-40세,271,3,94,248,27
부산,부산진구,41-50세,276,2,97,256,19
부산,부산진구,51-60세,353,1,131,325,41
부산,부산진구,61-64세,148,2,58,141,13
부산,부산진구,65세이상,238,5,88,225,26
부산,부산진구,불명,39,0,9,22,9
부산,동래구,20세이하,37,1,10,26,12
부산,동래구,21-30세,138,1,48,131,31
부산,동래구,31-40세,159,0,48,141,16
부산,동래구,41-50세,195,0,59,176,30
부산,동래구,51-60세,263,3,79,249,21
부산,동래구,61-64세,107,1,31,88,8
부산,동래구,65세이상,187,0,59,188,13
부산,동래구,불명,17,0,3,12,3
부산,남구,20세이하,22,0,11,8,10
부산,남구,21-30세,150,0,59,118,16
부산,남구,31-40세,131,1,49,108,17
부산,남구,41-50세,170,1,53,153,19
부산,남구,51-60세,193,1,63,167,19
부산,남구,61-64세,79,1,31,67,4
부산,남구,65세이상,138,1,42,126,15
부산,남구,불명,18,0,0,16,4
부산,북구,20세이하,31,1,9,26,10
부산,북구,21-30세,85,3,35,83,4
부산,북구,31-40세,94,0,32,95,6
부산,북구,41-50세,167,0,61,164,15
부산,북구,51-60세,165,3,69,138,11
부산,북구,61-64세,59,1,17,53,3
부산,북구,65세이상,96,2,37,85,16
부산,북구,불명,4,0,0,3,1
부산,해운대구,20세이하,40,0,18,19,16
부산,해운대구,21-30세,168,2,53,158,25
부산,해운대구,31-40세,165,2,65,136,22
부산,해운대구,41-50세,180,5,68,147,17
부산,해운대구,51-60세,232,1,67,209,45
부산,해운대구,61-64세,109,1,35,93,17
부산,해운대구,65세이상,143,5,50,120,19
부산,해운대구,불명,27,0,5,14,9
부산,사하구,20세이하,45,2,18,23,15
부산,사하구,21-30세,133,0,50,133,28
부산,사하구,31-40세,172,1,61,152,14
부산,사하구,41-50세,203,2,77,178,27
부산,사하구,51-60세,273,2,99,249,23
부산,사하구,61-64세,108,0,41,105,7
부산,사하구,65세이상,156,5,52,142,13
부산,사하구,불명,20,0,4,15,3
부산,금정구,20세이하,24,0,12,14,5
부산,금정구,21-30세,108,0,41,91,20
부산,금정구,31-40세,108,1,29,103,17
부산,금정구,41-50세,134,0,43,130,14
부산,금정구,51-60세,208,3,58,195,28
부산,금정구,61-64세,74,1,27,59,6
부산,금정구,65세이상,127,1,44,112,15
부산,금정구,불명,18,0,1,9,9
부산,강서구,20세이하,4,0,2,1,1
부산,강서구,21-30세,81,2,29,72,5
부산,강서구,31-40세,125,2,44,132,7
부산,강서구,41-50세,129,1,56,118,7
부산,강서구,51-60세,175,2,78,144,11
부산,강서구,61-64세,60,0,24,58,3
부산,강서구,65세이상,91,1,39,78,3
부산,강서구,불명,4,0,0,3,1
부산,연제구,20세이하,26,0,8,29,3
부산,연제구,21-30세,117,0,40,98,19
부산,연제구,31-40세,132,1,42,131,9
부산,연제구,41-50세,174,0,60,157,13
부산,연제구,51-60세,188,0,56,182,17
부산,연제구,61-64세,95,2,34,98,6
부산,연제구,65세이상,121,0,35,119,12
부산,연제구,불명,15,0,2,8,5
부산,수영구,20세이하,33,0,9,22,6
부산,수영구,21-30세,121,1,37,123,16
부산,수영구,31-40세,128,0,39,118,20
부산,수영구,41-50세,139,1,49,111,13
부산,수영구,51-60세,183,1,52,177,9
부산,수영구,61-64세,76,0,20,90,16
부산,수영구,65세이상,100,1,31,89,11
부산,수영구,불명,11,0,0,9,2
부산,사상구,20세이하,41,0,11,31,20
부산,사상구,21-30세,152,0,42,134,37
부산,사상구,31-40세,150,3,60,111,35
부산,사상구,41-50세,204,2,51,215,49
부산,사상구,51-60세,296,4,84,258,49
부산,사상구,61-64세,95,1,24,88,23
부산,사상구,65세이상,148,3,35,122,34
부산,사상구,불명,14,0,4,5,6
부산,기장군,20세이하,20,0,5,18,7
부산,기장군,21-30세,52,1,12,68,7
부산,기장군,31-40세,81,0,31,77,10
부산,기장군,41-50세,119,1,42,140,14
부산,기장군,51-60세,120,5,34,148,8
부산,기장군,61-64세,38,0,12,49,0
부산,기장군,65세이상,71,3,28,85,6
부산,기장군,불명,4,0,0,4,1
경기,수원시,20세이하,182,0,41,153,46
경기,수원시,21-30세,843,5,188,961,107
경기,수원시,31-40세,868,5,214,924,119
경기,수원시,41-50세,970,3,212,1062,112
경기,수원시,51-60세,1125,10,296,1189,129
경기,수원시,61-64세,323,2,89,332,39
경기,수원시,65세이상,498,6,121,510,71
경기,수원시,불명,111,0,11,85,33
경기,성남시,20세이하,90,2,31,81,14
경기,성남시,21-30세,439,9,152,489,69
경기,성남시,31-40세,606,6,164,641,66
경기,성남시,41-50세,794,5,278,826,120
경기,성남시,51-60세,960,9,318,1000,184
경기,성남시,61-64세,312,7,102,303,34
경기,성남시,65세이상,498,1,131,555,78
경기,성남시,불명,102,0,18,60,31
경기,의정부시,20세이하,55,0,14,53,16
경기,의정부시,21-30세,247,3,59,280,47
경기,의정부시,31-40세,259,2,65,270,41
경기,의정부시,41-50세,334,4,106,342,51
경기,의정부시,51-60세,447,5,111,417,58
경기,의정부시,61-64세,138,2,34,132,26
경기,의정부시,65세이상,187,1,57,192,50
경기,의정부시,불명,37,0,2,34,5
경기,안양시,20세이하,56,3,24,51,11
경기,안양시,21-30세,199,1,53,226,28
경기,안양시,31-40세,237,4,74,263,22
경기,안양시,41-50세,298,3,92,327,19
경기,안양시,51-60세,452,5,142,470,52
경기,안양시,61-64세,155,1,57,167,12
경기,안양시,65세이상,189,3,48,184,10
경기,안양시,불명,30,0,4,23,7
경기,부천시,20세이하,152,1,42,142,28
경기,부천시,21-30세,501,2,115,588,46
경기,부천시,31-40세,589,5,144,648,46
경기,부천시,41-50세,670,0,184,691,54
경기,부천시,51-60세,929,5,224,992,80
경기,부천시,61-64세,340,1,98,349,27
경기,부천시,65세이상,423,9,116,391,37
경기,부천시,불명,63,0,6,36,24
경기,안산시,20세이하,183,2,46,180,31
경기,안산시,21-30세,647,4,185,764,68
경기,안산시,31-40세,616,8,180,674,51
경기,안산시,41-50세,802,0,221,942,63
경기,안산시,51-60세,1019,7,302,1163,68
경기,안산시,61-64세,284,3,78,338,13
경기,안산시,65세이상,332,3,79,383,21
경기,안산시,불명,82,0,20,61,11
경기,평택시,20세이하,100,0,22,98,29
경기,평택시,21-30세,593,6,179,681,153
경기,평택시,31-40세,602,5,163,712,122
경기,평택시,41-50세,767,18,220,874,118
경기,평택시,51-60세,804,9,225,1005,157
경기,평택시,61-64세,224,3,59,251,30
경기,평택시,65세이상,358,10,116,364,65
경기,평택시,불명,79,0,9,61,17
경기,광명시,20세이하,30,0,6,22,12
경기,광명시,21-30세,118,1,24,90,46
경기,광명시,31-40세,163,1,42,141,31
경기,광명시,41-50세,229,2,69,215,84
경기,광명시,51-60세,273,3,75,227,77
경기,광명시,61-64세,96,1,28,78,35
경기,광명시,65세이상,136,1,40,97,41
경기,광명시,불명,23,0,1,9,14
경기,구리시,20세이하,15,0,5,16,6
경기,구리시,21-30세,106,1,29,99,17
경기,구리시,31-40세,129,1,31,162,5
경기,구리시,41-50세,155,2,38,168,20
경기,구리시,51-60세,179,0,52,192,20
경기,구리시,61-64세,52,2,15,51,8
경기,구리시,65세이상,101,0,21,120,14
경기,구리시,불명,14,0,3,10,1
경기,양주시,20세이하,37,0,14,34,6
경기,양주시,21-30세,126,2,29,145,16
경기,양주시,31-40세,162,1,49,201,12
경기,양주시,41-50세,237,7,69,275,19
경기,양주시,51-60세,264,4,52,323,20
경기,양주시,61-64세,106,1,36,112,9
경기,양주시,65세이상,169,4,43,186,14
경기,양주시,불명,17,0,3,16,2
경기,여주시,20세이하,31,1,10,36,5
경기,여주시,21-30세,71,1,22,80,8
경기,여주시,31-40세,83,2,26,106,9
경기,여주시,41-50세,114,3,43,156,17
경기,여주시,51-60세,138,4,45,161,18
경기,여주시,61-64세,50,3,20,45,3
경기,여주시,65세이상,102,3,37,125,8
경기,여주시,불명,3,0,3,0,0
경기,화성시,20세이하,70,2,22,73,6
경기,화성시,21-30세,437,5,145,551,41
경기,화성시,31-40세,581,5,175,718,64
경기,화성시,41-50세,634,4,176,773,46
경기,화성시,51-60세,712,11,239,780,60
경기,화성시,61-64세,208,3,54,251,19
경기,화성시,65세이상,299,3,84,390,37
경기,화성시,불명,67,0,5,58,15
경기,시흥시,20세이하,98,4,30,109,19
경기,시흥시,21-30세,342,3,109,393,34
경기,시흥시,31-40세,444,5,172,486,49
경기,시흥시,41-50세,504,8,186,564,54
경기,시흥시,51-60세,643,6,189,754,67
경기,시흥시,61-64세,177,1,50,190,10
경기,시흥시,65세이상,221,3,58,272,21
경기,시흥시,불명,51,0,11,38,15
경기,파주시,20세이하,52,0,12,45,12
경기,파주시,21-30세,203,2,75,216,25
경기,파주시,31-40세,289,5,82,327,34
경기,파주시,41-50세,328,2,94,328,24
경기,파주시,51-60세,402,7,124,406,37
경기,파주시,61-64세,136,3,46,153,13
경기,파주시,65세이상,211,2,67,221,25
경기,파주시,불명,37,0,6,23,13
경기,고양시,20세이하,168,2,40,144,49
경기,고양시,21-30세,506,7,143,535,88
경기,고양시,31-40세,587,5,156,659,82
경기,고양시,41-50세,766,9,214,788,90
경기,고양시,51-60세,1023,6,282,1096,124
경기,고양시,61-64세,315,3,87,350,38
경기,고양시,65세이상,469,7,159,511,70
경기,고양시,불명,82,0,15,43,31
경기,광주시,20세이하,38,1,13,37,7
경기,광주시,21-30세,204,1,44,265,24
경기,광주시,31-40세,330,2,90,371,33
경기,광주시,41-50세,442,3,109,523,48
경기,광주시,51-60세,467,6,126,537,41
경기,광주시,61-64세,147,2,45,176,12
경기,광주시,65세이상,208,5,45,256,36
경기,광주시,불명,31,0,8,17,8
경기,연천군,20세이하,2,0,1,1,0
경기,연천군,21-30세,27,4,19,30,3
경기,연천군,31-40세,20,2,10,14,2
경기,연천군,41-50세,34,3,13,38,7
경기,연천군,51-60세,43,0,19,48,6
경기,연천군,61-64세,23,1,6,32,0
경기,연천군,65세이상,47,1,23,34,2
경기,포천시,20세이하,30,0,13,33,6
경기,포천시,21-30세,84,1,33,98,23
경기,포천시,31-40세,117,0,47,136,31
경기,포천시,41-50세,169,5,49,200,35
경기,포천시,51-60세,230,3,76,242,57
경기,포천시,61-64세,99,2,42,113,7
경기,포천시,65세이상,153,4,66,137,25
경기,포천시,불명,5,0,1,3,2
경기,가평군,20세이하,12,0,5,10,1
경기,가평군,21-30세,62,0,24,100,4
경기,가평군,31-40세,54,0,19,64,4
경기,가평군,41-50세,63,1,36,84,4
경기,가평군,51-60세,97,2,26,119,9
경기,가평군,61-64세,28,1,7,36,3
경기,가평군,65세이상,78,4,33,77,8
경기,가평군,불명,2,0,0,4,1
경기,양평군,20세이하,7,0,2,11,2
경기,양평군,21-30세,45,1,23,43,9
경기,양평군,31-40세,73,2,30,71,10
경기,양평군,41-50세,109,2,40,131,16
경기,양평군,51-60세,151,4,56,163,32
경기,양평군,61-64세,71,0,23,77,16
경기,양평군,65세이상,129,4,49,126,19
경기,양평군,불명,6,0,0,3,3
경기,이천시,20세이하,56,2,11,67,7
경기,이천시,21-30세,157,3,47,159,16
경기,이천시,31-40세,187,3,53,228,9
경기,이천시,41-50세,208,12,58,246,24
경기,이천시,51-60세,265,5,78,306,24
경기,이천시,61-64세,97,5,36,102,10
경기,이천시,65세이상,123,3,40,147,10
경기,이천시,불명,9,0,3,4,2
경기,용인시,20세이하,111,1,31,104,20
경기,용인시,21-30세,468,6,149,577,122
경기,용인시,31-40세,607,8,199,700,120
경기,용인시,41-50세,749,3,209,869,135
경기,용인시,51-60세,838,11,222,937,212
경기,용인시,61-64세,246,0,64,267,49
경기,용인시,65세이상,411,5,128,428,93
경기,용인시,불명,55,0,7,34,22
경기,안성시,20세이하,42,0,13,38,13
경기,안성시,21-30세,131,3,40,165,35
경기,안성시,31-40세,159,2,62,184,26
경기,안성시,41-50세,190,3,72,223,25
경기,안성시,51-60세,254,3,58,327,44
경기,안성시,61-64세,101,1,40,136,15
경기,안성시,65세이상,121,4,38,134,25
경기,안성시,불명,16,0,1,14,6
경기,김포시,20세이하,50,0,13,58,6
경기,김포시,21-30세,207,1,71,243,17
경기,김포시,31-40세,298,6,95,341,29
경기,김포시,41-50세,365,3,145,395,38
경기,김포시,51-60세,479,8,142,558,37
경기,김포시,61-64세,165,2,43,181,22
경기,김포시,65세이상,209,4,71,247,15
경기,김포시,불명,19,0,1,10,9
경기,동두천시,20세이하,11,0,4,13,0
경기,동두천시,21-30세,45,0,16,43,10
경기,동두천시,31-40세,40,1,12,31,4
경기,동두천시,41-50세,99,1,24,100,16
경기,동두천시,51-60세,99,2,23,103,8
경기,동두천시,61-64세,48,1,13,52,2
경기,동두천시,65세이상,71,1,25,57,4
경기,동두천시,불명,4,0,0,4,1
경기,과천시,20세이하,9,0,6,12,4
경기,과천시,21-30세,28,0,9,38,1
경기,과천시,31-40세,36,0,14,39,7
경기,과천시,41-50세,51,1,18,62,9
경기,과천시,51-60세,54,0,12,57,15
경기,과천시,61-64세,25,0,4,25,2
경기,과천시,65세이상,32,0,8,33,3
경기,과천시,불명,2,0,2,0,0
경기,군포시,20세이하,24,1,4,17,8
경기,군포시,21-30세,85,0,29,81,12
경기,군포시,31-40세,112,1,41,101,19
경기,군포시,41-50세,128,0,44,148,30
경기,군포시,51-60세,165,1,51,199,41
경기,군포시,61-64세,57,0,20,55,14
경기,군포시,65세이상,71,0,25,66,11
경기,군포시,불명,8,0,0,4,4
경기,남양주시,20세이하,96,0,28,94,24
경기,남양주시,21-30세,262,3,90,298,64
경기,남양주시,31-40세,336,4,107,370,54
경기,남양주시,41-50세,529,8,159,618,75
경기,남양주시,51-60세,631,7,180,747,97
경기,남양주시,61-64세,211,2,49,233,18
경기,남양주시,65세이상,307,7,101,349,39
경기,남양주시,불명,39,0,10,27,12
경기,오산시,20세이하,41,0,7,41,12
경기,오산시,21-30세,158,1,37,186,26
경기,오산시,31-40세,209,1,34,239,23
경기,오산시,41-50세,236,1,56,260,45
경기,오산시,51-60세,216,2,57,247,20
경기,오산시,61-64세,84,2,24,95,8
경기,오산시,65세이상,97,0,26,109,12
경기,오산시,불명,16,0,3,12,3
경기,의왕시,20세이하,8,0,4,7,1
경기,의왕시,21-30세,66,1,18,75,10
경기,의왕시,31-40세,73,1,25,96,11
경기,의왕시,41-50세,119,5,44,146,16
경기,의왕시,51-60세,116,1,48,131,5
경기,의왕시,61-64세,42,1,13,35,6
경기,의왕시,65세이상,55,1,13,53,12
경기,의왕시,불명,9,0,0,3,8
경기,하남시,20세이하,41,2,14,26,14
경기,하남시,21-30세,125,3,31,136,30
경기,하남시,31-40세,173,4,45,178,35
경기,하남시,41-50세,219,2,66,228,47
경기,하남시,51-60세,252,2,79,246,35
경기,하남시,61-64세,101,2,24,121,17
경기,하남시,65세이상,140,2,41,135,20
경기,하남시,불명,31,0,3,17,17
강원,춘천시,20세이하,38,0,10,34,4
강원,춘천시,21-30세,215,2,52,289,12
강원,춘천시,31-40세,210,3,57,245,20
강원,춘천시,41-50세,275,5,64,338,18
강원,춘천시,51-60세,422,9,101,513,37
강원,춘천시,61-64세,147,0,33,191,5
강원,춘천시,65세이상,249,4,69,306,9
강원,춘천시,불명,34,0,3,29,4
강원,원주시,20세이하,62,2,20,51,9
강원,원주시,21-30세,277,9,79,338,12
강원,원주시,31-40세,302,5,75,346,21
강원,원주시,41-50세,353,5,89,413,32
강원,원주시,51-60세,482,5,144,542,28
강원,원주시,61-64세,203,2,56,257,13
강원,원주시,65세이상,291,6,86,350,23
강원,원주시,불명,15,0,1,11,4
강원,동해시,20세이하,11,0,6,7,1
강원,동해시,21-30세,28,0,6,30,0
강원,동해시,31-40세,53,3,15,57,0
강원,동해시,41-50세,59,1,11,71,0
강원,동해시,51-60세,106,2,32,119,1
강원,동해시,61-64세,45,1,14,40,0
강원,동해시,65세이상,55,0,17,66,0
강원,동해시,불명,1,0,1,0,0
강원,강릉시,20세이하,22,0,9,28,0
강원,강릉시,21-30세,113,0,29,150,3
강원,강릉시,31-40세,123,3,35,145,3
강원,강릉시,41-50세,171,4,56,203,6
강원,강릉시,51-60세,240,3,80,286,2
강원,강릉시,61-64세,69,2,28,66,4
강원,강릉시,65세이상,148,2,48,175,2
강원,강릉시,불명,2,0,0,1,1
강원,속초시,20세이하,9,1,9,2,2
강원,속초시,21-30세,41,0,25,40,2
강원,속초시,31-40세,56,0,18,75,3
강원,속초시,41-50세,71,1,25,77,6
강원,속초시,51-60세,105,0,35,117,6
강원,속초시,61-64세,42,2,18,40,3
강원,속초시,65세이상,63,4,19,65,1
강원,속초시,불명,4,0,0,4,0
강원,태백시,20세이하,1,0,2,0,0
강원,태백시,21-30세,10,0,0,21,0
강원,태백시,31-40세,20,0,7,22,1
강원,태백시,41-50세,38,0,5,60,0
강원,태백시,51-60세,53,2,11,53,1
강원,태백시,61-64세,20,0,7,22,0
강원,태백시,65세이상,35,0,15,38,2
강원,삼척시,20세이하,11,0,2,16,1
강원,삼척시,21-30세,34,1,9,50,1
강원,삼척시,31-40세,44,0,8,68,0
강원,삼척시,41-50세,77,4,31,88,1
강원,삼척시,51-60세,112,7,45,123,4
강원,삼척시,61-64세,49,2,20,52,0
강원,삼척시,65세이상,86,2,43,76,3
강원,삼척시,불명,1,0,0,1,0
강원,홍천군,20세이하,5,0,0,8,0
강원,홍천군,21-30세,39,1,10,52,3
강원,홍천군,31-40세,40,2,9,47,2
강원,홍천군,41-50세,65,2,15,82,7
강원,홍천군,51-60세,111,5,38,123,11
강원,홍천군,61-64세,34,0,11,46,1
강원,홍천군,65세이상,63,6,27,55,2
강원,홍천군,불명,2,0,0,1,1
강원,횡성군,20세이하,6,1,2,6,0
강원,횡성군,21-30세,25,2,19,26,1
강원,횡성군,31-40세,19,2,7,29,1
강원,횡성군,41-50세,31,1,16,44,1
강원,횡성군,51-60세,57,1,28,84,3
강원,횡성군,61-64세,27,1,23,22,2
강원,횡성군,65세이상,37,1,22,33,1
강원,횡성군,불명,1,0,1,0,0
강원,영월군,20세이하,2,0,2,3,0
강원,영월군,21-30세,13,1,4,12,9
강원,영월군,31-40세,16,0,6,11,15
강원,영월군,41-50세,27,1,8,16,29
강원,영월군,51-60세,57,1,26,22,30
강원,영월군,61-64세,12,0,2,9,4
강원,영월군,65세이상,27,1,7,16,18
강원,영월군,불명,2,0,0,1,2
강원,평창군,20세이하,4,1,4,2,0
강원,평창군,21-30세,14,0,10,18,0
강원,평창군,31-40세,21,0,12,37,0
강원,평창군,41-50세,28,0,19,46,1
강원,평창군,51-60세,59,0,28,72,4
강원,평창군,61-64세,20,1,5,21,2
강원,평창군,65세이상,36,3,22,40,0
강원,평창군,불명,1,0,0,0,1
강원,정선군,21-30세,10,0,5,9,2
강원,정선군,31-40세,12,1,4,12,3
강원,정선군,41-50세,21,0,14,17,1
강원,정선군,51-60세,27,1,12,29,1
강원,정선군,61-64세,17,2,7,15,0
강원,정선군,65세이상,20,2,14,22,2
강원,철원군,20세이하,4,0,1,6,0
강원,철원군,21-30세,19,4,10,14,1
강원,철원군,31-40세,11,2,8,15,0
강원,철원군,41-50세,16,1,5,21,0
강원,철원군,51-60세,39,3,16,40,1
강원,철원군,61-64세,20,0,7,30,0
강원,철원군,65세이상,35,2,10,35,0
강원,화천군,20세이하,4,0,4,7,0
강원,화천군,21-30세,22,3,8,42,1
강원,화천군,31-40세,20,2,6,19,0
강원,화천군,41-50세,18,1,12,19,0
강원,화천군,51-60세,22,2,9,26,0
강원,화천군,61-64세,4,0,2,5,1
강원,화천군,65세이상,11,1,3,14,0
강원,양구군,20세이하,2,0,2,0,0
강원,양구군,21-30세,12,1,13,15,1
강원,양구군,31-40세,17,0,5,17,0
강원,양구군,41-50세,16,0,15,21,1
강원,양구군,51-60세,19,0,15,19,2
강원,양구군,61-64세,9,0,4,5,1
강원,양구군,65세이상,13,1,10,9,1
강원,인제군,20세이하,2,0,0,3,0
강원,인제군,21-30세,12,1,6,9,1
강원,인제군,31-40세,11,1,6,7,1
강원,인제군,41-50세,12,2,6,12,1
강원,인제군,51-60세,23,0,26,20,2
강원,인제군,61-64세,12,2,11,5,0
강원,인제군,65세이상,21,2,17,14,0
강원,인제군,불명,1,0,1,0,0
강원,고성군,20세이하,2,0,1,8,0
강원,고성군,21-30세,17,0,3,26,1
강원,고성군,31-40세,22,1,6,26,0
강원,고성군,41-50세,22,0,4,27,1
강원,고성군,51-60세,40,0,22,35,2
강원,고성군,61-64세,10,0,5,9,0
강원,고성군,65세이상,25,0,10,31,3
강원,양양군,20세이하,2,1,0,1,0
강원,양양군,21-30세,14,0,5,26,3
강원,양양군,31-40세,33,0,15,59,20
강원,양양군,41-50세,32,1,14,46,4
강원,양양군,51-60세,37,3,15,41,0
강원,양양군,61-64세,15,0,6,21,0
강원,양양군,65세이상,45,4,19,49,1
충북,청주시,20세이하,161,1,69,187,13
충북,청주시,21-30세,820,10,257,1050,68
충북,청주시,31-40세,802,8,269,1027,38
충북,청주시,41-50세,940,9,263,1143,55
충북,청주시,51-60세,1142,6,335,1473,43
충북,청주시,61-64세,398,4,122,497,26
충북,청주시,65세이상,625,10,224,678,36
충북,청주시,불명,61,1,12,42,11
충북,충주시,20세이하,37,0,15,37,7
충북,충주시,21-30세,182,4,66,233,16
충북,충주시,31-40세,177,4,66,253,14
충북,충주시,41-50세,248,6,87,308,8
충북,충주시,51-60세,323,10,133,368,28
충북,충주시,61-64세,128,8,53,178,7
충북,충주시,65세이상,254,4,99,330,23
충북,충주시,불명,15,0,4,17,0
충북,제천시,20세이하,41,0,15,45,5
충북,제천시,21-30세,100,2,43,111,15
충북,제천시,31-40세,103,4,36,127,12
충북,제천시,41-50세,167,5,61,205,22
충북,제천시,51-60세,218,3,77,279,18
충북,제천시,61-64세,78,3,30,103,6
충북,제천시,65세이상,163,2,66,185,12
충북,보은군,20세이하,2,0,2,0,0
충북,보은군,21-30세,18,0,11,34,1
충북,보은군,31-40세,21,1,19,21,3
충북,보은군,41-50세,23,0,16,29,0
충북,보은군,51-60세,38,2,29,34,6
충북,보은군,61-64세,18,0,11,14,2
충북,보은군,65세이상,45,10,24,35,3
충북,옥천군,20세이하,3,0,2,0,1
충북,옥천군,21-30세,12,1,8,5,0
충북,옥천군,31-40세,25,0,19,23,1
충북,옥천군,41-50세,47,2,26,44,1
충북,옥천군,51-60세,71,2,33,60,3
충북,옥천군,61-64세,18,0,12,12,0
충북,옥천군,65세이상,58,2,31,53,6
충북,옥천군,불명,2,0,0,1,2
충북,영동군,20세이하,3,0,4,1,0
충북,영동군,21-30세,16,0,10,10,2
충북,영동군,31-40세,19,1,10,11,0
충북,영동군,41-50세,41,1,30,35,0
충북,영동군,51-60세,56,3,33,49,4
충북,영동군,61-64세,27,2,14,22,1
충북,영동군,65세이상,56,2,43,53,2
충북,진천군,20세이하,17,0,1,21,2
충북,진천군,21-30세,67,2,22,84,5
충북,진천군,31-40세,84,1,31,105,11
충북,진천군,41-50세,87,0,30,88,6
충북,진천군,51-60세,142,6,42,181,8
충북,진천군,61-64세,45,0,21,61,5
충북,진천군,65세이상,66,2,29,74,3
충북,진천군,불명,8,0,1,9,0
충북,괴산군,20세이하,2,0,0,3,1
충북,괴산군,21-30세,23,1,7,30,7
충북,괴산군,31-40세,18,0,15,14,0
충북,괴산군,41-50세,27,3,21,21,3
충북,괴산군,51-60세,43,2,24,29,2
충북,괴산군,61-64세,22,0,13,22,0
충북,괴산군,65세이상,53,4,34,47,2
충북,괴산군,불명,2,0,1,0,1
충북,음성군,20세이하,20,0,8,23,2
충북,음성군,21-30세,75,1,32,94,4
충북,음성군,31-40세,95,5,51,122,4
충북,음성군,41-50세,136,3,56,141,9
충북,음성군,51-60세,177,4,85,218,6
충북,음성군,61-64세,56,2,31,60,2
충북,음성군,65세이상,95,3,53,83,1
충북,음성군,불명,9,0,4,4,1
충북,단양군,20세이하,4,0,1,2,1
충북,단양군,21-30세,10,1,3,16,5
충북,단양군,31-40세,13,0,11,16,4
충북,단양군,41-50세,29,4,17,29,0
충북,단양군,51-60세,52,2,28,53,6
충북,단양군,61-64세,11,1,8,7,1
충북,단양군,65세이상,37,2,20,36,14
충북,단양군,불명,1,0,1,0,0
충북,증평군,20세이하,5,0,1,4,1
충북,증평군,21-30세,32,1,8,38,2
충북,증평군,31-40세,38,1,14,33,2
충북,증평군,41-50세,38,1,21,25,3
충북,증평군,51-60세,47,3,21,44,3
충북,증평군,61-64세,19,0,5,18,3
충북,증평군,65세이상,31,0,10,39,2
충남,천안시,20세이하,95,3,25,90,11
충남,천안시,21-30세,571,3,154,681,58
충남,천안시,31-40세,562,8,138,642,34
충남,천안시,41-50세,666,10,161,807,33
충남,천안시,51-60세,689,10,168,810,43
충남,천안시,61-64세,199,3,48,209,14
충남,천안시,65세이상,296,5,90,348,19
충남,천안시,불명,59,0,9,53,8
충남,아산시,20세이하,37,1,12,29,3
충남,아산시,21-30세,166,6,60,185,8
충남,아산시,31-40세,215,5,77,209,8
충남,아산시,41-50세,246,10,104,253,13
충남,아산시,51-60세,211,8,75,217,14
충남,아산시,61-64세,62,0,21,53,4
충남,아산시,65세이상,107,6,42,86,7
충남,아산시,불명,39,0,10,27,4
충남,보령시,20세이하,19,0,14,20,0
충남,보령시,21-30세,62,0,41,51,1
충남,보령시,31-40세,56,3,34,42,1
충남,보령시,41-50세,88,1,56,75,5
충남,보령시,51-60세,111,6,67,98,1
충남,보령시,61-64세,38,2,26,28,4
충남,보령시,65세이상,101,4,51,84,1
충남,보령시,불명,4,0,1,3,0
충남,공주시,20세이하,12,0,4,16,1
충남,공주시,21-30세,88,0,42,113,12
충남,공주시,31-40세,85,8,33,111,6
충남,공주시,41-50세,94,2,40,100,7
충남,공주시,51-60세,156,9,63,197,7
충남,공주시,61-64세,69,1,31,89,2
충남,공주시,65세이상,101,2,34,110,12
충남,공주시,불명,3,0,0,4,0
충남,서산시,20세이하,30,2,15,15,5
충남,서산시,21-30세,109,4,67,102,9
충남,서산시,31-40세,137,3,86,127,15
충남,서산시,41-50세,169,5,109,147,12
충남,서산시,51-60세,201,2,115,168,18
충남,서산시,61-64세,61,1,36,48,4
충남,서산시,65세이상,126,9,70,78,16
충남,서산시,불명,6,0,1,2,3
충남,금산군,20세이하,3,0,2,4,0
충남,금산군,21-30세,12,1,5,11,0
충남,금산군,31-40세,12,0,3,20,0
충남,금산군,41-50세,30,0,13,30,0
충남,금산군,51-60세,47,3,21,39,1
충남,금산군,61-64세,17,1,8,12,0
충남,금산군,65세이상,29,2,9,31,0
충남,태안군,20세이하,3,0,2,1,1
충남,태안군,21-30세,28,1,24,29,6
충남,태안군,31-40세,42,0,27,49,8
충남,태안군,41-50세,55,2,39,51,5
충남,태안군,51-60세,73,3,59,73,9
충남,태안군,61-64세,28,1,23,25,6
충남,태안군,65세이상,89,10,50,81,14
충남,태안군,불명,2,0,0,0,2
충남,논산시,20세이하,25,0,12,21,4
충남,논산시,21-30세,56,0,43,53,8
충남,논산시,31-40세,61,2,25,74,4
충남,논산시,41-50세,73,4,54,45,4
충남,논산시,51-60세,113,5,67,106,8
충남,논산시,61-64세,55,4,39,48,9
충남,논산시,65세이상,87,11,40,69,5
충남,논산시,불명,6,0,4,2,0
충남,부여군,20세이하,2,0,2,1,0
충남,부여군,21-30세,14,0,10,5,1
충남,부여군,31-40세,34,1,24,16,1
충남,부여군,41-50세,34,5,19,19,1
충남,부여군,51-60세,51,2,43,24,1
충남,부여군,61-64세,30,2,19,16,0
충남,부여군,65세이상,55,6,41,31,2
충남,부여군,불명,2,0,1,1,0
충남,서천군,20세이하,3,0,2,1,1
충남,서천군,21-30세,25,1,12,25,1
충남,서천군,31-40세,29,2,15,28,2
충남,서천군,41-50세,62,0,30,56,2
충남,서천군,51-60세,76,6,30,69,8
충남,서천군,61-64세,31,3,15,31,1
충남,서천군,65세이상,97,6,41,82,10
충남,청양군,20세이하,9,0,6,9,1
충남,청양군,21-30세,19,0,16,28,0
충남,청양군,31-40세,19,0,13,10,1
충남,청양군,41-50세,32,3,9,34,0
충남,청양군,51-60세,45,0,24,40,0
충남,청양군,61-64세,14,0,8,15,0
충남,청양군,65세이상,53,7,22,35,0
충남,홍성군,20세이하,10,0,3,11,0
충남,홍성군,21-30세,34,3,11,39,0
충남,홍성군,31-40세,47,2,23,41,0
충남,홍성군,41-50세,79,2,32,91,0
충남,홍성군,51-60세,65,7,28,56,7
충남,홍성군,61-64세,37,3,19,24,1
충남,홍성군,65세이상,68,4,29,58,0
충남,홍성군,불명,1,0,0,1,0
충남,예산군,20세이하,4,0,0,4,0
충남,예산군,21-30세,32,1,10,41,0
충남,예산군,31-40세,45,0,15,52,2
충남,예산군,41-50세,72,2,33,68,2
충남,예산군,51-60세,99,5,44,111,1
충남,예산군,61-64세,37,2,18,42,0
충남,예산군,65세이상,104,7,36,94,3
충남,예산군,불명,4,0,2,1,1
충남,당진시,20세이하,16,0,5,20,0
충남,당진시,21-30세,104,2,52,102,7
충남,당진시,31-40세,146,7,88,137,4
충남,당진시,41-50세,156,4,71,146,6
충남,당진시,51-60세,175,8,80,207,1
충남,당진시,61-64세,57,5,19,55,2
충남,당진시,65세이상,124,7,58,137,5
충남,당진시,불명,5,0,2,2,1
충남,계룡시,20세이하,2,0,2,1,0
충남,계룡시,21-30세,3,0,0,4,0
충남,계룡시,31-40세,9,0,8,6,3
충남,계룡시,41-50세,17,0,7,16,1
충남,계룡시,51-60세,11,1,6,19,1
충남,계룡시,61-64세,5,0,4,9,0
충남,계룡시,65세이상,8,0,2,9,0
전북,전주시,20세이하,68,1,23,83,2
전북,전주시,21-30세,337,6,117,381,2
전북,전주시,31-40세,348,3,123,428,5
전북,전주시,41-50세,493,6,138,584,7
전북,전주시,51-60세,562,7,187,643,11
전북,전주시,61-64세,212,4,64,242,0
전북,전주시,65세이상,318,8,107,359,4
전북,전주시,불명,27,0,2,25,4
전북,군산시,20세이하,27,1,12,33,3
전북,군산시,21-30세,145,2,44,180,6
전북,군산시,31-40세,150,4,42,179,4
전북,군산시,41-50세,227,3,79,252,13
전북,군산시,51-60세,319,5,75,408,13
전북,군산시,61-64세,123,2,31,178,11
전북,군산시,65세이상,222,8,60,269,7
전북,군산시,불명,12,0,0,13,3
전북,정읍시,20세이하,13,1,4,18,1
전북,정읍시,21-30세,47,0,12,73,1
전북,정읍시,31-40세,56,1,31,62,0
전북,정읍시,41-50세,101,7,39,103,0
전북,정읍시,51-60세,164,3,57,184,3
전북,정읍시,61-64세,66,1,26,82,0
전북,정읍시,65세이상,146,7,68,136,0
전북,정읍시,불명,3,0,1,3,0
전북,남원시,20세이하,4,0,0,5,0
전북,남원시,21-30세,21,2,13,14,0
전북,남원시,31-40세,27,1,14,25,0
전북,남원시,41-50세,64,1,30,56,0
전북,남원시,51-60세,75,3,37,64,1
전북,남원시,61-64세,33,0,19,25,0
전북,남원시,65세이상,85,1,56,79,0
전북,남원시,불명,2,0,1,1,0
전북,김제시,20세이하,12,1,5,14,1
전북,김제시,21-30세,50,4,16,93,2
전북,김제시,31-40세,71,0,24,103,1
전북,김제시,41-50세,92,5,36,138,7
전북,김제시,51-60세,119,3,46,153,2
전북,김제시,61-64세,48,4,15,79,0
전북,김제시,65세이상,89,6,41,98,0
전북,완주군,20세이하,2,0,3,1,0
전북,완주군,21-30세,27,1,10,32,0
전북,완주군,31-40세,49,2,28,52,1
전북,완주군,41-50세,50,3,15,68,2
전북,완주군,51-60세,83,2,34,81,2
전북,완주군,61-64세,20,3,7,20,1
전북,완주군,65세이상,44,6,21,39,1
전북,완주군,불명,3,0,1,3,0
전북,진안군,20세이하,1,0,1,0,0
전북,진안군,21-30세,6,1,6,6,0
전북,진안군,31-40세,5,1,7,2,0
전북,진안군,41-50세,12,0,8,13,1
전북,진안군,51-60세,20,1,12,16,1
전북,진안군,61-64세,10,1,3,14,1
전북,진안군,65세이상,23,3,20,25,1
전북,무주군,20세이하,2,0,3,0,0
전북,무주군,21-30세,10,0,8,8,0
전북,무주군,31-40세,14,0,11,11,0
전북,무주군,41-50세,31,5,19,18,0
전북,무주군,51-60세,39,2,23,51,1
전북,무주군,61-64세,10,0,4,7,0
전북,무주군,65세이상,19,2,21,32,3
전북,장수군,20세이하,2,0,6,0,0
전북,장수군,21-30세,5,1,3,1,0
전북,장수군,31-40세,7,1,3,4,0
전북,장수군,41-50세,17,2,8,19,0
전북,장수군,51-60세,16,4,8,6,0
전북,장수군,61-64세,5,0,3,5,0
전북,장수군,65세이상,13,3,6,6,0
전북,임실군,21-30세,11,0,3,20,3
전북,임실군,31-40세,13,1,7,5,1
전북,임실군,41-50세,27,4,12,25,0
전북,임실군,51-60세,26,1,14,28,1
전북,임실군,61-64세,9,0,2,12,0
전북,임실군,65세이상,29,1,18,30,0
전북,순창군,20세이하,1,0,1,0,0
전북,순창군,21-30세,2,1,0,3,0
전북,순창군,31-40세,9,0,6,6,1
전북,순창군,41-50세,14,3,5,9,1
전북,순창군,51-60세,28,0,11,22,3
전북,순창군,61-64세,14,0,8,7,1
전북,순창군,65세이상,42,5,10,30,10
전북,고창군,21-30세,14,0,6,18,0
전북,고창군,31-40세,16,0,7,19,0
전북,고창군,41-50세,26,1,7,35,0
전북,고창군,51-60세,54,7,30,64,0
전북,고창군,61-64세,17,2,12,19,0
전북,고창군,65세이상,46,5,26,37,2
전북,부안군,20세이하,8,0,7,6,0
전북,부안군,21-30세,16,0,7,14,0
전북,부안군,31-40세,35,3,14,38,0
전북,부안군,41-50세,48,1,25,57,0
전북,부안군,51-60세,74,4,43,118,0
전북,부안군,61-64세,25,1,14,29,0
전북,부안군,65세이상,92,9,42,100,2
전북,익산시,20세이하,36,1,8,47,3
전북,익산시,21-30세,182,5,67,205,2
전북,익산시,31-40세,184,1,63,218,7
전북,익산시,41-50세,251,14,57,286,4
전북,익산시,51-60세,353,5,88,391,4
전북,익산시,61-64세,139,3,46,145,0
전북,익산시,65세이상,242,5,67,280,7
전북,익산시,불명,9,0,2,7,3
전남,목포시,20세이하,81,1,24,114,6
전남,목포시,21-30세,255,5,61,396,7
전남,목포시,31-40세,256,2,56,413,10
전남,목포시,41-50세,329,0,65,529,7
전남,목포시,51-60세,418,4,82,602,14
전남,목포시,61-64세,144,0,29,211,2
전남,목포시,65세이상,289,1,66,371,7
전남,목포시,불명,46,0,4,47,4
전남,여수시,20세이하,29,2,6,29,3
전남,여수시,21-30세,216,4,61,282,15
전남,여수시,31-40세,227,2,52,308,11
전남,여수시,41-50세,300,4,78,376,10
전남,여수시,51-60세,394,5,94,452,16
전남,여수시,61-64세,154,3,49,208,3
전남,여수시,65세이상,234,7,68,264,9
전남,여수시,불명,13,0,2,11,1
전남,순천시,20세이하,43,1,17,43,3
전남,순천시,21-30세,196,2,50,259,17
전남,순천시,31-40세,218,3,59,266,12
전남,순천시,41-50세,268,6,59,344,16
전남,순천시,51-60세,389,10,111,508,18
전남,순천시,61-64세,123,0,49,153,3
전남,순천시,65세이상,215,6,68,267,11
전남,순천시,불명,10,0,2,9,0
전남,나주시,20세이하,13,1,1,19,0
전남,나주시,21-30세,64,1,20,111,3
전남,나주시,31-40세,100,0,26,177,3
전남,나주시,41-50세,118,5,35,138,10
전남,나주시,51-60세,160,9,39,226,4
전남,나주시,61-64세,62,3,15,96,4
전남,나주시,65세이상,127,6,50,138,3
전남,나주시,불명,2,0,0,1,1
전남,광양시,20세이하,13,1,2,15,6
전남,광양시,21-30세,95,3,30,117,7
전남,광양시,31-40세,106,1,29,140,5
전남,광양시,41-50세,158,2,54,192,10
전남,광양시,51-60세,208,3,61,236,8
전남,광양시,61-64세,59,0,19,60,2
전남,광양시,65세이상,97,7,41,100,5
전남,광양시,불명,3,0,0,2,1
전남,담양군,20세이하,7,0,0,13,0
전남,담양군,21-30세,28,1,5,45,1
전남,담양군,31-40세,27,1,13,49,0
전남,담양군,41-50세,48,1,10,87,2
전남,담양군,51-60세,90,0,40,130,7
전남,담양군,61-64세,42,4,10,53,4
전남,담양군,65세이상,78,5,34,85,1
전남,담양군,불명,1,0,0,5,0
전남,곡성군,20세이하,5,1,5,6,0
전남,곡성군,21-30세,8,0,3,9,3
전남,곡성군,31-40세,15,1,11,16,0
전남,곡성군,41-50세,27,1,11,42,1
전남,곡성군,51-60세,39,1,36,40,2
전남,곡성군,61-64세,9,1,3,12,1
전남,곡성군,65세이상,50,4,20,46,4
전남,구례군,20세이하,2,1,0,1,0
전남,구례군,21-30세,8,0,3,5,0
전남,구례군,31-40세,18,2,6,18,2
전남,구례군,41-50세,18,1,8,19,2
전남,구례군,51-60세,31,0,12,32,2
전남,구례군,61-64세,10,0,6,22,1
전남,구례군,65세이상,54,3,27,55,6
전남,구례군,불명,1,0,0,0,1
전남,고흥군,20세이하,13,0,12,22,1
전남,고흥군,21-30세,22,0,22,14,2
전남,고흥군,31-40세,32,2,18,43,4
전남,고흥군,41-50세,50,2,32,51,1
전남,고흥군,51-60세,72,4,50,105,4
전남,고흥군,61-64세,31,3,29,23,1
전남,고흥군,65세이상,107,6,56,98,5
전남,고흥군,불명,2,0,0,2,0
전남,보성군,20세이하,5,0,1,6,0
전남,보성군,21-30세,21,0,6,30,1
전남,보성군,31-40세,24,0,10,40,7
전남,보성군,41-50세,43,2,21,32,2
전남,보성군,51-60세,56,1,26,57,10
전남,보성군,61-64세,37,1,19,37,3
전남,보성군,65세이상,90,11,44,83,5
전남,화순군,20세이하,8,1,1,12,1
전남,화순군,21-30세,28,0,7,39,5
전남,화순군,31-40세,36,1,11,45,8
전남,화순군,41-50세,65,1,20,64,6
전남,화순군,51-60세,78,4,33,81,8
전남,화순군,61-64세,36,0,14,53,3
전남,화순군,65세이상,74,4,29,92,14
전남,장흥군,20세이하,6,0,0,8,0
전남,장흥군,21-30세,25,1,13,24,0
전남,장흥군,31-40세,32,0,10,36,2
전남,장흥군,41-50세,49,3,18,54,1
전남,장흥군,51-60세,73,2,35,86,3
전남,장흥군,61-64세,31,0,19,39,0
전남,장흥군,65세이상,83,5,46,68,2
전남,장흥군,불명,2,0,1,1,0
전남,강진군,20세이하,7,0,5,6,0
전남,강진군,21-30세,25,0,13,30,0
전남,강진군,31-40세,38,1,10,49,7
전남,강진군,41-50세,64,1,27,61,7
전남,강진군,51-60세,67,2,32,68,6
전남,강진군,61-64세,26,1,11,36,1
전남,강진군,65세이상,94,1,42,93,19
전남,해남군,20세이하,8,0,2,11,1
전남,해남군,21-30세,21,0,7,31,0
전남,해남군,31-40세,59,2,26,72,0
전남,해남군,41-50세,66,2,30,74,1
전남,해남군,51-60세,111,5,37,146,9
전남,해남군,61-64세,47,4,11,67,6
전남,해남군,65세이상,120,9,42,133,4
전남,해남군,불명,2,0,1,1,0
전남,영암군,20세이하,10,1,6,10,1
전남,영암군,21-30세,57,2,17,77,1
전남,영암군,31-40세,80,0,26,135,7
전남,영암군,41-50세,79,1,28,111,0
전남,영암군,51-60세,116,4,47,176,9
전남,영암군,61-64세,46,0,19,71,0
전남,영암군,65세이상,102,3,37,116,2
전남,영암군,불명,3,0,0,2,1
전남,무안군,20세이하,10,1,4,10,0
전남,무안군,21-30세,49,4,7,63,0
전남,무안군,31-40세,58,2,12,66,0
전남,무안군,41-50세,69,2,15,84,1
전남,무안군,51-60세,98,2,30,126,0
전남,무안군,61-64세,36,3,13,35,0
전남,무안군,65세이상,71,3,31,74,0
전남,무안군,불명,4,0,0,8,0
전남,함평군,20세이하,3,0,2,4,1
전남,함평군,21-30세,14,1,4,15,4
전남,함평군,31-40세,21,2,6,17,10
전남,함평군,41-50세,31,1,10,30,3
전남,함평군,51-60세,41,3,17,37,8
전남,함평군,61-64세,19,2,9,16,1
전남,함평군,65세이상,61,0,16,69,15
전남,함평군,불명,3,0,1,1,1
전남,영광군,20세이하,6,0,0,7,0
전남,영광군,21-30세,11,2,6,17,1
전남,영광군,31-40세,24,0,9,23,2
전남,영광군,41-50세,35,1,17,32,4
전남,영광군,51-60세,58,2,22,54,7
전남,영광군,61-64세,20,1,10,27,7
전남,영광군,65세이상,71,5,27,67,8
전남,장성군,20세이하,5,0,0,6,0
전남,장성군,21-30세,31,1,10,39,7
전남,장성군,31-40세,33,1,16,62,6
전남,장성군,41-50세,44,2,18,53,3
전남,장성군,51-60세,66,1,26,86,7
전남,장성군,61-64세,32,1,15,32,1
전남,장성군,65세이상,55,1,26,52,5
전남,장성군,불명,4,0,0,6,0
전남,완도군,20세이하,2,0,0,2,0
전남,완도군,21-30세,22,0,8,24,0
전남,완도군,31-40세,32,2,9,46,0
전남,완도군,41-50세,26,0,16,20,1
전남,완도군,51-60세,39,0,12,64,0
전남,완도군,61-64세,17,0,8,21,0
전남,완도군,65세이상,45,2,27,38,0
전남,완도군,불명,3,0,0,3,0
전남,진도군,20세이하,1,0,0,1,0
전남,진도군,21-30세,12,4,10,12,0
전남,진도군,31-40세,16,0,10,17,0
전남,진도군,41-50세,15,2,7,14,0
전남,진도군,51-60세,23,1,9,22,0
전남,진도군,61-64세,11,0,3,15,0
전남,진도군,65세이상,62,5,33,68,2
전남,신안군,21-30세,6,0,5,5,0
전남,신안군,31-40세,11,1,5,14,0
전남,신안군,41-50세,17,0,13,23,0
전남,신안군,51-60세,48,2,21,62,1
전남,신안군,61-64세,10,0,5,15,0
전남,신안군,65세이상,47,0,19,75,4
전남,신안군,불명,2,0,1,1,0
경북,포항시,20세이하,91,0,32,85,13
경북,포항시,21-30세,311,2,100,388,35
경북,포항시,31-40세,414,4,138,466,33
경북,포항시,41-50세,534,5,162,603,36
경북,포항시,51-60세,694,10,193,819,59
경북,포항시,61-64세,254,3,64,318,26
경북,포항시,65세이상,448,9,142,489,36
경북,포항시,불명,31,0,8,19,5
경북,경주시,20세이하,52,2,19,53,5
경북,경주시,21-30세,212,3,96,198,30
경북,경주시,31-40세,208,5,91,221,18
경북,경주시,41-50세,330,4,165,322,35
경북,경주시,51-60세,389,8,179,402,43
경북,경주시,61-64세,177,5,75,151,8
경북,경주시,65세이상,361,8,188,372,31
경북,경주시,불명,12,0,1,11,0
경북,김천시,20세이하,15,0,5,18,0
경북,김천시,21-30세,73,0,26,86,2
경북,김천시,31-40세,72,3,29,74,4
경북,김천시,41-50세,127,2,48,123,0
경북,김천시,51-60세,172,5,69,158,5
경북,김천시,61-64세,62,1,29,61,1
경북,김천시,65세이상,155,6,70,134,1
경북,김천시,불명,7,0,2,5,2
경북,안동시,20세이하,20,1,4,20,3
경북,안동시,21-30세,127,4,63,139,2
경북,안동시,31-40세,110,2,34,117,4
경북,안동시,41-50세,208,4,69,254,17
경북,안동시,51-60세,260,9,111,261,14
경북,안동시,61-64세,94,4,33,112,4
경북,안동시,65세이상,219,7,84,195,15
경북,안동시,불명,7,0,0,4,3
경북,구미시,20세이하,87,0,22,66,31
경북,구미시,21-30세,341,3,126,336,43
경북,구미시,31-40세,342,6,121,359,41
경북,구미시,41-50세,410,8,163,384,57
경북,구미시,51-60세,504,5,168,558,61
경북,구미시,61-64세,127,3,54,105,13
경북,구미시,65세이상,188,5,61,165,27
경북,구미시,불명,28,0,1,16,11
경북,영주시,20세이하,11,0,4,6,6
경북,영주시,21-30세,45,1,15,41,6
경북,영주시,31-40세,70,3,28,58,9
경북,영주시,41-50세,98,3,40,72,11
경북,영주시,51-60세,158,1,51,152,19
경북,영주시,61-64세,49,0,17,39,7
경북,영주시,65세이상,121,3,56,80,21
경북,영주시,불명,3,0,1,2,0
경북,영천시,20세이하,19,0,10,18,3
경북,영천시,21-30세,66,2,21,107,6
경북,영천시,31-40세,86,0,33,116,5
경북,영천시,41-50세,138,4,34,189,12
경북,영천시,51-60세,226,7,75,299,14
경북,영천시,61-64세,80,2,18,100,2
경북,영천시,65세이상,174,8,61,214,8
경북,영천시,불명,4,0,2,4,0
경북,문경시,20세이하,7,0,2,11,1
경북,문경시,21-30세,39,1,15,63,2
경북,문경시,31-40세,51,2,13,69,2
경북,문경시,41-50세,70,0,21,87,2
경북,문경시,51-60세,100,2,32,117,4
경북,문경시,61-64세,34,0,18,32,0
경북,문경시,65세이상,103,3,42,90,5
경북,문경시,불명,2,0,0,3,0
경북,상주시,20세이하,21,0,6,25,0
경북,상주시,21-30세,46,1,22,43,0
경북,상주시,31-40세,70,4,31,67,0
경북,상주시,41-50세,111,4,49,120,0
경북,상주시,51-60세,152,9,67,153,0
경북,상주시,61-64세,61,2,28,56,0
경북,상주시,65세이상,166,6,77,144,1
경북,상주시,불명,3,0,2,2,0
경북,군위군,21-30세,8,6,16,19,0
경북,군위군,31-40세,20,2,22,18,0
경북,군위군,41-50세,22,1,10,26,1
경북,군위군,51-60세,35,4,8,34,1
경북,군위군,61-64세,15,0,13,11,0
경북,군위군,65세이상,35,5,24,24,0
경북,의성군,20세이하,3,0,2,3,0
경북,의성군,21-30세,16,2,10,17,0
경북,의성군,31-40세,25,2,13,22,0
경북,의성군,41-50세,35,5,25,23,0
경북,의성군,51-60세,62,5,42,46,0
경북,의성군,61-64세,13,0,12,9,0
경북,의성군,65세이상,85,6,53,55,0
경북,의성군,불명,2,0,1,1,0
경북,청송군,20세이하,3,0,1,3,0
경북,청송군,21-30세,4,1,3,3,0
경북,청송군,31-40세,8,1,3,4,0
경북,청송군,41-50세,15,1,11,6,0
경북,청송군,51-60세,30,0,24,26,0
경북,청송군,61-64세,5,0,7,2,0
경북,청송군,65세이상,24,4,14,18,1
경북,영양군,20세이하,1,0,0,1,0
경북,영양군,21-30세,6,0,4,3,1
경북,영양군,31-40세,5,0,1,5,0
경북,영양군,41-50세,16,0,7,13,1
경북,영양군,51-60세,11,0,2,9,2
경북,영양군,61-64세,6,0,5,8,0
경북,영양군,65세이상,18,2,12,20,0
경북,영양군,불명,1,0,0,0,1
경북,영덕군,20세이하,7,0,0,8,0
경북,영덕군,21-30세,13,0,3,14,2
경북,영덕군,31-40세,31,0,15,32,4
경북,영덕군,41-50세,40,2,15,39,4
경북,영덕군,51-60세,57,0,25,62,4
경북,영덕군,61-64세,25,3,12,15,1
경북,영덕군,65세이상,60,4,26,55,6
경북,영덕군,불명,1,0,1,1,0
경북,청도군,20세이하,3,0,0,4,1
경북,청도군,21-30세,12,1,4,11,1
경북,청도군,31-40세,25,1,10,26,0
경북,청도군,41-50세,35,3,19,32,0
경북,청도군,51-60세,44,2,23,60,3
경북,청도군,61-64세,27,1,11,26,3
경북,청도군,65세이상,65,5,23,62,3
경북,청도군,불명,1,0,0,0,1
경북,고령군,20세이하,5,0,2,4,0
경북,고령군,21-30세,17,0,9,18,1
경북,고령군,31-40세,23,1,9,23,0
경북,고령군,41-50세,35,0,6,43,2
경북,고령군,51-60세,37,0,16,51,0
경북,고령군,61-64세,8,0,7,6,0
경북,고령군,65세이상,35,3,12,27,3
경북,고령군,불명,3,0,0,2,1
경북,성주군,20세이하,3,0,1,3,0
경북,성주군,21-30세,30,2,18,35,0
경북,성주군,31-40세,28,0,13,29,0
경북,성주군,41-50세,53,2,19,49,1
경북,성주군,51-60세,92,2,35,103,0
경북,성주군,61-64세,20,1,5,28,0
경북,성주군,65세이상,59,4,24,49,0
경북,성주군,불명,4,0,0,4,0
경북,칠곡군,20세이하,23,0,9,15,5
경북,칠곡군,21-30세,108,2,40,113,18
경북,칠곡군,31-40세,115,1,36,117,25
경북,칠곡군,41-50세,168,4,73,161,32
경북,칠곡군,51-60세,180,4,66,191,36
경북,칠곡군,61-64세,57,2,18,65,15
경북,칠곡군,65세이상,123,4,64,106,23
경북,칠곡군,불명,7,0,2,5,1
경북,예천군,20세이하,3,0,2,2,0
경북,예천군,21-30세,19,0,14,20,0
경북,예천군,31-40세,25,0,18,17,0
경북,예천군,41-50세,37,1,28,25,0
경북,예천군,51-60세,44,1,44,29,0
경북,예천군,61-64세,19,0,22,13,0
경북,예천군,65세이상,59,4,45,27,0
경북,봉화군,20세이하,4,0,0,6,1
경북,봉화군,21-30세,12,0,6,9,3
경북,봉화군,31-40세,8,0,2,13,4
경북,봉화군,41-50세,25,1,8,32,3
경북,봉화군,51-60세,36,3,14,37,7
경북,봉화군,61-64세,17,0,3,20,0
경북,봉화군,65세이상,46,1,21,36,13
경북,봉화군,불명,1,0,0,1,0
경북,울진군,20세이하,1,0,0,1,0
경북,울진군,21-30세,13,0,7,13,0
경북,울진군,31-40세,22,1,11,12,1
경북,울진군,41-50세,27,3,19,15,0
경북,울진군,51-60세,40,1,24,34,0
경북,울진군,61-64세,18,1,10,12,2
경북,울진군,65세이상,46,0,32,37,1
경북,울진군,불명,4,0,2,2,0
경북,울릉군,21-30세,1,0,0,1,0
경북,울릉군,41-50세,1,0,1,0,0
경북,울릉군,51-60세,6,0,0,6,7
경북,울릉군,61-64세,4,0,17,18,5
경북,울릉군,65세이상,6,0,1,5,1
경북,경산시,20세이하,43,3,15,41,5
경북,경산시,21-30세,223,6,56,230,7
경북,경산시,31-40세,167,3,53,191,5
경북,경산시,41-50세,229,2,83,215,16
경북,경산시,51-60세,298,3,114,301,6
경북,경산시,61-64세,73,0,22,70,4
경북,경산시,65세이상,165,5,53,139,9
경북,경산시,불명,41,0,0,28,20
경남,진주시,20세이하,32,1,14,25,1
경남,진주시,21-30세,130,3,91,95,4
경남,진주시,31-40세,124,5,72,74,3
경남,진주시,41-50세,164,4,103,104,4
경남,진주시,51-60세,188,3,103,141,6
경남,진주시,61-64세,56,2,32,33,2
경남,진주시,65세이상,132,10,77,73,7
경남,진주시,불명,16,0,4,11,3
경남,통영시,20세이하,20,0,9,12,4
경남,통영시,21-30세,67,0,34,73,12
경남,통영시,31-40세,113,0,32,133,6
경남,통영시,41-50세,155,0,54,162,15
경남,통영시,51-60세,199,2,83,238,9
경남,통영시,61-64세,60,1,21,68,6
경남,통영시,65세이상,101,0,37,111,15
경남,통영시,불명,1,0,0,1,0
경남,김해시,20세이하,105,2,50,101,9
경남,김해시,21-30세,314,4,134,344,19
경남,김해시,31-40세,392,6,171,382,18
경남,김해시,41-50세,487,6,216,489,32
경남,김해시,51-60세,583,9,273,549,25
경남,김해시,61-64세,161,3,73,150,8
경남,김해시,65세이상,251,2,124,241,15
경남,김해시,불명,25,0,2,21,4
경남,밀양시,20세이하,8,0,1,11,0
경남,밀양시,21-30세,52,2,26,41,6
경남,밀양시,31-40세,57,2,34,46,6
경남,밀양시,41-50세,105,2,50,83,7
경남,밀양시,51-60세,142,8,67,118,7
경남,밀양시,61-64세,57,3,33,56,4
경남,밀양시,65세이상,110,6,49,77,5
경남,밀양시,불명,1,0,0,0,1
경남,거제시,20세이하,20,1,14,15,1
경남,거제시,21-30세,115,3,49,126,5
경남,거제시,31-40세,199,2,94,194,6
경남,거제시,41-50세,257,5,128,234,12
경남,거제시,51-60세,223,4,105,235,2
경남,거제시,61-64세,88,1,47,77,4
경남,거제시,65세이상,96,1,52,84,3
경남,거제시,불명,13,0,2,9,2
경남,의령군,20세이하,2,0,1,1,0
경남,의령군,21-30세,6,0,4,2,0
경남,의령군,31-40세,8,0,3,6,1
경남,의령군,41-50세,25,0,12,19,2
경남,의령군,51-60세,48,4,27,46,4
경남,의령군,61-64세,14,0,9,11,4
경남,의령군,65세이상,39,1,25,33,3
경남,의령군,불명,1,0,0,1,0
경남,함안군,20세이하,2,0,0,2,0
경남,함안군,21-30세,38,2,21,37,5
경남,함안군,31-40세,44,4,14,40,3
경남,함안군,41-50세,54,1,23,62,0
경남,함안군,51-60세,89,3,41,102,8
경남,함안군,61-64세,34,2,20,32,1
경남,함안군,65세이상,60,5,22,51,2
경남,함안군,불명,6,0,6,1,1
경남,창녕군,20세이하,9,0,5,8,1
경남,창녕군,21-30세,22,1,10,21,2
경남,창녕군,31-40세,36,0,34,25,1
경남,창녕군,41-50세,48,2,31,35,1
경남,창녕군,51-60세,88,0,54,75,5
경남,창녕군,61-64세,39,2,25,24,2
경남,창녕군,65세이상,88,2,57,69,10
경남,창녕군,불명,3,0,3,2,0
경남,양산시,20세이하,52,1,18,48,13
경남,양산시,21-30세,160,1,68,139,23
경남,양산시,31-40세,220,3,93,209,29
경남,양산시,41-50세,272,7,127,224,31
경남,양산시,51-60세,308,10,117,285,42
경남,양산시,61-64세,108,1,51,90,8
경남,양산시,65세이상,144,2,49,144,15
경남,양산시,불명,22,0,7,18,3
경남,고성군,20세이하,3,0,1,2,0
경남,고성군,21-30세,23,1,11,16,5
경남,고성군,31-40세,36,1,21,32,1
경남,고성군,41-50세,52,3,24,49,0
경남,고성군,51-60세,74,2,42,67,4
경남,고성군,61-64세,29,1,15,19,5
경남,고성군,65세이상,49,2,22,46,1
경남,사천시,20세이하,24,0,11,19,5
경남,사천시,21-30세,73,1,41,91,6
경남,사천시,31-40세,93,0,49,104,10
경남,사천시,41-50세,127,2,57,111,18
경남,사천시,51-60세,172,4,68,160,28
경남,사천시,61-64세,60,0,35,58,7
경남,사천시,65세이상,114,4,49,90,19
경남,사천시,불명,5,0,1,1,3
경남,남해군,20세이하,1,0,1,0,0
경남,남해군,21-30세,11,0,9,4,3
경남,남해군,31-40세,13,1,7,10,1
경남,남해군,41-50세,31,0,19,20,7
경남,남해군,51-60세,63,4,43,57,11
경남,남해군,61-64세,16,0,19,6,3
경남,남해군,65세이상,57,3,32,23,22
경남,하동군,20세이하,3,0,2,0,1
경남,하동군,21-30세,12,0,11,18,1
경남,하동군,31-40세,9,3,7,2,0
경남,하동군,41-50세,30,1,21,19,1
경남,하동군,51-60세,29,3,20,15,4
경남,하동군,61-64세,22,1,12,21,4
경남,하동군,65세이상,38,3,18,24,4
경남,산청군,20세이하,2,1,3,0,1
경남,산청군,21-30세,21,0,13,17,5
경남,산청군,31-40세,14,0,8,15,1
경남,산청군,41-50세,26,0,18,33,7
경남,산청군,51-60세,51,1,40,34,5
경남,산청군,61-64세,16,0,14,10,2
경남,산청군,65세이상,43,0,26,37,8
경남,함양군,20세이하,2,0,0,1,2
경남,함양군,21-30세,13,0,5,11,2
경남,함양군,31-40세,17,1,8,14,4
경남,함양군,41-50세,34,1,18,21,6
경남,함양군,51-60세,58,3,35,49,13
경남,함양군,61-64세,17,0,9,13,5
경남,함양군,65세이상,58,2,39,34,9
경남,함양군,불명,2,0,0,1,1
경남,거창군,20세이하,14,0,7,10,3
경남,거창군,21-30세,13,2,5,8,0
경남,거창군,31-40세,21,1,7,14,1
경남,거창군,41-50세,46,1,24,31,3
경남,거창군,51-60세,72,6,42,43,6
경남,거창군,61-64세,23,1,9,21,0
경남,거창군,65세이상,60,4,25,55,5
경남,거창군,불명,1,0,0,1,0
경남,합천군,20세이하,3,0,1,2,0
경남,합천군,21-30세,15,1,9,13,1
경남,합천군,31-40세,22,0,14,15,1
경남,합천군,41-50세,24,1,16,16,0
경남,합천군,51-60세,50,1,36,27,0
경남,합천군,61-64세,22,1,22,8,2
경남,합천군,65세이상,48,6,24,35,0
경남,창원시(통합),20세이하,82,0,29,73,2
경남,창원시(통합),21-30세,380,10,162,345,15
경남,창원시(통합),31-40세,491,8,215,452,20
경남,창원시(통합),41-50세,650,12,265,617,31
경남,창원시(통합),51-60세,831,17,364,765,51
경남,창원시(통합),61-64세,324,7,123,298,18
경남,창원시(통합),65세이상,432,8,161,424,37
경남,창원시(통합),불명,55,0,8,39,10
제주,제주시,20세이하,82,0,23,78,24
제주,제주시,21-30세,561,3,156,656,110
제주,제주시,31-40세,555,7,130,623,77
제주,제주시,41-50세,630,11,163,687,139
제주,제주시,51-60세,680,5,188,732,109
제주,제주시,61-64세,216,4,54,208,52
제주,제주시,65세이상,378,10,94,359,63
제주,제주시,불명,37,0,7,27,7
제주,서귀포시,20세이하,31,0,11,32,11
제주,서귀포시,21-30세,226,2,105,231,48
제주,서귀포시,31-40세,186,2,77,197,36
제주,서귀포시,41-50세,241,5,96,263,43
제주,서귀포시,51-60세,258,8,89,274,31
제주,서귀포시,61-64세,99,1,48,114,12
제주,서귀포시,65세이상,219,8,92,192,37
제주,서귀포시,불명,13,0,1,2,10
대구,중구,20세이하,37,0,6,35,21
대구,중구,21-30세,154,2,42,153,44
대구,중구,31-40세,116,1,29,122,26
대구,중구,41-50세,118,1,31,133,32
대구,중구,51-60세,181,2,46,190,54
대구,중구,61-64세,82,1,24,72,16
대구,중구,65세이상,146,4,41,131,37
대구,중구,불명,35,0,4,22,14
대구,동구,20세이하,54,0,16,55,16
대구,동구,21-30세,249,1,67,289,29
대구,동구,31-40세,238,4,67,250,32
대구,동구,41-50세,343,4,113,402,46
대구,동구,51-60세,492,4,141,545,52
대구,동구,61-64세,180,1,41,211,10
대구,동구,65세이상,329,5,113,371,33
대구,동구,불명,69,0,7,42,27
대구,서구,20세이하,50,1,15,38,9
대구,서구,21-30세,182,1,52,203,25
대구,서구,31-40세,134,1,46,135,18
대구,서구,41-50세,217,1,84,227,33
대구,서구,51-60세,339,0,114,362,38
대구,서구,61-64세,138,2,46,136,14
대구,서구,65세이상,221,2,60,226,40
대구,서구,불명,36,0,1,17,19
대구,남구,20세이하,31,0,6,41,12
대구,남구,21-30세,130,1,40,139,12
대구,남구,31-40세,139,0,49,151,11
대구,남구,41-50세,156,0,38,159,16
대구,남구,51-60세,187,0,60,208,18
대구,남구,61-64세,79,1,30,84,8
대구,남구,65세이상,153,2,37,147,23
대구,남구,불명,27,0,2,20,7
대구,북구,20세이하,101,0,23,98,19
대구,북구,21-30세,320,3,101,353,46
대구,북구,31-40세,339,5,112,347,45
대구,북구,41-50세,485,6,156,534,54
대구,북구,51-60세,608,1,211,592,65
대구,북구,61-64세,161,3,53,177,14
대구,북구,65세이상,345,4,104,338,42
대구,북구,불명,54,0,12,31,17
대구,수성구,20세이하,76,0,16,65,24
대구,수성구,21-30세,369,1,103,448,38
대구,수성구,31-40세,355,2,84,415,39
대구,수성구,41-50세,524,0,141,544,58
대구,수성구,51-60세,546,3,150,623,63
대구,수성구,61-64세,197,1,62,214,31
대구,수성구,65세이상,324,2,97,370,30
대구,수성구,불명,45,0,7,25,16
대구,달서구,20세이하,180,0,41,172,60
대구,달서구,21-30세,535,3,153,606,61
대구,달서구,31-40세,546,3,137,583,61
대구,달서구,41-50세,712,3,187,804,71
대구,달서구,51-60세,892,7,245,958,82
대구,달서구,61-64세,281,0,64,308,26
대구,달서구,65세이상,450,1,98,513,63
대구,달서구,불명,83,0,10,48,30
대구,달성군,20세이하,37,3,13,34,4
대구,달성군,21-30세,121,2,45,112,21
대구,달성군,31-40세,187,3,62,194,27
대구,달성군,41-50세,178,5,69,185,14
대구,달성군,51-60세,211,6,86,196,15
대구,달성군,61-64세,81,1,36,90,4
대구,달성군,65세이상,131,2,40,149,18
대구,달성군,불명,20,0,4,12,4
인천,중구,20세이하,17,0,7,17,6
인천,중구,21-30세,81,0,40,90,4
인천,중구,31-40세,106,0,24,155,11
인천,중구,41-50세,126,1,52,165,7
인천,중구,51-60세,163,2,46,210,5
인천,중구,61-64세,52,2,20,64,3
인천,중구,65세이상,73,1,27,83,4
인천,중구,불명,13,0,4,9,9
인천,동구,20세이하,2,0,0,4,0
인천,동구,21-30세,14,1,4,18,1
인천,동구,31-40세,24,1,7,30,0
인천,동구,41-50세,32,0,15,26,0
인천,동구,51-60세,52,1,12,55,1
인천,동구,61-64세,9,0,1,10,0
인천,동구,65세이상,20,0,4,22,4
인천,동구,불명,1,0,1,0,0
인천,미추홀구,20세이하,32,1,7,27,6
인천,미추홀구,21-30세,187,0,46,196,21
인천,미추홀구,31-40세,199,5,52,199,16
인천,미추홀구,41-50세,223,2,59,225,17
인천,미추홀구,51-60세,283,3,79,282,28
인천,미추홀구,61-64세,98,2,31,87,11
인천,미추홀구,65세이상,142,4,36,132,16
인천,미추홀구,불명,65,0,3,19,46
인천,부평구,20세이하,41,0,14,39,3
인천,부평구,21-30세,224,2,61,256,4
인천,부평구,31-40세,202,2,53,203,6
인천,부평구,41-50세,229,1,58,238,9
인천,부평구,51-60세,300,4,75,328,9
인천,부평구,61-64세,103,5,29,98,7
인천,부평구,65세이상,146,2,34,147,3
인천,부평구,불명,33,0,2,27,6
인천,남동구,20세이하,51,1,15,53,10
인천,남동구,21-30세,280,1,89,316,12
인천,남동구,31-40세,308,6,77,357,19
인천,남동구,41-50세,308,3,71,332,17
인천,남동구,51-60세,507,4,138,546,24
인천,남동구,61-64세,174,5,55,195,9
인천,남동구,65세이상,240,3,58,266,9
인천,남동구,불명,69,0,7,53,19
인천,서구,20세이하,67,0,28,58,2
인천,서구,21-30세,237,5,65,256,15
인천,서구,31-40세,290,3,89,324,9
인천,서구,41-50세,340,6,90,392,6
인천,서구,51-60세,411,0,129,474,8
인천,서구,61-64세,144,2,42,153,2
인천,서구,65세이상,171,4,46,175,12
인천,서구,불명,28,0,4,22,5
인천,연수구,20세이하,21,1,6,22,0
인천,연수구,21-30세,99,3,31,115,4
인천,연수구,31-40세,124,2,38,134,5
인천,연수구,41-50세,140,0,33,154,8
인천,연수구,51-60세,171,3,44,188,5
인천,연수구,61-64세,52,1,11,65,2
인천,연수구,65세이상,54,0,23,57,1
인천,연수구,불명,9,0,1,3,5
인천,계양구,20세이하,28,0,9,24,2
인천,계양구,21-30세,104,1,24,116,4
인천,계양구,31-40세,132,1,33,152,10
인천,계양구,41-50세,165,2,47,173,3
인천,계양구,51-60세,260,2,76,270,9
인천,계양구,61-64세,63,1,20,63,2
인천,계양구,65세이상,114,3,31,98,10
인천,계양구,불명,13,0,0,9,5
인천,강화군,20세이하,4,0,1,3,0
인천,강화군,21-30세,20,0,7,22,0
인천,강화군,31-40세,19,1,7,17,0
인천,강화군,41-50세,28,2,13,26,0
인천,강화군,51-60세,54,4,21,52,0
인천,강화군,61-64세,27,0,13,29,1
인천,강화군,65세이상,46,3,18,45,1
인천,강화군,불명,2,0,1,1,0
인천,옹진군,21-30세,1,0,2,0,0
인천,옹진군,31-40세,5,0,2,3,1
인천,옹진군,41-50세,5,1,2,2,1
인천,옹진군,51-60세,12,1,4,21,0
인천,옹진군,61-64세,3,0,3,1,0
인천,옹진군,65세이상,6,1,7,2,4
광주,동구,20세이하,29,0,10,45,2
광주,동구,21-30세,94,1,17,137,7
광주,동구,31-40세,77,1,18,100,5
광주,동구,41-50세,81,0,16,112,4
광주,동구,51-60세,130,2,32,157,6
광주,동구,61-64세,72,2,13,82,1
광주,동구,65세이상,113,0,30,122,5
광주,동구,불명,8,0,1,10,1
광주,서구,20세이하,60,0,10,98,12
광주,서구,21-30세,350,2,63,511,20
광주,서구,31-40세,310,2,49,446,24
광주,서구,41-50세,453,0,53,655,29
광주,서구,51-60세,503,3,59,728,29
광주,서구,61-64세,147,0,28,187,5
광주,서구,65세이상,242,0,43,334,9
광주,서구,불명,41,0,1,41,7
광주,북구,20세이하,63,0,15,83,6
광주,북구,21-30세,385,3,78,534,18
광주,북구,31-40세,359,0,69,483,28
광주,북구,41-50세,422,4,76,527,21
광주,북구,51-60세,574,4,112,747,32
광주,북구,61-64세,225,1,37,344,12
광주,북구,65세이상,307,3,58,404,15
광주,북구,불명,95,0,3,68,31
광주,광산구,20세이하,101,1,21,136,12
광주,광산구,21-30세,325,0,68,464,22
광주,광산구,31-40세,377,1,69,551,25
광주,광산구,41-50세,437,3,78,641,38
광주,광산구,51-60세,485,6,75,640,35
광주,광산구,61-64세,153,3,35,218,13
광주,광산구,65세이상,195,1,42,265,15
광주,광산구,불명,56,0,4,58,6
광주,남구,20세이하,19,0,7,23,1
광주,남구,21-30세,107,2,20,160,4
광주,남구,31-40세,112,2,24,143,4
광주,남구,41-50세,179,0,37,257,6
광주,남구,51-60세,220,1,37,262,11
광주,남구,61-64세,95,0,12,121,4
광주,남구,65세이상,141,1,26,171,10
광주,남구,불명,27,0,0,24,6
대전,동구,20세이하,46,0,11,64,6
대전,동구,21-30세,180,3,46,230,12
대전,동구,31-40세,183,2,39,230,5
대전,동구,41-50세,269,2,65,332,7
대전,동구,51-60세,338,4,90,415,9
대전,동구,61-64세,140,0,26,176,4
대전,동구,65세이상,261,3,52,323,4
대전,동구,불명,13,0,3,12,1
대전,중구,20세이하,34,1,8,28,8
대전,중구,21-30세,163,0,46,187,9
대전,중구,31-40세,185,0,48,233,9
대전,중구,41-50세,245,4,76,269,16
대전,중구,51-60세,325,4,90,388,21
대전,중구,61-64세,156,0,44,173,8
대전,중구,65세이상,226,3,61,267,17
대전,중구,불명,14,0,4,9,3
대전,서구,20세이하,59,0,12,73,11
대전,서구,21-30세,462,2,97,622,33
대전,서구,31-40세,449,6,121,552,31
대전,서구,41-50세,472,4,111,588,37
대전,서구,51-60세,576,7,123,694,37
대전,서구,61-64세,242,2,50,295,11
대전,서구,65세이상,343,2,80,396,25
대전,서구,불명,74,0,5,89,3
대전,유성구,20세이하,39,0,12,30,8
대전,유성구,21-30세,316,3,75,386,24
대전,유성구,31-40세,342,3,78,440,27
대전,유성구,41-50세,397,0,98,496,48
대전,유성구,51-60세,515,4,106,627,65
대전,유성구,61-64세,166,1,38,213,9
대전,유성구,65세이상,230,3,53,272,29
대전,유성구,불명,22,0,4,21,2
대전,대덕구,20세이하,14,1,5,13,1
대전,대덕구,21-30세,111,1,15,150,4
대전,대덕구,31-40세,111,2,31,116,4
대전,대덕구,41-50세,152,3,38,168,5
대전,대덕구,51-60세,258,3,66,289,12
대전,대덕구,61-64세,88,2,24,99,9
대전,대덕구,65세이상,109,2,29,111,5
대전,대덕구,불명,12,0,3,7,4
울산,중구,20세이하,29,0,11,16,8
울산,중구,21-30세,90,1,30,82,20
울산,중구,31-40세,98,1,37,91,9
울산,중구,41-50세,144,1,43,151,16
울산,중구,51-60세,196,2,69,204,26
울산,중구,61-64세,64,0,24,61,10
울산,중구,65세이상,104,0,37,107,11
울산,중구,불명,12,0,1,10,2
울산,남구,20세이하,31,0,11,24,11
울산,남구,21-30세,219,2,69,214,19
울산,남구,31-40세,237,2,72,230,24
울산,남구,41-50세,251,1,103,254,12
울산,남구,51-60세,340,2,124,316,31
울산,남구,61-64세,116,0,45,98,14
울산,남구,65세이상,164,2,64,148,16
울산,남구,불명,25,0,3,15,8
울산,동구,20세이하,20,0,6,24,0
울산,동구,21-30세,89,0,37,93,6
울산,동구,31-40세,123,0,41,124,3
울산,동구,41-50세,115,1,41,90,3
울산,동구,51-60세,149,0,44,145,1
울산,동구,61-64세,39,0,10,32,0
울산,동구,65세이상,80,0,30,70,4
울산,동구,불명,13,0,2,10,1
울산,북구,20세이하,25,2,13,26,4
울산,북구,21-30세,110,4,41,111,14
울산,북구,31-40세,120,2,44,110,19
울산,북구,41-50세,145,2,46,163,18
울산,북구,51-60세,168,0,76,169,22
울산,북구,61-64세,59,1,31,87,7
울산,북구,65세이상,55,2,29,59,10
울산,북구,불명,11,0,2,6,3
울산,울주군,20세이하,22,1,7,16,6
울산,울주군,21-30세,127,3,57,127,23
울산,울주군,31-40세,128,5,53,107,22
울산,울주군,41-50세,184,3,77,177,24
울산,울주군,51-60세,222,3,77,237,24
울산,울주군,61-64세,96,2,34,126,14
울산,울주군,65세이상,118,10,42,104,10
울산,울주군,불명,9,0,3,5,1
세종,세종시,20세이하,36,1,15,31,2
세종,세종시,21-30세,119,4,38,124,4
세종,세종시,31-40세,183,1,83,184,5
세종,세종시,41-50세,203,3,80,193,4
세종,세종시,51-60세,189,2,90,172,6
세종,세종시,61-64세,62,0,22,59,1
세종,세종시,65세이상,113,4,51,119,1
세종,세종시,불명,17,0,3,11,3
