시도,시군구,시간대,사고건수,사망자수,중상자수,경상자수,부상신고자수
서울,종로구,00시-02시,63,1,18,55,9
서울,종로구,02시-04시,40,1,12,34,8
서울,종로구,04시-06시,36,0,22,38,4
서울,종로구,06시-08시,63,0,18,61,7
서울,종로구,08시-10시,106,0,24,103,10
서울,종로구,10시-12시,109,0,23,94,20
서울,종로구,12시-14시,129,1,37,113,16
서울,종로구,14시-16시,127,0,27,140,22
서울,종로구,16시-18시,119,0,29,113,30
서울,종로구,18시-20시,141,2,40,138,20
서울,종로구,20시-22시,96,0,28,90,11
서울,종로구,22시-24시,104,1,34,96,15
서울,중구,00시-02시,65,0,24,55,13
서울,중구,02시-04시,35,0,12,30,6
서울,중구,04시-06시,43,1,24,33,2
서울,중구,06시-08시,53,0,17,46,4
서울,중구,08시-10시,101,0,35,82,12
서울,중구,10시-12시,122,1,34,103,17
서울,중구,12시-14시,146,1,36,141,20
서울,중구,14시-16시,157,1,52,132,21
서울,중구,16시-18시,140,1,33,136,12
서울,중구,18시-20시,124,0,38,137,21
서울,중구,20시-22시,113,0,33,122,23
서울,중구,22시-24시,85,0,27,66,16
서울,용산구,00시-02시,95,2,33,110,8
서울,용산구,02시-04시,65,1,19,73,3
서울,용산구,04시-06시,67,2,23,66,3
서울,용산구,06시-08시,59,2,12,56,2
서울,용산구,08시-10시,94,0,25,89,1
서울,용산구,10시-12시,97,0,29,96,7
서울,용산구,12시-14시,117,0,28,122,9
서울,용산구,14시-16시,127,2,20,132,10
서울,용산구,16시-18시,113,0,28,133,5
서울,용산구,18시-20시,156,0,45,160,4
서울,용산구,20시-22시,99,1,31,85,13
서울,용산구,22시-24시,98,0,23,106,5
서울,성동구,00시-02시,62,2,20,64,8
서울,성동구,02시-04시,34,1,13,36,1
서울,성동구,04시-06시,29,1,12,26,2
서울,성동구,06시-08시,53,2,14,44,3
서울,성동구,08시-10시,121,0,35,114,8
서울,성동구,10시-12시,109,2,29,111,8
서울,성동구,12시-14시,119,1,26,134,5
서울,성동구,14시-16시,118,1,37,95,9
서울,성동구,16시-18시,128,0,34,136,7
서울,성동구,18시-20시,139,1,35,125,16
서울,성동구,20시-22시,91,1,22,84,1
서울,성동구,22시-24시,88,1,17,94,14
서울,동대문구,00시-02시,83,1,33,84,6
서울,동대문구,02시-04시,44,0,12,46,5
서울,동대문구,04시-06시,39,3,17,24,1
서울,동대문구,06시-08시,74,2,27,58,3
서울,동대문구,08시-10시,165,1,45,140,16
서울,동대문구,10시-12시,162,0,46,133,18
서울,동대문구,12시-14시,178,0,60,153,16
서울,동대문구,14시-16시,175,1,48,145,19
서울,동대문구,16시-18시,197,1,60,171,18
서울,동대문구,18시-20시,195,0,67,162,18
서울,동대문구,20시-22시,131,2,49,123,10
서울,동대문구,22시-24시,122,4,43,101,11
서울,성북구,00시-02시,78,0,24,96,9
서울,성북구,02시-04시,50,1,19,51,4
서울,성북구,04시-06시,62,1,23,60,4
서울,성북구,06시-08시,78,3,26,51,7
서울,성북구,08시-10시,164,1,40,171,10
서울,성북구,10시-12시,156,0,54,151,15
서울,성북구,12시-14시,140,1,39,142,12
서울,성북구,14시-16시,151,0,47,139,8
서울,성북구,16시-18시,187,0,65,156,20
서울,성북구,18시-20시,197,0,40,190,13
서울,성북구,20시-22시,130,1,39,116,6
서울,성북구,22시-24시,116,0,31,121,8
서울,도봉구,00시-02시,43,0,11,45,6
서울,도봉구,02시-04시,24,0,8,28,2
서울,도봉구,04시-06시,22,1,7,17,4
서울,도봉구,06시-08시,37,0,16,34,2
서울,도봉구,08시-10시,76,0,25,75,13
서울,도봉구,10시-12시,67,1,25,50,8
서울,도봉구,12시-14시,96,0,41,76,16
서울,도봉구,14시-16시,100,0,33,79,21
서울,도봉구,16시-18시,108,0,42,70,15
서울,도봉구,18시-20시,121,0,35,105,18
서울,도봉구,20시-22시,91,0,24,88,20
서울,도봉구,22시-24시,67,2,19,75,10
서울,은평구,00시-02시,53,0,21,52,4
서울,은평구,02시-04시,34,0,13,27,6
서울,은평구,04시-06시,30,0,11,29,2
서울,은평구,06시-08시,67,0,25,54,7
서울,은평구,08시-10시,111,0,37,87,15
서울,은평구,10시-12시,101,1,39,69,21
서울,은평구,12시-14시,110,0,31,103,16
서울,은평구,14시-16시,132,2,43,103,15
서울,은평구,16시-18시,131,2,40,122,12
서울,은평구,18시-20시,136,0,37,121,21
서울,은평구,20시-22시,129,1,40,96,19
서울,은평구,22시-24시,85,1,32,83,11
서울,서대문구,00시-02시,62,0,15,58,10
서울,서대문구,02시-04시,43,1,13,33,5
서울,서대문구,04시-06시,44,1,17,35,11
서울,서대문구,06시-08시,64,1,25,51,7
서울,서대문구,08시-10시,120,1,41,162,29
서울,서대문구,10시-12시,100,2,27,104,22
서울,서대문구,12시-14시,112,2,26,108,37
서울,서대문구,14시-16시,116,2,27,101,32
서울,서대문구,16시-18시,132,0,32,116,38
서울,서대문구,18시-20시,146,1,30,121,34
서울,서대문구,20시-22시,93,3,37,77,30
서울,서대문구,22시-24시,81,0,21,62,15
서울,마포구,00시-02시,88,0,20,96,9
서울,마포구,02시-04시,73,1,27,78,7
서울,마포구,04시-06시,69,1,31,79,11
서울,마포구,06시-08시,76,1,24,80,7
서울,마포구,08시-10시,135,1,38,146,14
서울,마포구,10시-12시,121,0,22,118,19
서울,마포구,12시-14시,142,1,40,136,16
서울,마포구,14시-16시,147,0,43,142,18
서울,마포구,16시-18시,155,0,39,134,28
서울,마포구,18시-20시,171,0,43,158,24
서울,마포구,20시-22시,165,0,49,173,19
서울,마포구,22시-24시,152,2,34,181,20
서울,강서구,00시-02시,111,2,24,115,13
서울,강서구,02시-04시,55,3,16,48,4
서울,강서구,04시-06시,77,3,17,74,4
서울,강서구,06시-08시,102,1,33,106,4
서울,강서구,08시-10시,181,2,39,162,27
서울,강서구,10시-12시,157,0,41,155,10
서울,강서구,12시-14시,193,3,53,184,24
서울,강서구,14시-16시,168,1,54,176,32
서울,강서구,16시-18시,225,2,65,216,14
서울,강서구,18시-20시,236,3,55,243,18
서울,강서구,20시-22시,164,0,36,186,27
서울,강서구,22시-24시,160,0,37,169,10
서울,구로구,00시-02시,88,3,29,110,10
서울,구로구,02시-04시,46,2,14,47,2
서울,구로구,04시-06시,53,1,23,50,3
서울,구로구,06시-08시,75,3,20,65,4
서울,구로구,08시-10시,151,1,47,134,16
서울,구로구,10시-12시,147,0,29,158,13
서울,구로구,12시-14시,135,1,32,130,15
서울,구로구,14시-16시,136,0,38,139,9
서울,구로구,16시-18시,193,1,62,193,10
서울,구로구,18시-20시,238,0,67,218,24
서울,구로구,20시-22시,146,0,48,149,16
서울,구로구,22시-24시,121,1,29,135,8
서울,영등포구,00시-02시,134,2,35,148,7
서울,영등포구,02시-04시,91,2,23,112,11
서울,영등포구,04시-06시,83,3,34,88,13
서울,영등포구,06시-08시,106,1,19,116,17
서울,영등포구,08시-10시,243,1,55,221,25
서울,영등포구,10시-12시,223,0,49,231,31
서울,영등포구,12시-14시,264,0,49,268,39
서울,영등포구,14시-16시,281,1,78,271,42
서울,영등포구,16시-18시,275,0,52,287,40
서울,영등포구,18시-20시,304,1,75,307,38
서울,영등포구,20시-22시,221,0,74,207,26
서울,영등포구,22시-24시,214,0,63,276,24
서울,동작구,00시-02시,84,3,25,82,17
서울,동작구,02시-04시,41,0,14,46,7
서울,동작구,04시-06시,40,1,12,41,8
서울,동작구,06시-08시,70,0,13,69,15
서울,동작구,08시-10시,146,0,38,116,26
서울,동작구,10시-12시,136,1,47,134,30
서울,동작구,12시-14시,130,0,34,120,18
서울,동작구,14시-16시,165,0,56,170,33
서울,동작구,16시-18시,172,0,49,171,31
서울,동작구,18시-20시,184,0,53,169,24
서울,동작구,20시-22시,125,0,33,127,21
서울,동작구,22시-24시,113,0,28,121,23
서울,관악구,00시-02시,102,1,37,97,8
서울,관악구,02시-04시,60,1,16,56,4
서울,관악구,04시-06시,54,0,23,43,6
서울,관악구,06시-08시,74,0,20,65,11
서울,관악구,08시-10시,119,0,33,112,9
서울,관악구,10시-12시,108,1,41,101,7
서울,관악구,12시-14시,120,2,27,111,11
서울,관악구,14시-16시,128,0,34,116,4
서울,관악구,16시-18시,163,0,35,161,16
서울,관악구,18시-20시,155,2,43,127,12
서울,관악구,20시-22시,140,2,28,151,14
서울,관악구,22시-24시,140,1,39,124,13
서울,강남구,00시-02시,247,3,68,266,21
서울,강남구,02시-04시,177,1,40,212,22
서울,강남구,04시-06시,133,2,37,173,10
서울,강남구,06시-08시,169,0,35,180,18
서울,강남구,08시-10시,304,0,55,316,42
서울,강남구,10시-12시,312,0,63,309,37
서울,강남구,12시-14시,392,2,69,423,52
서울,강남구,14시-16시,383,1,84,372,49
서울,강남구,16시-18시,474,1,99,480,78
서울,강남구,18시-20시,471,1,90,480,61
서울,강남구,20시-22시,341,0,76,368,34
서울,강남구,22시-24시,319,3,78,345,40
서울,강동구,00시-02시,59,2,11,59,10
서울,강동구,02시-04시,43,1,17,39,6
서울,강동구,04시-06시,57,3,18,50,3
서울,강동구,06시-08시,86,1,27,77,17
서울,강동구,08시-10시,158,0,47,129,22
서울,강동구,10시-12시,111,0,35,101,21
서울,강동구,12시-14시,118,0,37,117,15
서울,강동구,14시-16시,171,2,47,168,13
서울,강동구,16시-18시,173,1,60,142,17
서울,강동구,18시-20시,174,1,46,140,30
서울,강동구,20시-22시,144,0,41,146,19
서울,강동구,22시-24시,120,0,44,122,17
서울,송파구,00시-02시,162,2,41,188,19
서울,송파구,02시-04시,87,0,28,71,14
서울,송파구,04시-06시,88,3,35,82,10
서울,송파구,06시-08시,141,1,57,146,24
서울,송파구,08시-10시,311,0,60,312,48
서울,송파구,10시-12시,262,1,69,255,29
서울,송파구,12시-14시,263,1,54,262,42
서울,송파구,14시-16시,311,1,91,283,75
서울,송파구,16시-18시,347,1,77,335,60
서울,송파구,18시-20시,373,0,95,337,53
서울,송파구,20시-22시,297,0,65,298,38
서울,송파구,22시-24시,250,3,64,254,32
서울,서초구,00시-02시,130,3,33,136,16
서울,서초구,02시-04시,93,2,31,95,12
서울,서초구,04시-06시,73,2,15,87,7
서울,서초구,06시-08시,135,0,40,137,18
서울,서초구,08시-10시,231,1,48,242,27
서울,서초구,10시-12시,242,1,61,265,23
서울,서초구,12시-14시,259,0,48,301,33
서울,서초구,14시-16시,265,3,57,323,27
서울,서초구,16시-18시,303,0,69,318,30
서울,서초구,18시-20시,274,0,62,280,29
서울,서초구,20시-22시,219,1,58,219,32
서울,서초구,22시-24시,194,1,49,228,74
서울,양천구,00시-02시,75,1,21,86,10
서울,양천구,02시-04시,32,1,9,34,7
서울,양천구,04시-06시,62,2,15,59,15
서울,양천구,06시-08시,86,1,25,89,8
서울,양천구,08시-10시,181,1,31,198,25
서울,양천구,10시-12시,147,1,39,160,12
서울,양천구,12시-14시,141,0,28,143,18
서울,양천구,14시-16시,159,0,32,156,26
서울,양천구,16시-18시,188,1,50,184,34
서울,양천구,18시-20시,185,1,36,163,23
서울,양천구,20시-22시,146,2,33,150,21
서울,양천구,22시-24시,104,0,23,105,17
서울,중랑구,00시-02시,82,1,26,68,20
서울,중랑구,02시-04시,45,2,10,48,10
서울,중랑구,04시-06시,57,1,15,43,9
서울,중랑구,06시-08시,81,2,21,80,9
서울,중랑구,08시-10시,173,3,58,133,26
서울,중랑구,10시-12시,139,0,45,123,12
서울,중랑구,12시-14시,172,0,52,135,18
서울,중랑구,14시-16시,163,1,49,144,21
서울,중랑구,16시-18시,197,1,49,180,33
서울,중랑구,18시-20시,228,0,63,231,29
서울,중랑구,20시-22시,160,0,42,142,21
서울,중랑구,22시-24시,123,1,32,111,14
서울,노원구,00시-02시,74,0,30,73,6
서울,노원구,02시-04시,47,0,16,47,4
서울,노원구,04시-06시,50,2,13,48,3
서울,노원구,06시-08시,97,0,24,92,7
서울,노원구,08시-10시,177,2,53,156,23
서울,노원구,10시-12시,160,0,47,159,20
서울,노원구,12시-14시,167,1,47,170,19
서울,노원구,14시-16시,200,0,64,200,16
서울,노원구,16시-18시,221,0,53,233,23
서울,노원구,18시-20시,222,1,53,201,23
서울,노원구,20시-22시,170,0,47,160,12
서울,노원구,22시-24시,118,2,37,113,10
서울,광진구,00시-02시,73,0,25,90,2
서울,광진구,02시-04시,39,1,14,34,2
서울,광진구,04시-06시,33,0,13,30,3
서울,광진구,06시-08시,54,0,34,41,0
서울,광진구,08시-10시,78,0,22,84,3
서울,광진구,10시-12시,81,0,24,71,7
서울,광진구,12시-14시,84,0,20,75,7
서울,광진구,14시-16시,103,0,32,90,8
서울,광진구,16시-18시,133,0,28,137,10
서울,광진구,18시-20시,113,0,31,114,7
서울,광진구,20시-22시,95,1,23,86,14
서울,광진구,22시-24시,87,1,27,103,5
서울,강북구,00시-02시,79,2,27,86,3
서울,강북구,02시-04시,52,0,15,55,5
서울,강북구,04시-06시,50,0,10,56,2
서울,강북구,06시-08시,63,0,20,66,2
서울,강북구,08시-10시,118,1,31,120,2
서울,강북구,10시-12시,97,1,27,94,5
서울,강북구,12시-14시,128,0,28,120,15
서울,강북구,14시-16시,132,0,28,133,7
서울,강북구,16시-18시,131,0,24,141,8
서울,강북구,18시-20시,173,2,42,168,11
서울,강북구,20시-22시,150,0,34,165,5
서울,강북구,22시-24시,104,1,28,113,10
서울,금천구,00시-02시,47,0,21,51,2
서울,금천구,02시-04시,34,1,10,30,1
서울,금천구,04시-06시,38,0,22,49,7
서울,금천구,06시-08시,46,0,11,58,1
서울,금천구,08시-10시,81,0,26,76,3
서울,금천구,10시-12시,77,2,17,73,6
서울,금천구,12시-14시,92,1,28,105,9
서울,금천구,14시-16시,79,1,17,74,11
서울,금천구,16시-18시,94,1,25,106,9
서울,금천구,18시-20시,139,0,40,145,9
서울,금천구,20시-22시,117,2,37,132,20
서울,금천구,22시-24시,76,1,26,87,9
부산,중구,00시-02시,10,0,0,13,0
부산,중구,02시-04시,6,0,2,5,0
부산,중구,04시-06시,8,1,5,3,0
부산,중구,06시-08시,14,0,7,10,2
부산,중구,08시-10시,26,0,7,18,6
부산,중구,10시-12시,26,0,8,24,3
부산,중구,12시-14시,43,0,11,32,8
부산,중구,14시-16시,35,0,12,28,4
부산,중구,16시-18시,41,0,10,41,5
부산,중구,18시-20시,45,0,17,43,4
부산,중구,20시-22시,19,0,5,17,0
부산,중구,22시-24시,22,0,8,25,1
부산,서구,00시-02시,22,0,15,14,2
부산,서구,02시-04시,16,1,5,21,2
부산,서구,04시-06시,16,0,12,16,0
부산,서구,06시-08시,27,0,8,21,7
부산,서구,08시-10시,52,0,27,39,7
부산,서구,10시-12시,50,0,14,56,7
부산,서구,12시-14시,57,0,25,44,8
부산,서구,14시-16시,49,0,13,53,4
부산,서구,16시-18시,59,0,20,57,4
부산,서구,18시-20시,47,0,18,39,7
부산,서구,20시-22시,46,0,15,44,6
부산,서구,22시-24시,33,1,7,39,8
부산,동구,00시-02시,22,0,8,28,1
부산,동구,02시-04시,18,0,5,14,6
부산,동구,04시-06시,20,0,14,19,3
부산,동구,06시-08시,32,0,25,29,2
부산,동구,08시-10시,50,0,8,46,11
부산,동구,10시-12시,66,0,19,56,9
부산,동구,12시-14시,71,2,23,69,12
부산,동구,14시-16시,72,0,22,65,7
부산,동구,16시-18시,68,1,26,75,3
부산,동구,18시-20시,70,0,17,61,6
부산,동구,20시-22시,41,0,15,46,5
부산,동구,22시-24시,44,0,14,53,4
부산,영도구,00시-02시,21,2,8,24,1
부산,영도구,02시-04시,10,0,4,6,2
부산,영도구,04시-06시,4,0,2,2,0
부산,영도구,06시-08시,22,0,11,19,2
부산,영도구,08시-10시,32,0,13,24,2
부산,영도구,10시-12시,40,1,8,34,3
부산,영도구,12시-14시,35,0,12,37,5
부산,영도구,14시-16시,45,0,10,46,1
부산,영도구,16시-18시,51,0,23,31,11
부산,영도구,18시-20시,44,0,23,35,5
부산,영도구,20시-22시,22,0,5,23,2
부산,영도구,22시-24시,22,0,6,20,4
부산,부산진구,00시-02시,105,0,46,117,9
부산,부산진구,02시-04시,77,2,30,80,10
부산,부산진구,04시-06시,70,3,31,55,7
부산,부산진구,06시-08시,80,1,28,65,8
부산,부산진구,08시-10시,126,1,37,110,10
부산,부산진구,10시-12시,138,0,43,124,16
부산,부산진구,12시-14시,180,2,72,154,23
부산,부산진구,14시-16시,183,0,58,166,22
부산,부산진구,16시-18시,204,0,66,194,27
부산,부산진구,18시-20시,214,1,88,164,23
부산,부산진구,20시-22시,169,2,61,142,17
부산,부산진구,22시-24시,142,2,45,138,18
부산,동래구,00시-02시,48,0,13,51,8
부산,동래구,02시-04시,31,2,18,24,1
부산,동래구,04시-06시,31,1,14,27,3
부산,동래구,06시-08시,60,1,17,56,8
부산,동래구,08시-10시,111,0,21,97,13
부산,동래구,10시-12시,100,0,31,102,10
부산,동래구,12시-14시,123,0,34,112,14
부산,동래구,14시-16시,117,0,42,92,16
부산,동래구,16시-18시,143,0,39,134,18
부산,동래구,18시-20시,141,0,45,119,21
부산,동래구,20시-22시,112,1,25,120,10
부산,동래구,22시-24시,86,1,38,77,12
부산,남구,00시-02시,36,0,18,32,4
부산,남구,02시-04시,25,0,18,22,4
부산,남구,04시-06시,25,0,15,18,2
부산,남구,06시-08시,50,3,19,35,4
부산,남구,08시-10시,82,1,22,65,7
부산,남구,10시-12시,81,0,28,67,11
부산,남구,12시-14시,90,1,26,83,12
부산,남구,14시-16시,109,0,35,104,15
부산,남구,16시-18시,124,0,39,94,12
부산,남구,18시-20시,117,0,38,107,11
부산,남구,20시-22시,92,0,24,80,11
부산,남구,22시-24시,70,0,26,56,11
부산,북구,00시-02시,26,0,9,31,1
부산,북구,02시-04시,21,0,6,20,1
부산,북구,04시-06시,19,0,7,14,5
부산,북구,06시-08시,35,1,11,26,3
부산,북구,08시-10시,71,1,21,67,7
부산,북구,10시-12시,71,1,31,59,11
부산,북구,12시-14시,69,1,33,62,4
부산,북구,14시-16시,61,1,21,58,11
부산,북구,16시-18시,87,2,34,77,5
부산,북구,18시-20시,120,0,45,114,7
부산,북구,20시-22시,67,1,17,77,5
부산,북구,22시-24시,54,2,25,42,6
부산,해운대구,00시-02시,63,4,18,56,9
부산,해운대구,02시-04시,22,0,3,21,5
부산,해운대구,04시-06시,35,3,16,34,10
부산,해운대구,06시-08시,50,1,17,39,7
부산,해운대구,08시-10시,101,4,31,88,3
부산,해운대구,10시-12시,95,1,28,98,14
부산,해운대구,12시-14시,89,1,32,69,22
부산,해운대구,14시-16시,127,1,45,101,21
부산,해운대구,16시-18시,129,0,38,108,20
부산,해운대구,18시-20시,158,0,56,113,23
부산,해운대구,20시-22시,117,1,45,102,19
부산,해운대구,22시-24시,78,0,32,67,17
부산,사하구,00시-02시,56,0,18,48,9
부산,사하구,02시-04시,33,3,15,24,4
부산,사하구,04시-06시,38,2,24,29,3
부산,사하구,06시-08시,77,2,35,63,6
부산,사하구,08시-10시,100,1,33,99,11
부산,사하구,10시-12시,100,0,31,79,25
부산,사하구,12시-14시,99,2,30,76,15
부산,사하구,14시-16시,119,1,44,117,5
부산,사하구,16시-18시,143,0,44,136,15
부산,사하구,18시-20시,159,1,65,151,15
부산,사하구,20시-22시,115,0,43,102,15
부산,사하구,22시-24시,71,0,20,73,7
부산,금정구,00시-02시,26,0,9,22,6
부산,금정구,02시-04시,27,1,12,15,5
부산,금정구,04시-06시,19,2,8,15,2
부산,금정구,06시-08시,41,0,15,29,2
부산,금정구,08시-10시,80,0,34,70,13
부산,금정구,10시-12시,78,0,24,67,8
부산,금정구,12시-14시,77,1,23,82,12
부산,금정구,14시-16시,96,0,25,91,13
부산,금정구,16시-18시,112,0,31,104,15
부산,금정구,18시-20시,124,0,39,106,20
부산,금정구,20시-22시,74,1,28,65,9
부산,금정구,22시-24시,47,1,7,47,9
부산,강서구,00시-02시,8,0,1,10,0
부산,강서구,02시-04시,6,0,2,5,0
부산,강서구,04시-06시,17,0,10,19,1
부산,강서구,06시-08시,75,1,36,62,1
부산,강서구,08시-10시,84,0,34,77,9
부산,강서구,10시-12시,83,3,27,81,1
부산,강서구,12시-14시,59,1,18,59,4
부산,강서구,14시-16시,88,0,39,66,8
부산,강서구,16시-18시,75,0,35,76,2
부산,강서구,18시-20시,88,0,32,72,9
부산,강서구,20시-22시,55,3,25,48,2
부산,강서구,22시-24시,31,0,13,31,1
부산,연제구,00시-02시,39,0,11,48,4
부산,연제구,02시-04시,26,1,11,33,2
부산,연제구,04시-06시,25,0,13,19,2
부산,연제구,06시-08시,43,0,15,37,2
부산,연제구,08시-10시,82,0,19,77,7
부산,연제구,10시-12시,91,1,41,66,3
부산,연제구,12시-14시,89,0,19,85,10
부산,연제구,14시-16시,89,0,25,86,7
부산,연제구,16시-18시,103,0,25,107,11
부산,연제구,18시-20시,123,1,41,129,19
부산,연제구,20시-22시,92,0,35,75,10
부산,연제구,22시-24시,66,0,22,60,7
부산,수영구,00시-02시,44,0,11,45,7
부산,수영구,02시-04시,21,0,10,13,1
부산,수영구,04시-06시,25,2,11,18,3
부산,수영구,06시-08시,24,0,6,27,0
부산,수영구,08시-10시,70,0,24,58,16
부산,수영구,10시-12시,67,0,16,62,7
부산,수영구,12시-14시,82,0,19,101,10
부산,수영구,14시-16시,101,1,32,95,11
부산,수영구,16시-18시,102,0,38,77,11
부산,수영구,18시-20시,109,0,30,98,12
부산,수영구,20시-22시,86,1,24,79,9
부산,수영구,22시-24시,60,0,16,66,6
부산,사상구,00시-02시,44,1,17,32,12
부산,사상구,02시-04시,21,1,9,12,6
부산,사상구,04시-06시,32,0,14,27,13
부산,사상구,06시-08시,54,1,14,55,12
부산,사상구,08시-10시,126,1,39,99,22
부산,사상구,10시-12시,100,1,28,103,20
부산,사상구,12시-14시,118,0,25,99,39
부산,사상구,14시-16시,127,2,40,130,30
부산,사상구,16시-18시,163,3,34,141,42
부산,사상구,18시-20시,151,1,47,116,29
부산,사상구,20시-22시,90,1,23,76,14
부산,사상구,22시-24시,74,1,21,74,14
부산,기장군,00시-02시,10,0,3,14,0
부산,기장군,02시-04시,12,0,4,9,8
부산,기장군,04시-06시,11,1,2,24,1
부산,기장군,06시-08시,26,0,9,27,2
부산,기장군,08시-10시,48,0,11,55,3
부산,기장군,10시-12시,46,2,23,47,4
부산,기장군,12시-14시,51,1,20,55,2
부산,기장군,14시-16시,83,1,25,124,4
부산,기장군,16시-18시,79,1,25,86,6
부산,기장군,18시-20시,61,3,15,73,7
부산,기장군,20시-22시,49,1,13,48,12
부산,기장군,22시-24시,29,0,14,27,4
경기,수원시,00시-02시,253,3,64,291,25
경기,수원시,02시-04시,163,1,43,182,17
경기,수원시,04시-06시,183,4,53,167,35
경기,수원시,06시-08시,257,4,70,277,32
경기,수원시,08시-10시,506,3,122,533,68
경기,수원시,10시-12시,416,1,101,446,41
경기,수원시,12시-14시,437,3,105,501,52
경기,수원시,14시-16시,514,3,135,541,76
경기,수원시,16시-18시,567,1,109,595,76
경기,수원시,18시-20시,699,1,143,713,100
경기,수원시,20시-22시,517,3,133,522,82
경기,수원시,22시-24시,408,4,94,448,52
경기,성남시,00시-02시,186,6,62,201,46
경기,성남시,02시-04시,106,3,44,111,15
경기,성남시,04시-06시,123,9,60,96,14
경기,성남시,06시-08시,204,3,68,220,32
경기,성남시,08시-10시,379,1,123,382,59
경기,성남시,10시-12시,386,2,108,423,72
경기,성남시,12시-14시,384,3,108,422,73
경기,성남시,14시-16시,416,1,114,488,69
경기,성남시,16시-18시,428,1,135,443,60
경기,성남시,18시-20시,503,3,153,503,68
경기,성남시,20시-22시,381,4,123,363,45
경기,성남시,22시-24시,305,3,96,303,43
경기,의정부시,00시-02시,80,0,22,88,10
경기,의정부시,02시-04시,48,2,8,57,13
경기,의정부시,04시-06시,64,3,18,50,4
경기,의정부시,06시-08시,91,2,23,77,17
경기,의정부시,08시-10시,166,1,50,164,31
경기,의정부시,10시-12시,141,2,36,144,16
경기,의정부시,12시-14시,159,1,47,178,31
경기,의정부시,14시-16시,180,1,50,181,36
경기,의정부시,16시-18시,222,1,48,245,51
경기,의정부시,18시-20시,231,2,64,230,26
경기,의정부시,20시-22시,168,1,35,169,41
경기,의정부시,22시-24시,154,1,47,137,18
경기,안양시,00시-02시,100,2,34,115,6
경기,안양시,02시-04시,47,3,17,54,3
경기,안양시,04시-06시,41,1,14,45,6
경기,안양시,06시-08시,87,0,40,76,12
경기,안양시,08시-10시,160,0,41,157,5
경기,안양시,10시-12시,162,1,52,163,15
경기,안양시,12시-14시,160,2,47,172,19
경기,안양시,14시-16시,151,0,43,173,9
경기,안양시,16시-18시,187,2,57,192,22
경기,안양시,18시-20시,206,1,57,221,34
경기,안양시,20시-22시,179,4,49,198,12
경기,안양시,22시-24시,136,4,43,145,18
경기,부천시,00시-02시,158,2,42,181,16
경기,부천시,02시-04시,103,0,39,111,8
경기,부천시,04시-06시,119,3,39,117,12
경기,부천시,06시-08시,187,2,53,172,19
경기,부천시,08시-10시,373,0,80,403,32
경기,부천시,10시-12시,325,4,60,349,31
경기,부천시,12시-14시,382,0,118,415,30
경기,부천시,14시-16시,407,1,92,413,32
경기,부천시,16시-18시,468,3,128,478,41
경기,부천시,18시-20시,517,2,121,544,54
경기,부천시,20시-22시,361,0,83,379,34
경기,부천시,22시-24시,267,6,74,275,33
경기,안산시,00시-02시,177,3,71,202,15
경기,안산시,02시-04시,91,4,39,100,12
경기,안산시,04시-06시,119,4,37,120,11
경기,안산시,06시-08시,282,2,89,325,26
경기,안산시,08시-10시,405,1,98,437,18
경기,안산시,10시-12시,324,0,82,376,32
경기,안산시,12시-14시,347,0,99,423,20
경기,안산시,14시-16시,397,0,112,481,42
경기,안산시,16시-18시,484,3,114,551,40
경기,안산시,18시-20시,599,3,166,692,50
경기,안산시,20시-22시,438,4,131,496,34
경기,안산시,22시-24시,302,3,73,302,26
경기,평택시,00시-02시,143,7,43,188,33
경기,평택시,02시-04시,68,4,23,74,9
경기,평택시,04시-06시,161,2,63,181,39
경기,평택시,06시-08시,277,4,79,279,47
경기,평택시,08시-10시,320,2,97,373,67
경기,평택시,10시-12시,298,7,80,377,61
경기,평택시,12시-14시,341,7,88,383,87
경기,평택시,14시-16시,350,3,93,396,55
경기,평택시,16시-18시,459,4,117,522,98
경기,평택시,18시-20시,512,5,156,591,90
경기,평택시,20시-22시,354,4,93,396,60
경기,평택시,22시-24시,244,2,61,286,45
경기,광명시,00시-02시,50,1,11,40,23
경기,광명시,02시-04시,33,0,11,25,9
경기,광명시,04시-06시,27,1,14,12,7
경기,광명시,06시-08시,79,2,23,54,20
경기,광명시,08시-10시,117,0,29,88,30
경기,광명시,10시-12시,101,1,29,77,27
경기,광명시,12시-14시,100,1,24,79,35
경기,광명시,14시-16시,88,0,20,104,23
경기,광명시,16시-18시,124,3,27,98,57
경기,광명시,18시-20시,144,0,42,128,51
경기,광명시,20시-22시,119,0,35,96,33
경기,광명시,22시-24시,86,0,20,78,25
경기,구리시,00시-02시,42,1,8,52,4
경기,구리시,02시-04시,25,1,14,22,1
경기,구리시,04시-06시,27,2,7,28,0
경기,구리시,06시-08시,32,0,11,29,1
경기,구리시,08시-10시,80,0,18,84,12
경기,구리시,10시-12시,83,0,20,98,11
경기,구리시,12시-14시,89,0,23,110,6
경기,구리시,14시-16시,92,1,25,103,13
경기,구리시,16시-18시,86,0,9,95,9
경기,구리시,18시-20시,85,0,24,85,14
경기,구리시,20시-22시,56,0,15,59,9
경기,구리시,22시-24시,54,1,20,53,11
경기,양주시,00시-02시,27,1,4,31,3
경기,양주시,02시-04시,21,0,8,17,1
경기,양주시,04시-06시,23,1,8,23,1
경기,양주시,06시-08시,84,1,30,87,10
경기,양주시,08시-10시,136,0,30,145,11
경기,양주시,10시-12시,119,3,35,148,6
경기,양주시,12시-14시,114,1,19,134,7
경기,양주시,14시-16시,123,1,35,156,3
경기,양주시,16시-18시,158,6,37,188,21
경기,양주시,18시-20시,152,3,40,177,15
경기,양주시,20시-22시,111,2,38,130,12
경기,양주시,22시-24시,50,0,11,56,8
경기,여주시,00시-02시,17,0,5,18,3
경기,여주시,02시-04시,9,2,4,4,1
경기,여주시,04시-06시,10,0,8,13,8
경기,여주시,06시-08시,33,0,16,53,3
경기,여주시,08시-10시,58,2,19,57,4
경기,여주시,10시-12시,67,1,23,71,4
경기,여주시,12시-14시,81,0,31,94,17
경기,여주시,14시-16시,74,4,25,96,2
경기,여주시,16시-18시,75,4,25,102,13
경기,여주시,18시-20시,86,1,14,108,6
경기,여주시,20시-22시,56,2,26,64,5
경기,여주시,22시-24시,26,1,10,29,2
경기,화성시,00시-02시,131,4,39,153,7
경기,화성시,02시-04시,58,2,19,64,9
경기,화성시,04시-06시,76,4,36,76,4
경기,화성시,06시-08시,251,3,87,299,16
경기,화성시,08시-10시,319,3,91,387,30
경기,화성시,10시-12시,297,3,88,362,19
경기,화성시,12시-14시,270,3,81,363,27
경기,화성시,14시-16시,310,2,88,387,31
경기,화성시,16시-18시,387,0,91,459,42
경기,화성시,18시-20시,399,2,101,444,47
경기,화성시,20시-22시,316,5,116,357,34
경기,화성시,22시-24시,194,2,63,243,22
경기,시흥시,00시-02시,116,4,42,134,11
경기,시흥시,02시-04시,68,4,20,81,5
경기,시흥시,04시-06시,77,0,29,79,9
경기,시흥시,06시-08시,182,2,56,190,30
경기,시흥시,08시-10시,239,2,78,261,15
경기,시흥시,10시-12시,221,1,88,249,22
경기,시흥시,12시-14시,238,0,74,284,35
경기,시흥시,14시-16시,222,0,69,235,37
경기,시흥시,16시-18시,314,5,72,400,30
경기,시흥시,18시-20시,360,5,126,407,30
경기,시흥시,20시-22시,267,4,93,285,24
경기,시흥시,22시-24시,176,3,58,201,21
경기,파주시,00시-02시,50,1,14,58,5
경기,파주시,02시-04시,31,0,7,32,3
경기,파주시,04시-06시,39,1,15,28,3
경기,파주시,06시-08시,99,2,42,91,18
경기,파주시,08시-10시,186,2,63,200,23
경기,파주시,10시-12시,146,4,54,136,7
경기,파주시,12시-14시,175,2,55,199,11
경기,파주시,14시-16시,180,2,60,187,16
경기,파주시,16시-18시,214,0,55,240,21
경기,파주시,18시-20시,251,0,58,272,37
경기,파주시,20시-22시,179,7,49,176,25
경기,파주시,22시-24시,108,0,34,100,14
경기,고양시,00시-02시,172,5,57,182,25
경기,고양시,02시-04시,107,4,42,153,18
경기,고양시,04시-06시,89,2,36,77,14
경기,고양시,06시-08시,207,4,62,204,29
경기,고양시,08시-10시,436,5,117,441,82
경기,고양시,10시-12시,358,0,111,372,49
경기,고양시,12시-14시,391,1,101,452,50
경기,고양시,14시-16시,416,3,103,475,51
경기,고양시,16시-18시,495,2,115,528,82
경기,고양시,18시-20시,570,8,162,571,74
경기,고양시,20시-22시,355,2,100,327,60
경기,고양시,22시-24시,320,3,90,344,38
경기,광주시,00시-02시,62,3,22,59,10
경기,광주시,02시-04시,40,0,10,40,3
경기,광주시,04시-06시,41,1,6,49,7
경기,광주시,06시-08시,118,5,20,151,10
경기,광주시,08시-10시,220,0,57,244,21
경기,광주시,10시-12시,199,3,53,248,21
경기,광주시,12시-14시,212,3,61,249,15
경기,광주시,14시-16시,203,3,59,242,30
경기,광주시,16시-18시,222,0,41,274,37
경기,광주시,18시-20시,306,0,88,347,31
경기,광주시,20시-22시,152,1,36,170,16
경기,광주시,22시-24시,92,1,27,109,8
경기,연천군,00시-02시,5,1,2,4,0
경기,연천군,02시-04시,1,0,1,0,0
경기,연천군,04시-06시,3,0,1,2,0
경기,연천군,06시-08시,8,2,3,8,2
경기,연천군,08시-10시,25,0,14,37,2
경기,연천군,10시-12시,23,0,9,17,3
경기,연천군,12시-14시,25,0,11,30,7
경기,연천군,14시-16시,24,0,12,18,1
경기,연천군,16시-18시,26,1,14,30,0
경기,연천군,18시-20시,29,1,10,22,3
경기,연천군,20시-22시,14,6,8,11,1
경기,연천군,22시-24시,13,0,6,18,1
경기,포천시,00시-02시,41,0,11,55,3
경기,포천시,02시-04시,14,0,6,20,3
경기,포천시,04시-06시,15,2,3,13,0
경기,포천시,06시-08시,52,1,23,51,11
경기,포천시,08시-10시,94,0,31,91,17
경기,포천시,10시-12시,97,4,39,103,20
경기,포천시,12시-14시,99,3,48,125,18
경기,포천시,14시-16시,120,1,45,116,49
경기,포천시,16시-18시,112,2,36,134,14
경기,포천시,18시-20시,135,2,46,136,33
경기,포천시,20시-22시,67,0,26,74,12
경기,포천시,22시-24시,41,0,13,44,6
경기,가평군,00시-02시,10,1,6,11,0
경기,가평군,02시-04시,2,0,1,1,0
경기,가평군,04시-06시,6,1,1,4,0
경기,가평군,06시-08시,14,0,7,12,0
경기,가평군,08시-10시,35,1,17,33,3
경기,가평군,10시-12시,50,0,20,75,3
경기,가평군,12시-14시,65,0,15,87,12
경기,가평군,14시-16시,69,2,27,108,9
경기,가평군,16시-18시,53,0,25,62,3
경기,가평군,18시-20시,48,1,14,58,2
경기,가평군,20시-22시,34,2,11,37,1
경기,가평군,22시-24시,10,0,6,6,1
경기,양평군,00시-02시,11,2,6,7,4
경기,양평군,02시-04시,3,0,4,2,0
경기,양평군,04시-06시,12,0,3,9,1
경기,양평군,06시-08시,30,1,18,26,4
경기,양평군,08시-10시,54,3,20,42,9
경기,양평군,10시-12시,89,0,32,102,11
경기,양평군,12시-14시,95,1,39,107,14
경기,양평군,14시-16시,93,2,34,115,25
경기,양평군,16시-18시,88,0,29,110,17
경기,양평군,18시-20시,64,3,18,57,12
경기,양평군,20시-22시,32,1,10,34,8
경기,양평군,22시-24시,20,0,10,14,2
경기,이천시,00시-02시,38,3,13,43,6
경기,이천시,02시-04시,23,2,6,22,9
경기,이천시,04시-06시,25,0,12,15,2
경기,이천시,06시-08시,99,2,34,89,2
경기,이천시,08시-10시,118,3,33,141,12
경기,이천시,10시-12시,103,2,31,111,6
경기,이천시,12시-14시,123,4,36,187,12
경기,이천시,14시-16시,117,4,26,132,17
경기,이천시,16시-18시,117,1,36,137,7
경기,이천시,18시-20시,145,5,44,154,13
경기,이천시,20시-22시,118,6,39,141,9
경기,이천시,22시-24시,76,1,16,87,7
경기,용인시,00시-02시,128,2,45,118,29
경기,용인시,02시-04시,74,3,15,73,19
경기,용인시,04시-06시,81,4,36,65,12
경기,용인시,06시-08시,241,5,63,266,32
경기,용인시,08시-10시,423,3,105,522,109
경기,용인시,10시-12시,331,0,82,384,96
경기,용인시,12시-14시,348,0,105,466,66
경기,용인시,14시-16시,385,4,115,415,120
경기,용인시,16시-18시,440,3,132,502,95
경기,용인시,18시-20시,471,4,129,504,99
경기,용인시,20시-22시,324,3,108,336,46
경기,용인시,22시-24시,239,3,74,265,50
경기,안성시,00시-02시,42,1,13,43,9
경기,안성시,02시-04시,13,0,2,13,3
경기,안성시,04시-06시,24,1,24,17,2
경기,안성시,06시-08시,66,0,23,87,10
경기,안성시,08시-10시,113,0,36,129,18
경기,안성시,10시-12시,94,3,31,141,25
경기,안성시,12시-14시,113,2,27,149,26
경기,안성시,14시-16시,124,1,47,162,24
경기,안성시,16시-18시,136,1,28,168,36
경기,안성시,18시-20시,155,4,54,162,19
경기,안성시,20시-22시,86,2,22,95,10
경기,안성시,22시-24시,48,1,17,55,7
경기,김포시,00시-02시,51,0,18,60,5
경기,김포시,02시-04시,38,1,12,51,1
경기,김포시,04시-06시,44,1,21,44,1
경기,김포시,06시-08시,97,3,37,92,11
경기,김포시,08시-10시,193,3,45,220,13
경기,김포시,10시-12시,175,3,57,181,19
경기,김포시,12시-14시,209,0,69,233,22
경기,김포시,14시-16시,192,2,64,256,28
경기,김포시,16시-18시,229,4,65,285,25
경기,김포시,18시-20시,271,2,96,300,24
경기,김포시,20시-22시,176,4,62,183,14
경기,김포시,22시-24시,117,1,35,128,10
경기,동두천시,00시-02시,17,1,8,14,2
경기,동두천시,02시-04시,7,0,3,6,0
경기,동두천시,04시-06시,6,0,1,5,1
경기,동두천시,06시-08시,28,1,8,22,3
경기,동두천시,08시-10시,37,2,8,38,4
경기,동두천시,10시-12시,30,1,7,31,3
경기,동두천시,12시-14시,59,0,14,53,7
경기,동두천시,14시-16시,56,0,17,63,8
경기,동두천시,16시-18시,56,1,12,58,5
경기,동두천시,18시-20시,68,0,21,62,5
경기,동두천시,20시-22시,35,0,15,31,4
경기,동두천시,22시-24시,18,0,3,20,3
경기,과천시,00시-02시,11,0,5,14,1
경기,과천시,04시-06시,9,0,2,5,2
경기,과천시,06시-08시,17,0,7,17,1
경기,과천시,08시-10시,38,0,8,45,1
경기,과천시,10시-12시,23,0,6,33,5
경기,과천시,12시-14시,24,0,6,27,6
경기,과천시,14시-16시,30,0,7,30,5
경기,과천시,16시-18시,18,0,6,16,5
경기,과천시,18시-20시,28,0,9,37,9
경기,과천시,20시-22시,24,1,10,29,3
경기,과천시,22시-24시,15,0,7,13,3
경기,군포시,00시-02시,20,1,6,18,6
경기,군포시,02시-04시,11,0,3,14,2
경기,군포시,04시-06시,17,0,8,9,5
경기,군포시,06시-08시,33,0,10,31,3
경기,군포시,08시-10시,66,0,25,80,11
경기,군포시,10시-12시,65,0,26,65,11
경기,군포시,12시-14시,57,0,13,54,14
경기,군포시,14시-16시,78,0,24,91,16
경기,군포시,16시-18시,81,0,20,86,15
경기,군포시,18시-20시,106,1,31,100,17
경기,군포시,20시-22시,74,1,32,74,28
경기,군포시,22시-24시,42,0,16,49,11
경기,남양주시,00시-02시,82,3,30,103,14
경기,남양주시,02시-04시,47,3,16,48,5
경기,남양주시,04시-06시,68,2,26,74,2
경기,남양주시,06시-08시,132,3,36,137,22
경기,남양주시,08시-10시,255,2,79,266,38
경기,남양주시,10시-12시,252,3,76,303,40
경기,남양주시,12시-14시,251,1,62,314,57
경기,남양주시,14시-16시,269,4,72,349,29
경기,남양주시,16시-18시,322,2,102,376,69
경기,남양주시,18시-20시,350,4,100,373,49
경기,남양주시,20시-22시,236,3,70,231,38
경기,남양주시,22시-24시,147,1,55,162,20
경기,오산시,00시-02시,50,1,11,63,8
경기,오산시,02시-04시,32,0,6,35,4
경기,오산시,04시-06시,32,1,10,29,3
경기,오산시,06시-08시,65,1,17,72,1
경기,오산시,08시-10시,137,0,21,159,15
경기,오산시,10시-12시,67,0,25,108,4
경기,오산시,12시-14시,89,2,18,113,21
경기,오산시,14시-16시,108,0,28,124,20
경기,오산시,16시-18시,131,0,29,130,28
경기,오산시,18시-20시,159,1,30,164,17
경기,오산시,20시-22시,113,0,30,117,19
경기,오산시,22시-24시,74,1,19,75,9
경기,의왕시,00시-02시,19,1,11,18,0
경기,의왕시,02시-04시,9,0,5,9,2
경기,의왕시,04시-06시,19,1,11,13,5
경기,의왕시,06시-08시,32,2,6,32,3
경기,의왕시,08시-10시,59,0,19,63,8
경기,의왕시,10시-12시,48,1,10,60,10
경기,의왕시,12시-14시,64,2,23,75,4
경기,의왕시,14시-16시,50,1,22,66,9
경기,의왕시,16시-18시,65,0,21,65,17
경기,의왕시,18시-20시,61,0,17,73,6
경기,의왕시,20시-22시,37,1,12,45,1
경기,의왕시,22시-24시,25,1,8,27,4
경기,하남시,00시-02시,33,1,9,25,11
경기,하남시,02시-04시,24,1,3,24,11
경기,하남시,04시-06시,22,2,16,21,3
경기,하남시,06시-08시,56,1,26,41,12
경기,하남시,08시-10시,120,2,28,150,16
경기,하남시,10시-12시,108,2,37,112,17
경기,하남시,12시-14시,121,1,26,127,24
경기,하남시,14시-16시,132,1,39,128,27
경기,하남시,16시-18시,139,1,26,135,31
경기,하남시,18시-20시,147,2,36,158,24
경기,하남시,20시-22시,105,3,33,94,23
경기,하남시,22시-24시,75,0,24,72,16
강원,춘천시,00시-02시,51,1,15,57,0
강원,춘천시,02시-04시,18,2,5,21,1
강원,춘천시,04시-06시,33,0,7,32,2
강원,춘천시,06시-08시,65,3,22,67,2
강원,춘천시,08시-10시,189,3,29,244,12
강원,춘천시,10시-12시,137,1,37,178,6
강원,춘천시,12시-14시,196,0,56,225,12
강원,춘천시,14시-16시,174,4,45,227,16
강원,춘천시,16시-18시,233,4,66,291,15
강원,춘천시,18시-20시,249,1,53,295,18
강원,춘천시,20시-22시,145,1,33,172,15
강원,춘천시,22시-24시,100,3,21,136,10
강원,원주시,00시-02시,86,2,25,103,2
강원,원주시,02시-04시,40,8,10,48,0
강원,원주시,04시-06시,45,3,14,46,1
강원,원주시,06시-08시,89,2,35,89,3
강원,원주시,08시-10시,228,0,57,241,22
강원,원주시,10시-12시,201,1,56,236,15
강원,원주시,12시-14시,194,1,78,215,19
강원,원주시,14시-16시,262,3,70,327,19
강원,원주시,16시-18시,248,4,49,293,22
강원,원주시,18시-20시,292,5,77,345,16
강원,원주시,20시-22시,177,3,44,211,14
강원,원주시,22시-24시,123,2,35,154,9
강원,동해시,00시-02시,5,0,1,3,1
강원,동해시,02시-04시,4,0,1,4,0
강원,동해시,04시-06시,6,0,4,2,0
강원,동해시,06시-08시,23,3,8,15,0
강원,동해시,08시-10시,40,0,11,43,0
강원,동해시,10시-12시,35,0,12,47,0
강원,동해시,12시-14시,44,1,13,56,0
강원,동해시,14시-16시,47,1,16,54,0
강원,동해시,16시-18시,45,0,8,48,0
강원,동해시,18시-20시,57,1,16,59,0
강원,동해시,20시-22시,37,1,7,42,1
강원,동해시,22시-24시,15,0,5,17,0
강원,강릉시,00시-02시,32,1,6,40,1
강원,강릉시,02시-04시,12,1,5,13,0
강원,강릉시,04시-06시,22,1,12,19,0
강원,강릉시,06시-08시,36,0,13,34,1
강원,강릉시,08시-10시,100,2,23,137,2
강원,강릉시,10시-12시,87,1,30,90,4
강원,강릉시,12시-14시,128,3,43,155,3
강원,강릉시,14시-16시,98,0,23,121,3
강원,강릉시,16시-18시,128,1,51,147,1
강원,강릉시,18시-20시,132,1,46,159,6
강원,강릉시,20시-22시,63,1,21,74,0
강원,강릉시,22시-24시,50,2,12,65,0
강원,속초시,00시-02시,15,1,10,6,1
강원,속초시,02시-04시,6,1,3,6,0
강원,속초시,04시-06시,11,2,6,10,0
강원,속초시,06시-08시,12,0,6,8,0
강원,속초시,08시-10시,39,1,11,50,4
강원,속초시,10시-12시,41,0,16,41,0
강원,속초시,12시-14시,50,0,20,55,4
강원,속초시,14시-16시,50,0,20,65,2
강원,속초시,16시-18시,48,1,17,49,4
강원,속초시,18시-20시,57,1,16,68,6
강원,속초시,20시-22시,36,1,16,37,2
강원,속초시,22시-24시,26,0,8,25,0
강원,태백시,00시-02시,5,0,1,5,0
강원,태백시,02시-04시,2,0,1,1,0
강원,태백시,04시-06시,2,0,1,8,0
강원,태백시,06시-08시,6,0,0,7,1
강원,태백시,08시-10시,25,1,3,28,0
강원,태백시,10시-12시,19,0,4,25,1
강원,태백시,12시-14시,24,0,10,30,1
강원,태백시,14시-16시,25,0,4,31,0
강원,태백시,16시-18시,30,0,11,36,1
강원,태백시,18시-20시,23,1,7,30,0
강원,태백시,20시-22시,10,0,2,12,0
강원,태백시,22시-24시,6,0,3,3,0
강원,삼척시,00시-02시,9,0,4,8,0
강원,삼척시,04시-06시,11,0,7,17,0
강원,삼척시,06시-08시,24,4,16,32,4
강원,삼척시,08시-10시,62,1,17,72,0
강원,삼척시,10시-12시,61,2,19,64,3
강원,삼척시,12시-14시,60,1,25,72,1
강원,삼척시,14시-16시,50,1,8,54,0
강원,삼척시,16시-18시,50,1,17,67,1
강원,삼척시,18시-20시,59,1,32,52,0
강원,삼척시,20시-22시,16,5,13,13,1
강원,삼척시,22시-24시,12,0,0,23,0
강원,홍천군,00시-02시,8,1,1,15,0
강원,홍천군,02시-04시,3,1,0,2,0
강원,홍천군,04시-06시,13,3,4,9,2
강원,홍천군,06시-08시,21,3,8,19,1
강원,홍천군,08시-10시,42,1,14,59,4
강원,홍천군,10시-12시,49,0,16,60,1
강원,홍천군,12시-14시,43,1,10,49,9
강원,홍천군,14시-16시,43,2,9,49,2
강원,홍천군,16시-18시,66,3,21,81,3
강원,홍천군,18시-20시,43,1,11,44,3
강원,홍천군,20시-22시,18,0,10,16,2
강원,홍천군,22시-24시,10,0,6,11,0
강원,횡성군,00시-02시,1,0,2,0,0
강원,횡성군,02시-04시,3,0,1,4,0
강원,횡성군,04시-06시,2,0,0,2,1
강원,횡성군,06시-08시,14,0,8,15,1
강원,횡성군,08시-10시,19,1,17,16,1
강원,횡성군,10시-12시,34,1,21,50,1
강원,횡성군,12시-14시,27,2,13,40,2
강원,횡성군,14시-16시,34,2,17,44,2
강원,횡성군,16시-18시,21,0,11,30,1
강원,횡성군,18시-20시,24,1,16,21,0
강원,횡성군,20시-22시,19,1,9,16,0
강원,횡성군,22시-24시,5,1,3,6,0
강원,영월군,00시-02시,2,0,0,1,1
강원,영월군,04시-06시,7,0,3,1,3
강원,영월군,06시-08시,8,0,4,2,3
강원,영월군,08시-10시,23,0,9,8,15
강원,영월군,10시-12시,33,1,13,24,21
강원,영월군,12시-14시,14,0,5,12,17
강원,영월군,14시-16시,16,0,4,11,10
강원,영월군,16시-18시,23,1,6,9,26
강원,영월군,18시-20시,23,2,7,18,8
강원,영월군,20시-22시,3,0,2,2,2
강원,영월군,22시-24시,4,0,2,2,1
강원,평창군,00시-02시,3,0,3,5,0
강원,평창군,02시-04시,1,1,0,0,0
강원,평창군,06시-08시,11,1,2,13,0
강원,평창군,08시-10시,17,1,12,15,1
강원,평창군,10시-12시,28,1,10,39,2
강원,평창군,12시-14시,33,0,15,65,2
강원,평창군,14시-16시,23,0,20,20,1
강원,평창군,16시-18시,26,0,9,24,1
강원,평창군,18시-20시,18,1,10,29,0
강원,평창군,20시-22시,10,0,15,9,1
강원,평창군,22시-24시,13,0,4,17,0
강원,정선군,00시-02시,1,0,0,1,0
강원,정선군,04시-06시,3,0,3,2,0
강원,정선군,06시-08시,10,0,8,8,0
강원,정선군,08시-10시,8,0,4,6,0
강원,정선군,10시-12시,10,0,1,15,0
강원,정선군,12시-14시,14,2,8,11,1
강원,정선군,14시-16시,14,1,5,19,0
강원,정선군,16시-18시,15,1,10,12,2
강원,정선군,18시-20시,14,1,4,11,3
강원,정선군,20시-22시,13,1,10,16,3
강원,정선군,22시-24시,5,0,3,3,0
강원,철원군,00시-02시,3,3,3,1,0
강원,철원군,04시-06시,1,0,1,0,0
강원,철원군,06시-08시,10,1,6,6,0
강원,철원군,08시-10시,25,2,13,30,0
강원,철원군,10시-12시,18,1,5,24,0
강원,철원군,12시-14시,19,1,4,23,0
강원,철원군,14시-16시,21,3,6,21,0
강원,철원군,16시-18시,20,1,4,27,0
강원,철원군,18시-20시,14,0,7,17,0
강원,철원군,20시-22시,8,0,6,11,0
강원,철원군,22시-24시,5,0,2,1,2
강원,화천군,00시-02시,1,1,0,0,0
강원,화천군,02시-04시,1,1,0,0,0
강원,화천군,04시-06시,1,0,1,0,0
강원,화천군,06시-08시,5,2,2,4,0
강원,화천군,08시-10시,15,0,2,45,0
강원,화천군,10시-12시,11,0,1,12,0
강원,화천군,12시-14시,17,2,8,22,0
강원,화천군,14시-16시,11,0,9,13,0
강원,화천군,16시-18시,15,0,8,18,0
강원,화천군,18시-20시,15,2,8,10,2
강원,화천군,20시-22시,7,1,4,7,0
강원,화천군,22시-24시,2,0,1,1,0
강원,양구군,02시-04시,1,0,1,0,0
강원,양구군,04시-06시,5,0,5,2,0
강원,양구군,06시-08시,5,0,6,7,1
강원,양구군,08시-10시,12,0,6,7,1
강원,양구군,10시-12시,8,0,6,6,0
강원,양구군,12시-14시,9,0,9,9,1
강원,양구군,14시-16시,13,0,8,11,0
강원,양구군,16시-18시,19,1,15,25,1
강원,양구군,18시-20시,10,0,3,11,1
강원,양구군,20시-22시,3,0,2,6,0
강원,양구군,22시-24시,3,1,3,2,1
강원,인제군,02시-04시,1,0,1,0,0
강원,인제군,04시-06시,5,0,6,4,0
강원,인제군,06시-08시,4,1,4,2,0
강원,인제군,08시-10시,13,2,11,7,0
강원,인제군,10시-12시,11,1,14,7,0
강원,인제군,12시-14시,16,1,12,10,3
강원,인제군,14시-16시,17,2,11,17,1
강원,인제군,16시-18시,10,0,6,7,0
강원,인제군,18시-20시,7,0,4,7,0
강원,인제군,20시-22시,5,0,3,4,0
강원,인제군,22시-24시,5,1,1,5,1
강원,고성군,00시-02시,1,0,0,1,0
강원,고성군,02시-04시,1,0,0,1,0
강원,고성군,04시-06시,1,0,0,1,0
강원,고성군,06시-08시,9,0,0,9,1
강원,고성군,08시-10시,23,0,6,25,2
강원,고성군,10시-12시,25,0,16,31,1
강원,고성군,12시-14시,17,0,5,23,0
강원,고성군,14시-16시,9,1,3,14,1
강원,고성군,16시-18시,18,0,8,19,0
강원,고성군,18시-20시,18,0,6,21,2
강원,고성군,20시-22시,8,0,5,9,0
강원,고성군,22시-24시,8,0,2,8,0
강원,양양군,00시-02시,2,0,0,2,0
강원,양양군,02시-04시,2,0,0,5,0
강원,양양군,04시-06시,2,0,0,2,0
강원,양양군,06시-08시,4,0,2,2,0
강원,양양군,08시-10시,19,2,12,16,1
강원,양양군,10시-12시,27,1,9,31,1
강원,양양군,12시-14시,36,2,20,71,6
강원,양양군,14시-16시,25,0,15,42,16
강원,양양군,16시-18시,25,0,11,33,3
강원,양양군,18시-20시,18,2,3,13,0
강원,양양군,20시-22시,11,2,1,12,1
강원,양양군,22시-24시,7,0,1,14,0
충북,청주시,00시-02시,200,4,75,255,10
충북,청주시,02시-04시,115,4,53,128,3
충북,청주시,04시-06시,125,10,57,106,11
충북,청주시,06시-08시,286,3,86,362,17
충북,청주시,08시-10시,532,3,158,632,29
충북,청주시,10시-12시,422,4,120,531,15
충북,청주시,12시-14시,510,1,152,664,35
충북,청주시,14시-16시,567,4,176,733,39
충북,청주시,16시-18시,617,4,198,756,45
충북,청주시,18시-20시,731,8,213,875,34
충북,청주시,20시-22시,492,1,156,609,32
충북,청주시,22시-24시,352,3,107,446,20
충북,충주시,00시-02시,44,1,11,70,6
충북,충주시,02시-04시,23,4,8,22,2
충북,충주시,04시-06시,28,4,10,25,3
충북,충주시,06시-08시,78,1,36,101,5
충북,충주시,08시-10시,135,2,67,199,12
충북,충주시,10시-12시,145,4,58,166,8
충북,충주시,12시-14시,152,2,49,206,12
충북,충주시,14시-16시,166,2,55,229,11
충북,충주시,16시-18시,184,4,77,218,13
충북,충주시,18시-20시,206,5,83,241,16
충북,충주시,20시-22시,130,6,48,157,10
충북,충주시,22시-24시,73,1,21,90,5
충북,제천시,00시-02시,20,1,10,24,1
충북,제천시,02시-04시,9,0,2,7,0
충북,제천시,04시-06시,17,0,4,17,2
충북,제천시,06시-08시,44,0,19,45,5
충북,제천시,08시-10시,113,1,43,150,7
충북,제천시,10시-12시,102,0,42,138,13
충북,제천시,12시-14시,93,2,28,131,9
충북,제천시,14시-16시,101,1,44,113,9
충북,제천시,16시-18시,128,2,44,159,9
충북,제천시,18시-20시,122,5,39,140,11
충북,제천시,20시-22시,78,4,35,79,20
충북,제천시,22시-24시,43,3,18,52,4
충북,보은군,00시-02시,4,0,2,8,0
충북,보은군,02시-04시,2,0,1,0,1
충북,보은군,04시-06시,4,1,3,4,0
충북,보은군,06시-08시,11,0,8,16,0
충북,보은군,08시-10시,15,1,10,8,2
충북,보은군,10시-12시,27,6,16,41,1
충북,보은군,12시-14시,21,1,17,10,1
충북,보은군,14시-16시,27,2,18,35,4
충북,보은군,16시-18시,20,1,12,17,5
충북,보은군,18시-20시,15,1,4,14,1
충북,보은군,20시-22시,16,0,14,13,0
충북,보은군,22시-24시,3,0,7,1,0
충북,옥천군,00시-02시,3,0,0,5,0
충북,옥천군,02시-04시,5,1,1,4,1
충북,옥천군,04시-06시,4,0,2,2,0
충북,옥천군,06시-08시,10,0,4,12,0
충북,옥천군,08시-10시,28,1,11,22,4
충북,옥천군,10시-12시,33,0,30,29,3
충북,옥천군,12시-14시,24,1,14,22,1
충북,옥천군,14시-16시,35,0,15,25,1
충북,옥천군,16시-18시,28,1,13,26,2
충북,옥천군,18시-20시,32,3,18,15,0
충북,옥천군,20시-22시,19,0,15,16,0
충북,옥천군,22시-24시,15,0,8,20,2
충북,영동군,00시-02시,6,1,4,7,1
충북,영동군,02시-04시,1,0,0,1,0
충북,영동군,04시-06시,4,1,4,1,0
충북,영동군,06시-08시,14,2,15,16,1
충북,영동군,08시-10시,29,0,19,21,0
충북,영동군,10시-12시,33,2,21,24,1
충북,영동군,12시-14시,31,2,20,26,1
충북,영동군,14시-16시,16,0,8,15,1
충북,영동군,16시-18시,32,0,16,32,1
충북,영동군,18시-20시,30,0,21,19,1
충북,영동군,20시-22시,16,0,10,16,2
충북,영동군,22시-24시,6,1,6,3,0
충북,진천군,00시-02시,15,0,7,15,1
충북,진천군,02시-04시,6,3,1,4,0
충북,진천군,04시-06시,9,0,3,10,0
충북,진천군,06시-08시,39,1,12,53,4
충북,진천군,08시-10시,60,1,17,72,11
충북,진천군,10시-12시,53,1,24,61,1
충북,진천군,12시-14시,68,0,25,95,6
충북,진천군,14시-16시,56,1,23,64,1
충북,진천군,16시-18시,64,2,17,86,3
충북,진천군,18시-20시,81,0,33,83,5
충북,진천군,20시-22시,42,1,11,50,4
충북,진천군,22시-24시,23,1,4,30,4
충북,괴산군,00시-02시,3,0,2,2,0
충북,괴산군,02시-04시,3,0,0,2,1
충북,괴산군,04시-06시,2,0,1,3,0
충북,괴산군,06시-08시,12,1,8,12,0
충북,괴산군,08시-10시,20,0,12,15,1
충북,괴산군,10시-12시,16,1,15,13,1
충북,괴산군,12시-14시,34,3,23,28,2
충북,괴산군,14시-16시,26,2,12,22,1
충북,괴산군,16시-18시,39,3,19,32,4
충북,괴산군,18시-20시,21,0,10,16,3
충북,괴산군,20시-22시,10,0,7,17,3
충북,괴산군,22시-24시,4,0,6,4,0
충북,음성군,00시-02시,20,0,8,22,2
충북,음성군,02시-04시,13,0,8,11,0
충북,음성군,04시-06시,12,1,8,5,0
충북,음성군,06시-08시,52,5,35,54,2
충북,음성군,08시-10시,62,0,34,66,2
충북,음성군,10시-12시,59,2,28,73,2
충북,음성군,12시-14시,98,2,42,119,3
충북,음성군,14시-16시,80,4,32,89,6
충북,음성군,16시-18시,84,0,46,94,6
충북,음성군,18시-20시,99,3,36,121,4
충북,음성군,20시-22시,54,0,30,59,1
충북,음성군,22시-24시,30,1,13,32,1
충북,단양군,00시-02시,5,1,1,3,3
충북,단양군,06시-08시,7,1,3,5,1
충북,단양군,08시-10시,15,0,7,7,2
충북,단양군,10시-12시,17,0,9,24,0
충북,단양군,12시-14시,28,2,19,34,4
충북,단양군,14시-16시,28,2,15,30,2
충북,단양군,16시-18시,20,3,12,13,7
충북,단양군,18시-20시,18,0,10,21,12
충북,단양군,20시-22시,10,1,6,15,0
충북,단양군,22시-24시,9,0,7,7,0
충북,증평군,02시-04시,6,0,2,5,1
충북,증평군,04시-06시,7,0,3,9,0
충북,증평군,06시-08시,15,0,10,13,0
충북,증평군,08시-10시,20,0,4,19,1
충북,증평군,10시-12시,23,1,11,22,1
충북,증평군,12시-14시,15,1,7,9,4
충북,증평군,14시-16시,21,1,3,19,3
충북,증평군,16시-18시,33,0,13,34,2
충북,증평군,18시-20시,26,1,10,24,1
충북,증평군,20시-22시,28,2,11,23,2
충북,증평군,22시-24시,16,0,6,24,1
충남,천안시,00시-02시,144,2,28,160,9
충남,천안시,02시-04시,91,5,22,102,10
충남,천안시,04시-06시,84,3,22,103,5
충남,천안시,06시-08시,189,5,59,205,8
충남,천안시,08시-10시,298,2,83,365,24
충남,천안시,10시-12시,276,4,86,320,21
충남,천안시,12시-14시,337,2,80,382,27
충남,천안시,14시-16시,333,0,63,414,23
충남,천안시,16시-18시,352,3,103,397,25
충남,천안시,18시-20시,474,4,104,539,31
충남,천안시,20시-22시,304,6,86,355,20
충남,천안시,22시-24시,255,6,57,298,17
충남,아산시,00시-02시,51,2,28,73,3
충남,아산시,02시-04시,21,0,17,15,1
충남,아산시,04시-06시,24,4,12,11,1
충남,아산시,06시-08시,75,3,32,73,2
충남,아산시,08시-10시,122,4,36,104,8
충남,아산시,10시-12시,77,3,32,77,13
충남,아산시,12시-14시,93,3,48,75,2
충남,아산시,14시-16시,119,1,42,140,10
충남,아산시,16시-18시,139,4,40,129,5
충남,아산시,18시-20시,156,4,55,144,7
충남,아산시,20시-22시,115,5,30,130,5
충남,아산시,22시-24시,91,3,29,88,4
충남,보령시,00시-02시,17,1,7,24,0
충남,보령시,02시-04시,11,0,4,7,1
충남,보령시,04시-06시,10,1,6,11,2
충남,보령시,06시-08시,24,0,23,9,1
충남,보령시,08시-10시,52,4,31,43,0
충남,보령시,10시-12시,59,2,42,37,1
충남,보령시,12시-14시,59,0,39,68,2
충남,보령시,14시-16시,50,3,30,40,1
충남,보령시,16시-18시,57,2,36,50,0
충남,보령시,18시-20시,70,2,35,53,2
충남,보령시,20시-22시,41,1,22,31,3
충남,보령시,22시-24시,29,0,15,28,0
충남,공주시,00시-02시,15,2,1,19,1
충남,공주시,02시-04시,15,1,6,13,0
충남,공주시,04시-06시,16,0,7,17,1
충남,공주시,06시-08시,39,7,18,37,1
충남,공주시,08시-10시,64,1,31,90,4
충남,공주시,10시-12시,69,0,26,97,7
충남,공주시,12시-14시,64,2,33,81,4
충남,공주시,14시-16시,83,1,39,101,5
충남,공주시,16시-18시,80,0,34,94,8
충남,공주시,18시-20시,81,4,20,96,9
충남,공주시,20시-22시,51,3,24,45,6
충남,공주시,22시-24시,31,1,8,50,1
충남,서산시,00시-02시,40,2,24,34,4
충남,서산시,02시-04시,29,3,27,21,3
충남,서산시,04시-06시,24,1,10,18,0
충남,서산시,06시-08시,62,5,41,61,3
충남,서산시,08시-10시,76,2,52,63,7
충남,서산시,10시-12시,82,3,45,78,5
충남,서산시,12시-14시,78,2,57,59,14
충남,서산시,14시-16시,81,0,56,51,3
충남,서산시,16시-18시,113,1,64,92,16
충남,서산시,18시-20시,113,4,57,83,12
충남,서산시,20시-22시,75,2,34,58,10
충남,서산시,22시-24시,66,1,32,69,5
충남,금산군,00시-02시,1,0,1,1,0
충남,금산군,04시-06시,4,0,1,8,1
충남,금산군,06시-08시,12,2,3,10,0
충남,금산군,08시-10시,15,0,7,14,0
충남,금산군,10시-12시,15,1,6,13,0
충남,금산군,12시-14시,24,0,7,29,0
충남,금산군,14시-16시,20,0,10,15,0
충남,금산군,16시-18시,22,0,12,25,0
충남,금산군,18시-20시,17,2,8,13,0
충남,금산군,20시-22시,13,2,2,13,0
충남,금산군,22시-24시,7,0,4,6,0
충남,태안군,00시-02시,4,0,3,2,0
충남,태안군,02시-04시,3,0,4,1,0
충남,태안군,04시-06시,8,0,3,7,0
충남,태안군,06시-08시,17,1,15,12,2
충남,태안군,08시-10시,34,1,21,35,4
충남,태안군,10시-12시,42,2,33,32,7
충남,태안군,12시-14시,45,1,33,62,10
충남,태안군,14시-16시,45,0,21,61,13
충남,태안군,16시-18시,46,3,39,38,4
충남,태안군,18시-20시,38,7,24,20,6
충남,태안군,20시-22시,24,0,17,27,4
충남,태안군,22시-24시,14,2,11,12,1
충남,논산시,00시-02시,20,0,18,7,6
충남,논산시,02시-04시,10,0,9,7,0
충남,논산시,04시-06시,6,1,3,4,0
충남,논산시,06시-08시,19,1,8,22,3
충남,논산시,08시-10시,50,3,33,57,4
충남,논산시,10시-12시,71,4,37,48,4
충남,논산시,12시-14시,50,3,35,38,6
충남,논산시,14시-16시,46,5,21,71,2
충남,논산시,16시-18시,55,2,36,53,5
충남,논산시,18시-20시,76,4,39,57,4
충남,논산시,20시-22시,42,2,29,28,5
충남,논산시,22시-24시,31,1,16,26,3
충남,부여군,02시-04시,2,0,2,1,0
충남,부여군,04시-06시,3,1,3,1,0
충남,부여군,06시-08시,16,2,10,9,0
충남,부여군,08시-10시,33,2,24,14,1
충남,부여군,10시-12시,30,4,20,19,1
충남,부여군,12시-14시,29,0,20,16,1
충남,부여군,14시-16시,28,0,28,9,0
충남,부여군,16시-18시,32,4,27,16,0
충남,부여군,18시-20시,36,1,23,15,3
충남,부여군,20시-22시,8,0,1,10,0
충남,부여군,22시-24시,5,2,1,3,0
충남,서천군,00시-02시,3,0,2,1,0
충남,서천군,02시-04시,1,0,0,1,0
충남,서천군,04시-06시,11,0,9,10,0
충남,서천군,06시-08시,19,2,8,16,2
충남,서천군,08시-10시,49,2,20,40,3
충남,서천군,10시-12시,50,2,22,41,2
충남,서천군,12시-14시,51,0,31,41,5
충남,서천군,14시-16시,45,2,19,55,5
충남,서천군,16시-18시,24,3,10,19,1
충남,서천군,18시-20시,46,5,11,44,6
충남,서천군,20시-22시,14,1,8,14,0
충남,서천군,22시-24시,10,1,5,10,1
충남,청양군,00시-02시,2,0,2,1,0
충남,청양군,02시-04시,2,0,1,1,0
충남,청양군,04시-06시,7,0,3,6,0
충남,청양군,06시-08시,15,3,7,8,0
충남,청양군,08시-10시,19,0,11,13,0
충남,청양군,10시-12시,25,1,13,16,0
충남,청양군,12시-14시,25,1,10,30,0
충남,청양군,14시-16시,30,1,16,22,1
충남,청양군,16시-18시,17,1,10,13,0
충남,청양군,18시-20시,25,1,12,37,0
충남,청양군,20시-22시,14,2,11,9,0
충남,청양군,22시-24시,10,0,2,15,1
충남,홍성군,00시-02시,12,2,1,16,1
충남,홍성군,02시-04시,5,0,0,7,0
충남,홍성군,04시-06시,7,3,2,3,0
충남,홍성군,06시-08시,22,1,11,16,0
충남,홍성군,08시-10시,40,3,20,23,1
충남,홍성군,10시-12시,39,2,21,35,0
충남,홍성군,12시-14시,26,1,13,29,1
충남,홍성군,14시-16시,37,1,16,38,0
충남,홍성군,16시-18시,34,1,13,36,0
충남,홍성군,18시-20시,63,4,29,51,2
충남,홍성군,20시-22시,40,1,11,51,3
충남,홍성군,22시-24시,16,2,8,16,0
충남,예산군,00시-02시,13,0,9,7,0
충남,예산군,02시-04시,2,0,0,2,0
충남,예산군,04시-06시,3,2,0,1,0
충남,예산군,06시-08시,22,0,7,30,0
충남,예산군,08시-10시,50,2,22,48,1
충남,예산군,10시-12시,48,3,24,54,2
충남,예산군,12시-14시,54,2,19,58,2
충남,예산군,14시-16시,48,2,19,58,1
충남,예산군,16시-18시,63,3,18,60,0
충남,예산군,18시-20시,44,1,26,44,2
충남,예산군,20시-22시,32,0,12,25,1
충남,예산군,22시-24시,18,2,2,26,0
충남,당진시,00시-02시,18,0,10,18,1
충남,당진시,02시-04시,9,1,4,8,0
충남,당진시,04시-06시,20,0,13,12,1
충남,당진시,06시-08시,43,1,28,38,0
충남,당진시,08시-10시,73,5,24,88,1
충남,당진시,10시-12시,75,2,31,78,11
충남,당진시,12시-14시,93,1,52,122,0
충남,당진시,14시-16시,91,6,43,76,3
충남,당진시,16시-18시,104,4,41,101,4
충남,당진시,18시-20시,127,7,58,115,2
충남,당진시,20시-22시,79,4,45,91,2
충남,당진시,22시-24시,51,2,26,59,1
충남,계룡시,00시-02시,1,0,0,1,0
충남,계룡시,04시-06시,2,0,4,0,0
충남,계룡시,06시-08시,1,0,0,1,0
충남,계룡시,08시-10시,5,0,4,2,0
충남,계룡시,10시-12시,4,0,1,9,0
충남,계룡시,12시-14시,5,0,4,3,0
충남,계룡시,14시-16시,10,1,3,13,3
충남,계룡시,16시-18시,7,0,2,17,0
충남,계룡시,18시-20시,10,0,7,10,1
충남,계룡시,20시-22시,2,0,1,1,0
충남,계룡시,22시-24시,8,0,3,7,1
전북,전주시,00시-02시,154,2,53,167,1
전북,전주시,02시-04시,62,1,17,73,1
전북,전주시,04시-06시,85,4,35,100,0
전북,전주시,06시-08시,114,0,58,97,1
전북,전주시,08시-10시,260,2,70,324,3
전북,전주시,10시-12시,220,6,87,230,4
전북,전주시,12시-14시,216,2,73,258,6
전북,전주시,14시-16시,230,5,69,272,3
전북,전주시,16시-18시,284,2,76,340,8
전북,전주시,18시-20시,289,4,73,357,4
전북,전주시,20시-22시,248,4,83,292,4
전북,전주시,22시-24시,203,3,67,235,0
전북,군산시,00시-02시,47,1,10,59,2
전북,군산시,02시-04시,23,1,7,27,0
전북,군산시,04시-06시,34,1,14,39,2
전북,군산시,06시-08시,81,6,21,90,2
전북,군산시,08시-10시,120,1,31,147,7
전북,군산시,10시-12시,111,1,34,138,4
전북,군산시,12시-14시,124,1,48,175,9
전북,군산시,14시-16시,123,1,30,157,5
전북,군산시,16시-18시,185,3,38,248,11
전북,군산시,18시-20시,171,4,41,206,5
전북,군산시,20시-22시,126,4,45,134,10
전북,군산시,22시-24시,80,1,24,92,3
전북,정읍시,00시-02시,8,0,2,9,0
전북,정읍시,02시-04시,6,0,1,17,1
전북,정읍시,04시-06시,17,2,6,13,0
전북,정읍시,06시-08시,51,6,22,45,0
전북,정읍시,08시-10시,72,2,31,63,1
전북,정읍시,10시-12시,62,0,30,60,0
전북,정읍시,12시-14시,72,1,25,80,0
전북,정읍시,14시-16시,73,1,27,99,0
전북,정읍시,16시-18시,76,3,26,91,0
전북,정읍시,18시-20시,82,2,36,103,2
전북,정읍시,20시-22시,45,3,20,41,1
전북,정읍시,22시-24시,32,0,12,40,0
전북,남원시,00시-02시,6,1,7,3,0
전북,남원시,02시-04시,3,0,6,5,0
전북,남원시,04시-06시,5,0,2,5,0
전북,남원시,06시-08시,14,1,6,11,0
전북,남원시,08시-10시,36,0,20,27,0
전북,남원시,10시-12시,28,0,16,35,0
전북,남원시,12시-14시,41,2,26,39,0
전북,남원시,14시-16시,47,1,22,43,0
전북,남원시,16시-18시,50,2,22,38,0
전북,남원시,18시-20시,48,1,24,38,1
전북,남원시,20시-22시,26,0,14,23,0
전북,남원시,22시-24시,7,0,5,2,0
전북,김제시,00시-02시,11,0,0,22,4
전북,김제시,02시-04시,3,0,2,1,0
전북,김제시,04시-06시,13,1,10,14,0
전북,김제시,06시-08시,29,1,14,39,0
전북,김제시,08시-10시,46,1,18,61,2
전북,김제시,10시-12시,58,3,28,80,2
전북,김제시,12시-14시,60,3,23,75,0
전북,김제시,14시-16시,71,4,27,101,1
전북,김제시,16시-18시,74,1,26,111,0
전북,김제시,18시-20시,57,8,13,70,0
전북,김제시,20시-22시,39,1,11,68,2
전북,김제시,22시-24시,20,0,11,36,2
전북,완주군,00시-02시,5,1,0,5,0
전북,완주군,02시-04시,4,0,1,4,0
전북,완주군,04시-06시,7,2,3,8,0
전북,완주군,06시-08시,24,1,9,24,1
전북,완주군,08시-10시,34,3,19,27,1
전북,완주군,10시-12시,31,1,17,28,0
전북,완주군,12시-14시,25,1,9,21,1
전북,완주군,14시-16시,34,1,14,48,0
전북,완주군,16시-18시,31,1,14,31,3
전북,완주군,18시-20시,43,3,18,41,0
전북,완주군,20시-22시,27,2,11,37,1
전북,완주군,22시-24시,13,1,4,22,0
전북,진안군,00시-02시,1,0,1,0,0
전북,진안군,06시-08시,4,0,3,4,0
전북,진안군,08시-10시,8,0,11,17,0
전북,진안군,10시-12시,11,3,8,5,0
전북,진안군,12시-14시,13,3,8,17,0
전북,진안군,14시-16시,10,0,7,7,0
전북,진안군,16시-18시,13,0,10,15,2
전북,진안군,18시-20시,12,1,6,8,1
전북,진안군,20시-22시,2,0,1,1,0
전북,진안군,22시-24시,3,0,2,2,1
전북,무주군,00시-02시,2,0,0,4,0
전북,무주군,06시-08시,6,0,4,2,0
전북,무주군,08시-10시,16,3,16,14,1
전북,무주군,10시-12시,15,1,11,41,2
전북,무주군,12시-14시,20,0,15,22,0
전북,무주군,14시-16시,33,3,20,26,1
전북,무주군,16시-18시,14,2,12,7,0
전북,무주군,18시-20시,9,0,5,5,0
전북,무주군,20시-22시,5,0,1,4,0
전북,무주군,22시-24시,5,0,5,2,0
전북,장수군,00시-02시,2,0,1,1,0
전북,장수군,06시-08시,4,0,4,1,0
전북,장수군,08시-10시,8,0,8,4,0
전북,장수군,10시-12시,5,0,4,2,0
전북,장수군,12시-14시,6,0,3,5,0
전북,장수군,14시-16시,13,3,7,10,0
전북,장수군,16시-18시,7,2,2,8,0
전북,장수군,18시-20시,11,3,5,5,0
전북,장수군,20시-22시,6,2,2,4,0
전북,장수군,22시-24시,3,1,1,1,0
전북,임실군,04시-06시,1,0,1,0,0
전북,임실군,06시-08시,12,1,7,10,0
전북,임실군,08시-10시,12,0,3,12,1
전북,임실군,10시-12시,18,0,10,18,0
전북,임실군,12시-14시,19,0,11,20,1
전북,임실군,14시-16시,18,1,14,19,3
전북,임실군,16시-18시,14,0,3,15,0
전북,임실군,18시-20시,11,2,2,12,0
전북,임실군,20시-22시,6,3,4,10,0
전북,임실군,22시-24시,4,0,1,4,0
전북,순창군,02시-04시,1,0,0,1,0
전북,순창군,06시-08시,6,0,2,6,2
전북,순창군,08시-10시,20,1,3,17,3
전북,순창군,10시-12시,18,0,11,11,3
전북,순창군,12시-14시,15,0,2,14,1
전북,순창군,14시-16시,17,2,7,13,2
전북,순창군,16시-18시,13,2,9,5,2
전북,순창군,18시-20시,12,3,2,7,2
전북,순창군,20시-22시,6,1,4,2,1
전북,순창군,22시-24시,2,0,1,1,0
전북,고창군,00시-02시,4,0,3,5,0
전북,고창군,04시-06시,6,3,10,6,0
전북,고창군,06시-08시,10,4,3,7,0
전북,고창군,08시-10시,19,1,10,24,2
전북,고창군,10시-12시,21,2,7,18,0
전북,고창군,12시-14시,25,0,14,37,0
전북,고창군,14시-16시,30,1,13,32,0
전북,고창군,16시-18시,19,0,9,21,0
전북,고창군,18시-20시,23,1,11,29,0
전북,고창군,20시-22시,11,2,5,7,0
전북,고창군,22시-24시,5,1,3,6,0
전북,부안군,00시-02시,3,1,3,1,0
전북,부안군,02시-04시,3,0,1,4,0
전북,부안군,04시-06시,7,0,5,5,0
전북,부안군,06시-08시,21,1,14,22,0
전북,부안군,08시-10시,36,2,13,45,0
전북,부안군,10시-12시,39,1,22,79,0
전북,부안군,12시-14시,43,3,30,47,0
전북,부안군,14시-16시,40,1,22,49,0
전북,부안군,16시-18시,33,2,10,51,2
전북,부안군,18시-20시,40,1,19,33,0
전북,부안군,20시-22시,24,4,11,18,0
전북,부안군,22시-24시,9,2,2,8,0
전북,익산시,00시-02시,37,0,7,57,1
전북,익산시,02시-04시,28,3,6,32,2
전북,익산시,04시-06시,28,1,9,32,2
전북,익산시,06시-08시,101,2,29,114,1
전북,익산시,08시-10시,140,4,44,130,2
전북,익산시,10시-12시,142,5,47,153,3
전북,익산시,12시-14시,173,1,55,205,2
전북,익산시,14시-16시,151,4,33,181,2
전북,익산시,16시-18시,187,3,54,199,5
전북,익산시,18시-20시,190,5,56,199,6
전북,익산시,20시-22시,135,3,33,151,3
전북,익산시,22시-24시,84,3,25,126,1
전남,목포시,00시-02시,72,0,22,106,0
전남,목포시,02시-04시,40,0,6,71,0
전남,목포시,04시-06시,56,0,17,73,1
전남,목포시,06시-08시,92,4,24,117,3
전남,목포시,08시-10시,179,1,33,252,5
전남,목포시,10시-12시,182,0,34,250,0
전남,목포시,12시-14시,185,0,31,266,7
전남,목포시,14시-16시,230,0,60,322,8
전남,목포시,16시-18시,217,4,35,368,10
전남,목포시,18시-20시,247,0,51,372,14
전남,목포시,20시-22시,193,1,49,277,3
전남,목포시,22시-24시,125,3,25,209,6
전남,여수시,00시-02시,57,4,19,60,2
전남,여수시,02시-04시,29,1,10,37,2
전남,여수시,04시-06시,36,3,14,34,2
전남,여수시,06시-08시,117,3,34,129,1
전남,여수시,08시-10시,149,2,39,181,10
전남,여수시,10시-12시,151,4,49,170,2
전남,여수시,12시-14시,179,1,35,263,12
전남,여수시,14시-16시,190,3,51,239,10
전남,여수시,16시-18시,220,0,52,316,8
전남,여수시,18시-20시,193,4,53,212,1
전남,여수시,20시-22시,148,1,40,179,12
전남,여수시,22시-24시,98,1,14,110,6
전남,순천시,00시-02시,49,0,13,74,5
전남,순천시,02시-04시,34,2,10,36,1
전남,순천시,04시-06시,33,2,12,31,2
전남,순천시,06시-08시,69,0,23,101,3
전남,순천시,08시-10시,152,2,42,171,7
전남,순천시,10시-12시,163,4,47,206,5
전남,순천시,12시-14시,147,3,45,185,4
전남,순천시,14시-16시,177,3,55,242,10
전남,순천시,16시-18시,207,3,62,279,10
전남,순천시,18시-20시,221,3,45,280,22
전남,순천시,20시-22시,123,2,36,138,5
전남,순천시,22시-24시,87,4,25,106,6
전남,나주시,00시-02시,13,1,4,14,1
전남,나주시,02시-04시,6,0,2,10,0
전남,나주시,04시-06시,16,1,6,16,1
전남,나주시,06시-08시,42,1,17,43,1
전남,나주시,08시-10시,71,4,20,109,4
전남,나주시,10시-12시,76,4,22,101,7
전남,나주시,12시-14시,75,2,24,125,1
전남,나주시,14시-16시,74,5,22,97,1
전남,나주시,16시-18시,109,3,27,163,5
전남,나주시,18시-20시,82,1,18,126,4
전남,나주시,20시-22시,47,2,16,58,2
전남,나주시,22시-24시,35,1,8,44,1
전남,광양시,00시-02시,31,0,8,46,4
전남,광양시,02시-04시,12,1,3,9,1
전남,광양시,04시-06시,15,1,5,12,2
전남,광양시,06시-08시,47,1,9,67,5
전남,광양시,08시-10시,78,0,31,85,4
전남,광양시,10시-12시,72,3,23,74,6
전남,광양시,12시-14시,91,1,36,108,3
전남,광양시,14시-16시,78,5,24,79,4
전남,광양시,16시-18시,95,0,35,115,5
전남,광양시,18시-20시,110,3,28,121,6
전남,광양시,20시-22시,53,1,17,66,2
전남,광양시,22시-24시,57,1,17,80,2
전남,담양군,00시-02시,4,0,0,4,3
전남,담양군,02시-04시,3,0,4,0,0
전남,담양군,04시-06시,9,0,2,13,0
전남,담양군,06시-08시,19,1,9,19,1
전남,담양군,08시-10시,44,2,14,52,1
전남,담양군,10시-12시,51,0,14,88,0
전남,담양군,12시-14시,43,1,14,69,4
전남,담양군,14시-16시,56,3,28,76,1
전남,담양군,16시-18시,45,3,12,80,0
전남,담양군,18시-20시,28,1,6,41,2
전남,담양군,20시-22시,9,1,4,11,1
전남,담양군,22시-24시,10,0,5,14,2
전남,곡성군,00시-02시,3,0,0,6,0
전남,곡성군,02시-04시,1,0,0,1,0
전남,곡성군,04시-06시,2,0,2,0,0
전남,곡성군,06시-08시,9,2,1,6,0
전남,곡성군,08시-10시,22,0,13,18,3
전남,곡성군,10시-12시,23,1,19,24,4
전남,곡성군,12시-14시,18,0,11,16,0
전남,곡성군,14시-16시,20,2,4,36,2
전남,곡성군,16시-18시,23,1,23,38,0
전남,곡성군,18시-20시,19,2,8,16,2
전남,곡성군,20시-22시,8,0,5,7,0
전남,곡성군,22시-24시,5,1,3,3,0
전남,구례군,00시-02시,1,0,0,5,0
전남,구례군,06시-08시,6,0,2,6,1
전남,구례군,08시-10시,11,2,2,13,1
전남,구례군,10시-12시,26,0,17,21,2
전남,구례군,12시-14시,27,0,15,29,2
전남,구례군,14시-16시,26,0,12,18,6
전남,구례군,16시-18시,25,1,8,26,2
전남,구례군,18시-20시,11,3,3,15,0
전남,구례군,20시-22시,8,1,3,18,0
전남,구례군,22시-24시,1,0,0,1,0
전남,고흥군,00시-02시,3,1,1,1,0
전남,고흥군,02시-04시,7,0,7,10,0
전남,고흥군,04시-06시,9,1,9,5,0
전남,고흥군,06시-08시,23,4,16,15,0
전남,고흥군,08시-10시,49,1,30,44,2
전남,고흥군,10시-12시,42,2,27,50,1
전남,고흥군,12시-14시,41,1,29,45,1
전남,고흥군,14시-16시,48,2,39,56,3
전남,고흥군,16시-18시,44,0,30,81,8
전남,고흥군,18시-20시,37,4,18,30,1
전남,고흥군,20시-22시,17,0,9,15,1
전남,고흥군,22시-24시,9,1,4,6,1
전남,보성군,00시-02시,3,0,6,5,0
전남,보성군,02시-04시,3,0,1,3,0
전남,보성군,04시-06시,5,0,2,4,0
전남,보성군,06시-08시,14,1,8,17,0
전남,보성군,08시-10시,45,2,15,46,8
전남,보성군,10시-12시,39,4,17,43,5
전남,보성군,12시-14시,40,1,21,41,3
전남,보성군,14시-16시,40,3,23,45,3
전남,보성군,16시-18시,36,2,17,23,3
전남,보성군,18시-20시,31,2,11,30,3
전남,보성군,20시-22시,15,0,3,24,3
전남,보성군,22시-24시,5,0,3,4,0
전남,화순군,00시-02시,4,0,1,7,0
전남,화순군,02시-04시,3,0,0,3,1
전남,화순군,04시-06시,5,1,4,6,1
전남,화순군,06시-08시,14,1,7,17,1
전남,화순군,08시-10시,46,2,14,55,5
전남,화순군,10시-12시,38,1,13,30,6
전남,화순군,12시-14시,46,1,18,51,4
전남,화순군,14시-16시,43,1,13,56,8
전남,화순군,16시-18시,52,1,19,80,5
전남,화순군,18시-20시,46,2,17,51,6
전남,화순군,20시-22시,21,1,7,23,7
전남,화순군,22시-24시,7,0,2,7,1
전남,장흥군,00시-02시,8,0,5,11,0
전남,장흥군,02시-04시,2,0,0,2,0
전남,장흥군,04시-06시,4,0,3,4,0
전남,장흥군,06시-08시,23,3,6,19,0
전남,장흥군,08시-10시,53,2,28,65,1
전남,장흥군,10시-12시,40,0,26,43,0
전남,장흥군,12시-14시,44,0,19,52,1
전남,장흥군,14시-16시,32,2,19,27,2
전남,장흥군,16시-18시,39,2,21,31,2
전남,장흥군,18시-20시,34,1,11,33,0
전남,장흥군,20시-22시,12,1,2,15,1
전남,장흥군,22시-24시,10,0,2,14,1
전남,강진군,00시-02시,2,1,1,0,0
전남,강진군,02시-04시,3,0,0,2,1
전남,강진군,04시-06시,4,0,0,4,0
전남,강진군,06시-08시,17,0,10,12,1
전남,강진군,08시-10시,49,0,19,54,3
전남,강진군,10시-12시,55,0,22,57,7
전남,강진군,12시-14시,38,2,25,42,8
전남,강진군,14시-16시,61,2,28,70,6
전남,강진군,16시-18시,47,0,21,44,5
전남,강진군,18시-20시,29,0,11,40,6
전남,강진군,20시-22시,9,1,1,9,2
전남,강진군,22시-24시,7,0,2,9,1
전남,해남군,00시-02시,9,0,4,13,1
전남,해남군,02시-04시,5,0,2,5,0
전남,해남군,04시-06시,10,0,6,9,0
전남,해남군,06시-08시,32,2,16,30,0
전남,해남군,08시-10시,57,5,26,67,4
전남,해남군,10시-12시,68,4,16,85,2
전남,해남군,12시-14시,51,2,20,66,4
전남,해남군,14시-16시,57,5,16,61,3
전남,해남군,16시-18시,55,1,19,90,4
전남,해남군,18시-20시,49,1,18,69,0
전남,해남군,20시-22시,31,2,9,30,2
전남,해남군,22시-24시,10,0,4,10,1
전남,영암군,00시-02시,10,0,4,10,0
전남,영암군,02시-04시,12,1,4,10,0
전남,영암군,04시-06시,9,0,4,11,0
전남,영암군,06시-08시,46,2,28,105,1
전남,영암군,08시-10시,70,1,21,86,3
전남,영암군,10시-12시,62,1,23,81,1
전남,영암군,12시-14시,43,1,15,55,1
전남,영암군,14시-16시,54,2,20,68,0
전남,영암군,16시-18시,60,0,17,88,1
전남,영암군,18시-20시,69,3,28,113,3
전남,영암군,20시-22시,38,0,9,51,9
전남,영암군,22시-24시,20,0,7,20,2
전남,무안군,00시-02시,10,1,2,20,0
전남,무안군,02시-04시,2,0,0,4,0
전남,무안군,04시-06시,4,1,0,3,0
전남,무안군,06시-08시,19,1,7,23,0
전남,무안군,08시-10시,47,0,9,52,0
전남,무안군,10시-12시,41,3,17,43,0
전남,무안군,12시-14시,55,3,20,62,0
전남,무안군,14시-16시,57,3,15,58,0
전남,무안군,16시-18시,54,1,15,77,1
전남,무안군,18시-20시,59,3,20,63,0
전남,무안군,20시-22시,27,0,6,34,0
전남,무안군,22시-24시,20,1,1,27,0
전남,함평군,00시-02시,6,0,2,8,1
전남,함평군,02시-04시,2,0,1,0,1
전남,함평군,06시-08시,8,0,4,6,2
전남,함평군,08시-10시,27,0,8,23,7
전남,함평군,10시-12시,27,0,10,32,8
전남,함평군,12시-14시,31,0,9,32,7
전남,함평군,14시-16시,26,2,5,26,5
전남,함평군,16시-18시,24,1,13,20,6
전남,함평군,18시-20시,26,6,8,28,4
전남,함평군,20시-22시,7,0,3,4,1
전남,함평군,22시-24시,9,0,2,10,1
전남,영광군,00시-02시,3,0,1,5,2
전남,영광군,02시-04시,2,0,0,2,0
전남,영광군,04시-06시,4,0,0,5,7
전남,영광군,06시-08시,17,1,7,16,0
전남,영광군,08시-10시,23,1,10,22,2
전남,영광군,10시-12시,35,2,14,33,3
전남,영광군,12시-14시,25,1,9,24,6
전남,영광군,14시-16시,31,1,20,38,0
전남,영광군,16시-18시,28,1,8,38,3
전남,영광군,18시-20시,32,3,14,21,5
전남,영광군,20시-22시,17,1,6,16,0
전남,영광군,22시-24시,8,0,2,7,1
전남,장성군,00시-02시,5,0,0,11,2
전남,장성군,02시-04시,7,0,3,6,0
전남,장성군,04시-06시,9,0,9,7,1
전남,장성군,06시-08시,20,0,7,25,2
전남,장성군,08시-10시,33,1,13,42,4
전남,장성군,10시-12시,35,2,15,46,1
전남,장성군,12시-14시,32,2,10,37,4
전남,장성군,14시-16시,37,0,12,65,4
전남,장성군,16시-18시,40,1,17,45,5
전남,장성군,18시-20시,27,1,10,31,0
전남,장성군,20시-22시,14,0,9,13,5
전남,장성군,22시-24시,11,0,6,8,1
전남,완도군,00시-02시,3,0,1,2,0
전남,완도군,02시-04시,2,0,1,1,0
전남,완도군,04시-06시,3,0,0,3,0
전남,완도군,06시-08시,14,0,6,16,0
전남,완도군,08시-10시,27,0,19,21,0
전남,완도군,10시-12시,22,0,12,23,0
전남,완도군,12시-14시,21,2,9,21,0
전남,완도군,14시-16시,35,1,14,40,1
전남,완도군,16시-18시,18,0,4,16,0
전남,완도군,18시-20시,20,1,10,33,0
전남,완도군,20시-22시,12,0,2,19,0
전남,완도군,22시-24시,9,0,2,23,0
전남,진도군,00시-02시,3,3,2,5,0
전남,진도군,02시-04시,1,1,0,4,0
전남,진도군,04시-06시,2,0,2,2,0
전남,진도군,06시-08시,11,2,8,9,0
전남,진도군,08시-10시,21,0,7,29,0
전남,진도군,10시-12시,19,1,12,21,0
전남,진도군,12시-14시,16,0,7,14,1
전남,진도군,14시-16시,24,1,17,24,0
전남,진도군,16시-18시,15,0,4,18,0
전남,진도군,18시-20시,15,4,4,10,1
전남,진도군,20시-22시,9,0,7,8,0
전남,진도군,22시-24시,4,0,2,5,0
전남,신안군,00시-02시,4,0,6,4,2
전남,신안군,02시-04시,1,0,2,1,0
전남,신안군,04시-06시,2,0,0,3,0
전남,신안군,06시-08시,14,1,11,6,0
전남,신안군,08시-10시,16,0,5,19,0
전남,신안군,10시-12시,26,0,7,38,0
전남,신안군,12시-14시,16,0,6,37,0
전남,신안군,14시-16시,18,0,6,27,1
전남,신안군,16시-18시,16,0,7,31,2
전남,신안군,18시-20시,21,0,15,22,0
전남,신안군,20시-22시,6,2,4,6,0
전남,신안군,22시-24시,1,0,0,1,0
경북,포항시,00시-02시,84,0,29,85,2
경북,포항시,02시-04시,75,2,35,98,4
경북,포항시,04시-06시,48,4,17,43,3
경북,포항시,06시-08시,136,2,44,138,9
경북,포항시,08시-10시,274,0,92,352,28
경북,포항시,10시-12시,298,5,92,345,21
경북,포항시,12시-14시,291,0,83,336,33
경북,포항시,14시-16시,318,3,102,347,34
경북,포항시,16시-18시,371,8,87,414,22
경북,포항시,18시-20시,435,6,122,504,40
경북,포항시,20시-22시,267,2,72,322,23
경북,포항시,22시-24시,180,1,64,203,24
경북,경주시,00시-02시,56,2,23,38,6
경북,경주시,02시-04시,31,0,17,23,3
경북,경주시,04시-06시,38,2,17,30,3
경북,경주시,06시-08시,95,4,46,71,7
경북,경주시,08시-10시,175,3,89,155,16
경북,경주시,10시-12시,220,9,103,232,20
경북,경주시,12시-14시,181,2,66,217,22
경북,경주시,14시-16시,249,1,122,260,25
경북,경주시,16시-18시,242,2,135,251,24
경북,경주시,18시-20시,216,3,98,225,26
경북,경주시,20시-22시,155,4,56,150,12
경북,경주시,22시-24시,83,3,42,78,6
경북,김천시,00시-02시,12,0,6,13,0
경북,김천시,02시-04시,9,0,1,9,0
경북,김천시,04시-06시,10,3,8,8,0
경북,김천시,06시-08시,41,1,15,35,0
경북,김천시,08시-10시,81,1,34,76,0
경북,김천시,10시-12시,87,1,44,83,2
경북,김천시,12시-14시,71,1,27,75,3
경북,김천시,14시-16시,83,2,38,67,2
경북,김천시,16시-18시,109,2,34,117,2
경북,김천시,18시-20시,89,2,35,77,3
경북,김천시,20시-22시,57,2,22,64,2
경북,김천시,22시-24시,34,2,14,35,1
경북,안동시,00시-02시,36,4,15,31,2
경북,안동시,02시-04시,16,0,4,24,0
경북,안동시,04시-06시,18,0,3,23,0
경북,안동시,06시-08시,60,0,30,64,3
경북,안동시,08시-10시,111,3,36,122,6
경북,안동시,10시-12시,124,3,43,139,8
경북,안동시,12시-14시,101,5,39,107,8
경북,안동시,14시-16시,133,3,46,138,8
경북,안동시,16시-18시,154,4,71,150,5
경북,안동시,18시-20시,154,5,62,155,15
경북,안동시,20시-22시,94,2,34,90,7
경북,안동시,22시-24시,44,2,15,59,0
경북,구미시,00시-02시,93,4,32,96,17
경북,구미시,02시-04시,53,1,27,51,6
경북,구미시,04시-06시,46,1,18,37,10
경북,구미시,06시-08시,119,2,46,103,14
경북,구미시,08시-10시,222,3,75,233,22
경북,구미시,10시-12시,159,2,52,165,20
경북,구미시,12시-14시,190,3,74,177,31
경북,구미시,14시-16시,224,1,56,236,43
경북,구미시,16시-18시,250,4,84,237,39
경북,구미시,18시-20시,303,2,122,271,41
경북,구미시,20시-22시,212,4,78,207,26
경북,구미시,22시-24시,156,3,52,176,15
경북,영주시,00시-02시,12,0,4,12,0
경북,영주시,02시-04시,7,1,4,2,2
경북,영주시,04시-06시,14,1,11,8,2
경북,영주시,06시-08시,22,0,17,13,2
경북,영주시,08시-10시,46,1,14,38,9
경북,영주시,10시-12시,65,0,20,57,9
경북,영주시,12시-14시,75,1,26,56,13
경북,영주시,14시-16시,68,1,32,51,11
경북,영주시,16시-18시,82,0,32,65,9
경북,영주시,18시-20시,92,4,32,84,10
경북,영주시,20시-22시,44,2,14,35,8
경북,영주시,22시-24시,28,0,6,29,4
경북,영천시,00시-02시,15,1,2,29,0
경북,영천시,02시-04시,9,1,0,14,0
경북,영천시,04시-06시,18,1,8,22,0
경북,영천시,06시-08시,49,0,15,65,6
경북,영천시,08시-10시,92,2,28,113,5
경북,영천시,10시-12시,90,2,30,117,4
경북,영천시,12시-14시,77,1,17,110,7
경북,영천시,14시-16시,123,5,44,140,14
경북,영천시,16시-18시,126,1,46,188,6
경북,영천시,18시-20시,109,5,35,121,2
경북,영천시,20시-22시,52,3,16,81,4
경북,영천시,22시-24시,33,1,13,47,2
경북,문경시,00시-02시,10,0,3,10,2
경북,문경시,02시-04시,4,0,3,2,0
경북,문경시,04시-06시,6,2,1,3,0
경북,문경시,06시-08시,16,0,9,15,0
경북,문경시,08시-10시,48,0,22,51,1
경북,문경시,10시-12시,54,0,17,88,0
경북,문경시,12시-14시,56,1,24,69,2
경북,문경시,14시-16시,53,4,18,67,0
경북,문경시,16시-18시,61,1,16,69,7
경북,문경시,18시-20시,53,0,18,50,3
경북,문경시,20시-22시,25,0,5,27,0
경북,문경시,22시-24시,20,0,7,21,1
경북,상주시,00시-02시,10,1,8,12,0
경북,상주시,02시-04시,6,0,4,2,0
경북,상주시,04시-06시,10,2,6,10,0
경북,상주시,06시-08시,33,0,18,37,0
경북,상주시,08시-10시,74,3,35,78,0
경북,상주시,10시-12시,73,4,37,64,0
경북,상주시,12시-14시,91,5,43,90,0
경북,상주시,14시-16시,94,4,33,89,1
경북,상주시,16시-18시,91,4,35,90,0
경북,상주시,18시-20시,96,2,40,89,0
경북,상주시,20시-22시,41,1,20,33,0
경북,상주시,22시-24시,11,0,3,16,0
경북,군위군,02시-04시,1,0,0,1,0
경북,군위군,04시-06시,6,7,25,19,1
경북,군위군,06시-08시,6,0,3,3,0
경북,군위군,08시-10시,21,3,8,16,0
경북,군위군,10시-12시,23,2,11,21,1
경북,군위군,12시-14시,14,3,13,6,0
경북,군위군,14시-16시,15,1,11,12,0
경북,군위군,16시-18시,22,1,8,27,0
경북,군위군,18시-20시,17,1,7,15,0
경북,군위군,20시-22시,8,0,3,12,0
경북,군위군,22시-24시,2,0,4,0,0
경북,의성군,00시-02시,5,0,2,5,0
경북,의성군,02시-04시,3,1,4,0,0
경북,의성군,04시-06시,3,0,0,3,0
경북,의성군,06시-08시,12,1,7,6,0
경북,의성군,08시-10시,32,1,16,30,0
경북,의성군,10시-12시,42,5,30,26,0
경북,의성군,12시-14시,39,5,31,14,0
경북,의성군,14시-16시,25,2,14,18,0
경북,의성군,16시-18시,35,1,28,23,0
경북,의성군,18시-20시,27,4,21,25,0
경북,의성군,20시-22시,12,0,5,15,0
경북,의성군,22시-24시,6,0,0,11,0
경북,청송군,00시-02시,2,0,1,1,0
경북,청송군,02시-04시,1,0,1,0,0
경북,청송군,06시-08시,3,1,3,0,0
경북,청송군,08시-10시,10,1,8,4,0
경북,청송군,10시-12시,14,1,14,8,0
경북,청송군,12시-14시,13,0,10,13,0
경북,청송군,14시-16시,16,0,11,13,0
경북,청송군,16시-18시,12,1,6,10,0
경북,청송군,18시-20시,10,1,4,6,1
경북,청송군,20시-22시,5,1,3,6,0
경북,청송군,22시-24시,3,1,2,1,0
경북,영양군,00시-02시,1,0,0,1,0
경북,영양군,02시-04시,2,0,0,1,1
경북,영양군,04시-06시,1,0,0,2,0
경북,영양군,06시-08시,5,0,2,6,0
경북,영양군,08시-10시,9,0,2,10,2
경북,영양군,10시-12시,11,1,6,7,1
경북,영양군,12시-14시,8,0,3,5,0
경북,영양군,14시-16시,11,1,7,10,0
경북,영양군,16시-18시,5,0,4,1,0
경북,영양군,18시-20시,5,0,2,8,0
경북,영양군,20시-22시,4,0,4,7,0
경북,영양군,22시-24시,2,0,1,1,1
경북,영덕군,00시-02시,3,1,0,1,1
경북,영덕군,02시-04시,7,0,4,3,1
경북,영덕군,04시-06시,4,0,2,2,0
경북,영덕군,06시-08시,9,0,4,15,0
경북,영덕군,08시-10시,34,1,12,30,3
경북,영덕군,10시-12시,33,2,10,36,3
경북,영덕군,12시-14시,22,1,8,19,2
경북,영덕군,14시-16시,31,1,18,31,2
경북,영덕군,16시-18시,35,1,18,32,1
경북,영덕군,18시-20시,28,1,11,25,4
경북,영덕군,20시-22시,20,1,9,22,2
경북,영덕군,22시-24시,8,0,1,10,2
경북,청도군,00시-02시,3,1,1,1,0
경북,청도군,02시-04시,4,0,5,2,0
경북,청도군,04시-06시,2,0,1,1,0
경북,청도군,06시-08시,13,1,5,12,0
경북,청도군,08시-10시,27,3,4,28,5
경북,청도군,10시-12시,25,0,10,31,0
경북,청도군,12시-14시,35,1,17,45,4
경북,청도군,14시-16시,23,0,7,24,2
경북,청도군,16시-18시,36,4,18,45,0
경북,청도군,18시-20시,26,0,14,20,0
경북,청도군,20시-22시,12,1,5,9,1
경북,청도군,22시-24시,6,2,3,3,0
경북,고령군,00시-02시,2,0,1,1,0
경북,고령군,02시-04시,1,0,0,2,0
경북,고령군,04시-06시,3,0,1,2,0
경북,고령군,06시-08시,12,0,7,13,0
경북,고령군,08시-10시,15,0,4,18,0
경북,고령군,10시-12시,15,0,7,13,0
경북,고령군,12시-14시,23,1,4,31,0
경북,고령군,14시-16시,26,1,13,32,1
경북,고령군,16시-18시,28,1,5,29,2
경북,고령군,18시-20시,21,1,14,17,0
경북,고령군,20시-22시,11,0,2,10,4
경북,고령군,22시-24시,6,0,3,6,0
경북,성주군,00시-02시,6,0,1,5,0
경북,성주군,02시-04시,2,0,1,4,0
경북,성주군,04시-06시,7,1,3,3,0
경북,성주군,06시-08시,25,1,6,32,0
경북,성주군,08시-10시,38,0,19,37,0
경북,성주군,10시-12시,41,0,18,41,0
경북,성주군,12시-14시,39,0,17,35,1
경북,성주군,14시-16시,43,2,18,41,0
경북,성주군,16시-18시,34,2,8,40,0
경북,성주군,18시-20시,30,4,8,42,0
경북,성주군,20시-22시,16,1,11,10,0
경북,성주군,22시-24시,8,0,5,10,0
경북,칠곡군,00시-02시,23,1,13,21,5
경북,칠곡군,02시-04시,13,1,7,7,6
경북,칠곡군,04시-06시,20,0,6,17,5
경북,칠곡군,06시-08시,56,1,19,59,11
경북,칠곡군,08시-10시,91,2,40,87,13
경북,칠곡군,10시-12시,77,0,26,62,15
경북,칠곡군,12시-14시,85,1,43,78,14
경북,칠곡군,14시-16시,86,2,38,81,21
경북,칠곡군,16시-18시,127,1,53,152,25
경북,칠곡군,18시-20시,100,2,34,113,16
경북,칠곡군,20시-22시,68,4,19,69,16
경북,칠곡군,22시-24시,35,2,10,27,8
경북,예천군,00시-02시,1,0,1,0,0
경북,예천군,02시-04시,1,0,1,0,0
경북,예천군,04시-06시,4,0,4,2,0
경북,예천군,06시-08시,12,1,10,8,0
경북,예천군,08시-10시,33,1,32,20,0
경북,예천군,10시-12시,28,0,27,8,0
경북,예천군,12시-14시,29,0,26,16,0
경북,예천군,14시-16시,24,2,18,15,0
경북,예천군,16시-18시,28,1,18,17,0
경북,예천군,18시-20시,24,1,20,18,0
경북,예천군,20시-22시,12,0,9,12,0
경북,예천군,22시-24시,10,0,7,17,0
경북,봉화군,00시-02시,1,0,0,1,0
경북,봉화군,02시-04시,2,0,1,1,0
경북,봉화군,04시-06시,4,1,5,2,0
경북,봉화군,06시-08시,6,0,3,8,1
경북,봉화군,08시-10시,20,1,10,20,5
경북,봉화군,10시-12시,17,0,5,25,4
경북,봉화군,12시-14시,23,1,6,21,7
경북,봉화군,14시-16시,26,1,13,21,5
경북,봉화군,16시-18시,21,1,5,25,5
경북,봉화군,18시-20시,17,0,4,17,3
경북,봉화군,20시-22시,6,0,2,7,0
경북,봉화군,22시-24시,6,0,0,6,1
경북,울진군,00시-02시,2,0,2,0,0
경북,울진군,02시-04시,3,0,2,2,0
경북,울진군,04시-06시,5,2,3,4,0
경북,울진군,06시-08시,9,0,7,2,0
경북,울진군,08시-10시,28,0,12,24,3
경북,울진군,10시-12시,24,1,17,19,0
경북,울진군,12시-14시,26,2,18,18,0
경북,울진군,14시-16시,26,0,16,21,1
경북,울진군,16시-18시,16,1,9,12,0
경북,울진군,18시-20시,18,0,11,14,0
경북,울진군,20시-22시,10,0,6,6,0
경북,울진군,22시-24시,4,0,2,4,0
경북,울릉군,02시-04시,2,0,0,1,1
경북,울릉군,04시-06시,1,0,0,1,0
경북,울릉군,06시-08시,2,0,0,2,6
경북,울릉군,08시-10시,2,0,0,2,0
경북,울릉군,10시-12시,1,0,0,2,0
경북,울릉군,12시-14시,3,0,0,2,1
경북,울릉군,14시-16시,2,0,16,17,5
경북,울릉군,16시-18시,3,0,1,2,0
경북,울릉군,18시-20시,2,0,2,1,0
경북,경산시,00시-02시,45,0,15,48,2
경북,경산시,02시-04시,32,2,14,29,2
경북,경산시,04시-06시,30,1,11,25,1
경북,경산시,06시-08시,72,2,18,79,5
경북,경산시,08시-10시,133,5,36,116,9
경북,경산시,10시-12시,107,2,37,84,5
경북,경산시,12시-14시,135,2,47,135,4
경북,경산시,14시-16시,140,1,47,128,11
경북,경산시,16시-18시,141,0,42,149,4
경북,경산시,18시-20시,194,3,65,180,11
경북,경산시,20시-22시,126,0,34,149,9
경북,경산시,22시-24시,84,4,30,93,9
경남,진주시,00시-02시,41,2,30,31,2
경남,진주시,02시-04시,22,2,14,14,2
경남,진주시,04시-06시,22,3,14,14,2
경남,진주시,06시-08시,41,2,25,22,0
경남,진주시,08시-10시,76,2,43,55,2
경남,진주시,10시-12시,87,4,60,58,3
경남,진주시,12시-14시,73,2,37,45,5
경남,진주시,14시-16시,69,0,43,52,5
경남,진주시,16시-18시,106,2,54,72,1
경남,진주시,18시-20시,133,4,81,84,4
경남,진주시,20시-22시,103,3,57,62,2
경남,진주시,22시-24시,69,2,38,47,2
경남,통영시,00시-02시,35,0,18,30,9
경남,통영시,02시-04시,10,0,2,10,0
경남,통영시,04시-06시,16,1,8,12,0
경남,통영시,06시-08시,32,0,19,24,1
경남,통영시,08시-10시,69,0,25,75,7
경남,통영시,10시-12시,74,0,35,74,3
경남,통영시,12시-14시,88,0,25,111,9
경남,통영시,14시-16시,91,0,30,106,9
경남,통영시,16시-18시,81,0,32,104,6
경남,통영시,18시-20시,109,1,35,139,9
경남,통영시,20시-22시,61,1,18,66,10
경남,통영시,22시-24시,50,0,23,47,4
경남,김해시,00시-02시,87,3,49,93,2
경남,김해시,02시-04시,48,2,22,49,7
경남,김해시,04시-06시,67,2,33,56,1
경남,김해시,06시-08시,150,3,69,145,7
경남,김해시,08시-10시,252,2,112,261,14
경남,김해시,10시-12시,213,3,81,222,11
경남,김해시,12시-14시,223,3,123,185,7
경남,김해시,14시-16시,266,4,111,287,16
경남,김해시,16시-18시,293,3,110,299,31
경남,김해시,18시-20시,342,4,159,318,17
경남,김해시,20시-22시,251,2,105,231,13
경남,김해시,22시-24시,126,1,69,131,4
경남,밀양시,00시-02시,11,1,7,5,1
경남,밀양시,02시-04시,6,0,3,3,0
경남,밀양시,04시-06시,20,2,12,14,1
경남,밀양시,06시-08시,34,1,20,32,3
경남,밀양시,08시-10시,65,3,27,51,4
경남,밀양시,10시-12시,63,1,35,59,1
경남,밀양시,12시-14시,57,2,22,49,2
경남,밀양시,14시-16시,71,4,33,62,7
경남,밀양시,16시-18시,66,1,42,43,1
경남,밀양시,18시-20시,64,6,34,47,6
경남,밀양시,20시-22시,53,2,18,44,7
경남,밀양시,22시-24시,22,0,7,23,3
경남,거제시,00시-02시,34,1,14,37,2
경남,거제시,02시-04시,22,1,9,29,0
경남,거제시,04시-06시,18,2,14,8,0
경남,거제시,06시-08시,80,2,49,57,1
경남,거제시,08시-10시,87,1,36,79,3
경남,거제시,10시-12시,95,1,58,86,4
경남,거제시,12시-14시,97,2,38,125,3
경남,거제시,14시-16시,110,0,55,119,4
경남,거제시,16시-18시,145,0,76,127,6
경남,거제시,18시-20시,171,3,75,148,10
경남,거제시,20시-22시,84,2,37,82,1
경남,거제시,22시-24시,68,2,30,77,1
경남,의령군,00시-02시,5,0,3,3,0
경남,의령군,02시-04시,1,0,0,1,0
경남,의령군,04시-06시,3,0,3,0,0
경남,의령군,06시-08시,8,1,6,5,0
경남,의령군,08시-10시,21,0,8,22,1
경남,의령군,10시-12시,13,1,7,10,0
경남,의령군,12시-14시,21,2,7,20,5
경남,의령군,14시-16시,17,0,15,11,4
경남,의령군,16시-18시,22,1,11,23,4
경남,의령군,18시-20시,18,0,11,13,0
경남,의령군,20시-22시,9,0,7,8,0
경남,의령군,22시-24시,5,0,3,3,0
경남,함안군,00시-02시,6,0,3,4,1
경남,함안군,02시-04시,5,1,2,2,0
경남,함안군,04시-06시,6,1,3,5,0
경남,함안군,06시-08시,24,0,10,24,0
경남,함안군,08시-10시,47,2,32,31,1
경남,함안군,10시-12시,30,1,10,28,5
경남,함안군,12시-14시,43,2,24,53,9
경남,함안군,14시-16시,48,1,22,69,3
경남,함안군,16시-18시,44,3,15,49,0
경남,함안군,18시-20시,43,4,15,38,1
경남,함안군,20시-22시,22,1,8,17,0
경남,함안군,22시-24시,9,1,3,7,0
경남,창녕군,00시-02시,8,1,4,5,2
경남,창녕군,02시-04시,2,0,1,4,0
경남,창녕군,04시-06시,9,0,10,10,0
경남,창녕군,06시-08시,15,1,14,9,0
경남,창녕군,08시-10시,31,0,27,28,3
경남,창녕군,10시-12시,41,2,19,31,1
경남,창녕군,12시-14시,51,0,41,34,1
경남,창녕군,14시-16시,51,1,35,39,2
경남,창녕군,16시-18시,55,0,35,43,6
경남,창녕군,18시-20시,32,2,13,20,3
경남,창녕군,20시-22시,31,0,15,31,3
경남,창녕군,22시-24시,7,0,5,5,1
경남,양산시,00시-02시,55,1,23,59,2
경남,양산시,02시-04시,23,1,7,13,8
경남,양산시,04시-06시,33,3,15,28,5
경남,양산시,06시-08시,88,3,34,85,3
경남,양산시,08시-10시,133,0,51,119,13
경남,양산시,10시-12시,123,0,56,118,14
경남,양산시,12시-14시,131,1,65,95,16
경남,양산시,14시-16시,149,3,70,129,17
경남,양산시,16시-18시,175,3,72,170,34
경남,양산시,18시-20시,193,4,70,166,22
경남,양산시,20시-22시,118,1,48,115,16
경남,양산시,22시-24시,65,5,19,60,14
경남,고성군,00시-02시,6,1,0,9,0
경남,고성군,04시-06시,3,0,4,2,0
경남,고성군,06시-08시,19,1,14,13,0
경남,고성군,08시-10시,39,1,22,22,3
경남,고성군,10시-12시,36,2,22,34,3
경남,고성군,12시-14시,25,0,10,22,0
경남,고성군,14시-16시,28,1,9,32,3
경남,고성군,16시-18시,31,0,10,26,2
경남,고성군,18시-20시,41,1,30,37,3
경남,고성군,20시-22시,28,2,12,25,2
경남,고성군,22시-24시,10,1,3,9,0
경남,사천시,00시-02시,21,1,13,20,1
경남,사천시,02시-04시,15,0,7,13,0
경남,사천시,04시-06시,19,1,9,14,2
경남,사천시,06시-08시,53,1,25,41,4
경남,사천시,08시-10시,59,0,26,56,5
경남,사천시,10시-12시,79,4,34,87,9
경남,사천시,12시-14시,80,0,31,84,21
경남,사천시,14시-16시,79,0,38,81,13
경남,사천시,16시-18시,91,1,37,90,12
경남,사천시,18시-20시,76,2,43,52,17
경남,사천시,20시-22시,56,0,25,48,5
경남,사천시,22시-24시,40,1,23,48,7
경남,남해군,00시-02시,3,0,0,1,2
경남,남해군,02시-04시,1,0,0,1,0
경남,남해군,04시-06시,4,0,4,19,3
경남,남해군,06시-08시,11,2,10,3,4
경남,남해군,08시-10시,23,1,16,8,2
경남,남해군,10시-12시,24,1,17,14,7
경남,남해군,12시-14시,28,0,21,18,10
경남,남해군,14시-16시,35,1,29,19,6
경남,남해군,16시-18시,31,0,17,21,6
경남,남해군,18시-20시,18,2,10,7,5
경남,남해군,20시-22시,9,0,3,8,1
경남,남해군,22시-24시,5,1,3,1,1
경남,하동군,00시-02시,2,0,0,2,0
경남,하동군,02시-04시,1,0,1,3,0
경남,하동군,04시-06시,2,0,3,0,0
경남,하동군,06시-08시,4,1,1,2,2
경남,하동군,08시-10시,25,1,11,19,2
경남,하동군,10시-12시,20,2,16,9,2
경남,하동군,12시-14시,14,0,10,10,0
경남,하동군,14시-16시,22,2,13,18,3
경남,하동군,16시-18시,24,2,14,13,2
경남,하동군,18시-20시,17,2,14,12,4
경남,하동군,20시-22시,9,0,7,9,0
경남,하동군,22시-24시,3,1,1,2,0
경남,산청군,00시-02시,1,0,0,0,1
경남,산청군,02시-04시,3,0,3,2,0
경남,산청군,04시-06시,4,0,6,2,0
경남,산청군,06시-08시,5,0,2,3,1
경남,산청군,08시-10시,26,1,7,26,4
경남,산청군,10시-12시,23,0,23,16,3
경남,산청군,12시-14시,28,0,25,24,7
경남,산청군,14시-16시,30,1,18,34,6
경남,산청군,16시-18시,23,0,13,16,3
경남,산청군,18시-20시,24,0,21,20,4
경남,산청군,20시-22시,5,0,3,3,0
경남,산청군,22시-24시,1,0,1,0,0
경남,함양군,00시-02시,2,0,0,0,2
경남,함양군,02시-04시,1,0,1,1,0
경남,함양군,04시-06시,1,0,0,1,0
경남,함양군,06시-08시,5,0,4,3,0
경남,함양군,08시-10시,31,1,15,17,6
경남,함양군,10시-12시,35,1,26,28,7
경남,함양군,12시-14시,22,1,11,15,5
경남,함양군,14시-16시,34,0,21,22,6
경남,함양군,16시-18시,31,1,17,16,9
경남,함양군,18시-20시,19,2,6,24,2
경남,함양군,20시-22시,13,0,9,7,4
경남,함양군,22시-24시,7,1,4,10,1
경남,거창군,00시-02시,9,1,5,4,1
경남,거창군,02시-04시,5,0,4,4,2
경남,거창군,04시-06시,4,0,0,4,1
경남,거창군,06시-08시,10,1,7,16,0
경남,거창군,08시-10시,38,1,15,29,4
경남,거창군,10시-12시,28,4,15,19,1
경남,거창군,12시-14시,30,3,17,16,2
경남,거창군,14시-16시,35,1,16,28,1
경남,거창군,16시-18시,35,1,15,25,2
경남,거창군,18시-20시,32,2,13,23,2
경남,거창군,20시-22시,15,1,7,8,1
경남,거창군,22시-24시,9,0,5,7,1
경남,합천군,00시-02시,2,0,1,4,0
경남,합천군,02시-04시,3,1,1,0,1
경남,합천군,04시-06시,5,0,5,2,0
경남,합천군,06시-08시,9,1,5,4,0
경남,합천군,08시-10시,26,0,20,19,1
경남,합천군,10시-12시,30,2,16,18,1
경남,합천군,12시-14시,20,0,12,17,0
경남,합천군,14시-16시,33,1,23,23,0
경남,합천군,16시-18시,30,4,21,16,1
경남,합천군,18시-20시,16,1,13,6,0
경남,합천군,20시-22시,7,0,4,3,0
경남,합천군,22시-24시,3,0,1,4,0
경남,창원시(통합),00시-02시,153,4,53,165,10
경남,창원시(통합),02시-04시,77,5,42,57,9
경남,창원시(통합),04시-06시,72,6,36,53,0
경남,창원시(통합),06시-08시,223,2,102,197,9
경남,창원시(통합),08시-10시,336,5,130,314,19
경남,창원시(통합),10시-12시,310,9,140,305,35
경남,창원시(통합),12시-14시,350,6,140,348,22
경남,창원시(통합),14시-16시,365,5,150,338,23
경남,창원시(통합),16시-18시,390,4,153,379,20
경남,창원시(통합),18시-20시,450,3,160,415,17
경남,창원시(통합),20시-22시,305,11,122,256,9
경남,창원시(통합),22시-24시,214,2,99,186,11
제주,제주시,00시-02시,117,6,36,112,14
제주,제주시,02시-04시,62,1,25,62,12
제주,제주시,04시-06시,72,2,22,82,21
제주,제주시,06시-08시,175,7,52,160,30
제주,제주시,08시-10시,379,2,108,395,78
제주,제주시,10시-12시,328,3,96,345,70
제주,제주시,12시-14시,342,2,68,354,72
제주,제주시,14시-16시,377,5,111,424,70
제주,제주시,16시-18시,387,2,96,455,67
제주,제주시,18시-20시,452,2,87,505,76
제주,제주시,20시-22시,266,3,60,298,45
제주,제주시,22시-24시,182,5,54,178,26
제주,서귀포시,00시-02시,42,0,23,38,7
제주,서귀포시,02시-04시,19,0,8,16,2
제주,서귀포시,04시-06시,28,1,14,19,12
제주,서귀포시,06시-08시,69,3,37,66,10
제주,서귀포시,08시-10시,137,6,47,122,21
제주,서귀포시,10시-12시,146,1,54,154,28
제주,서귀포시,12시-14시,157,2,50,171,25
제주,서귀포시,14시-16시,171,3,84,190,21
제주,서귀포시,16시-18시,190,4,64,214,50
제주,서귀포시,18시-20시,165,3,64,162,28
제주,서귀포시,20시-22시,89,3,37,82,15
제주,서귀포시,22시-24시,60,0,37,71,9
대구,중구,00시-02시,52,1,14,60,9
대구,중구,02시-04시,51,1,15,45,16
대구,중구,04시-06시,38,2,16,50,3
대구,중구,06시-08시,33,2,13,22,5
대구,중구,08시-10시,78,0,22,79,14
대구,중구,10시-12시,71,1,14,68,19
대구,중구,12시-14시,101,1,27,86,31
대구,중구,14시-16시,98,1,21,101,26
대구,중구,16시-18시,112,2,22,91,39
대구,중구,18시-20시,99,0,26,110,48
대구,중구,20시-22시,76,0,18,77,17
대구,중구,22시-24시,60,0,15,69,17
대구,동구,00시-02시,57,5,11,60,8
대구,동구,02시-04시,44,0,18,42,7
대구,동구,04시-06시,36,1,20,35,1
대구,동구,06시-08시,89,0,30,85,12
대구,동구,08시-10시,193,2,60,213,26
대구,동구,10시-12시,189,0,66,197,18
대구,동구,12시-14시,201,1,67,222,27
대구,동구,14시-16시,241,4,66,284,32
대구,동구,16시-18시,273,3,70,330,32
대구,동구,18시-20시,292,0,64,322,40
대구,동구,20시-22시,212,2,46,238,27
대구,동구,22시-24시,127,1,47,137,15
대구,서구,00시-02시,57,0,29,61,6
대구,서구,02시-04시,41,3,20,47,6
대구,서구,04시-06시,43,1,17,38,7
대구,서구,06시-08시,86,0,25,73,16
대구,서구,08시-10시,149,0,47,118,28
대구,서구,10시-12시,121,1,41,108,14
대구,서구,12시-14시,122,1,30,125,18
대구,서구,14시-16시,148,1,49,164,22
대구,서구,16시-18시,146,0,40,155,24
대구,서구,18시-20시,208,0,56,242,22
대구,서구,20시-22시,112,1,39,128,20
대구,서구,22시-24시,84,0,25,85,13
대구,남구,00시-02시,44,1,27,40,4
대구,남구,02시-04시,26,1,8,37,5
대구,남구,04시-06시,17,0,5,19,3
대구,남구,06시-08시,44,0,15,38,7
대구,남구,08시-10시,79,1,20,77,7
대구,남구,10시-12시,84,0,28,74,5
대구,남구,12시-14시,104,0,32,108,9
대구,남구,14시-16시,104,0,25,118,17
대구,남구,16시-18시,118,1,30,122,13
대구,남구,18시-20시,148,0,38,161,20
대구,남구,20시-22시,80,0,19,96,7
대구,남구,22시-24시,54,0,15,59,10
대구,북구,00시-02시,75,4,26,70,10
대구,북구,02시-04시,38,0,23,33,1
대구,북구,04시-06시,48,3,17,32,8
대구,북구,06시-08시,139,5,55,127,10
대구,북구,08시-10시,238,0,75,233,28
대구,북구,10시-12시,251,2,77,264,27
대구,북구,12시-14시,279,0,94,284,33
대구,북구,14시-16시,252,1,70,273,30
대구,북구,16시-18시,326,1,100,370,41
대구,북구,18시-20시,387,4,123,376,59
대구,북구,20시-22시,228,1,64,242,35
대구,북구,22시-24시,152,1,48,166,20
대구,수성구,00시-02시,95,1,31,106,12
대구,수성구,02시-04시,51,2,17,54,4
대구,수성구,04시-06시,42,1,12,52,5
대구,수성구,06시-08시,89,0,28,98,8
대구,수성구,08시-10시,215,1,80,226,20
대구,수성구,10시-12시,233,1,65,262,32
대구,수성구,12시-14시,294,1,93,314,50
대구,수성구,14시-16시,292,0,52,337,37
대구,수성구,16시-18시,327,0,90,332,45
대구,수성구,18시-20시,379,0,88,432,46
대구,수성구,20시-22시,231,1,59,256,23
대구,수성구,22시-24시,188,1,45,235,17
대구,달서구,00시-02시,157,1,45,175,15
대구,달서구,02시-04시,94,1,33,113,6
대구,달서구,04시-06시,89,2,38,79,8
대구,달서구,06시-08시,206,3,61,198,14
대구,달서구,08시-10시,330,1,85,347,26
대구,달서구,10시-12시,298,1,69,332,41
대구,달서구,12시-14시,364,2,92,388,33
대구,달서구,14시-16시,365,0,96,364,50
대구,달서구,16시-18시,457,0,106,537,74
대구,달서구,18시-20시,604,1,133,659,81
대구,달서구,20시-22시,437,1,107,512,64
대구,달서구,22시-24시,278,4,70,288,42
대구,달성군,00시-02시,20,3,6,26,1
대구,달성군,02시-04시,17,1,7,17,2
대구,달성군,04시-06시,23,2,14,22,2
대구,달성군,06시-08시,76,1,31,72,9
대구,달성군,08시-10시,103,3,37,104,14
대구,달성군,10시-12시,78,1,24,81,4
대구,달성군,12시-14시,89,2,31,86,13
대구,달성군,14시-16시,135,3,50,136,9
대구,달성군,16시-18시,121,0,55,132,20
대구,달성군,18시-20시,149,3,49,163,16
대구,달성군,20시-22시,110,2,37,102,10
대구,달성군,22시-24시,45,1,14,31,7
인천,중구,00시-02시,26,0,13,33,1
인천,중구,02시-04시,12,0,10,11,1
인천,중구,04시-06시,26,0,13,33,8
인천,중구,06시-08시,49,0,17,66,2
인천,중구,08시-10시,77,1,35,108,6
인천,중구,10시-12시,64,1,25,61,6
인천,중구,12시-14시,58,0,22,82,5
인천,중구,14시-16시,70,1,11,84,9
인천,중구,16시-18시,76,0,18,100,1
인천,중구,18시-20시,79,0,22,112,4
인천,중구,20시-22시,54,3,20,56,3
인천,중구,22시-24시,40,0,14,47,3
인천,동구,00시-02시,6,0,2,12,0
인천,동구,02시-04시,3,0,2,3,0
인천,동구,04시-06시,4,1,2,2,0
인천,동구,06시-08시,8,0,1,11,0
인천,동구,08시-10시,20,0,6,20,1
인천,동구,10시-12시,19,0,6,17,0
인천,동구,12시-14시,15,0,7,18,1
인천,동구,14시-16시,13,1,0,12,1
인천,동구,16시-18시,21,1,8,16,1
인천,동구,18시-20시,18,0,3,23,1
인천,동구,20시-22시,18,0,5,17,1
인천,동구,22시-24시,9,0,2,14,0
인천,미추홀구,00시-02시,83,1,22,73,12
인천,미추홀구,02시-04시,56,3,22,50,13
인천,미추홀구,04시-06시,48,2,20,39,8
인천,미추홀구,06시-08시,56,0,22,50,3
인천,미추홀구,08시-10시,122,2,20,121,13
인천,미추홀구,10시-12시,105,0,31,94,9
인천,미추홀구,12시-14시,116,1,25,115,13
인천,미추홀구,14시-16시,126,2,33,109,19
인천,미추홀구,16시-18시,157,2,34,156,26
인천,미추홀구,18시-20시,141,0,27,134,15
인천,미추홀구,20시-22시,118,1,32,107,19
인천,미추홀구,22시-24시,101,3,25,119,11
인천,부평구,00시-02시,63,1,18,77,5
인천,부평구,02시-04시,45,1,16,45,0
인천,부평구,04시-06시,51,5,17,44,4
인천,부평구,06시-08시,60,0,15,62,1
인천,부평구,08시-10시,119,3,31,103,6
인천,부평구,10시-12시,110,2,27,111,3
인천,부평구,12시-14시,127,0,32,124,3
인천,부평구,14시-16시,137,1,32,137,6
인천,부평구,16시-18시,153,2,36,171,4
인천,부평구,18시-20시,168,1,42,179,5
인천,부평구,20시-22시,144,0,30,166,8
인천,부평구,22시-24시,101,0,30,117,2
인천,남동구,00시-02시,114,6,37,142,6
인천,남동구,02시-04시,68,5,19,78,4
인천,남동구,04시-06시,62,3,16,62,5
인천,남동구,06시-08시,112,0,26,109,9
인천,남동구,08시-10시,184,1,44,187,9
인천,남동구,10시-12시,176,1,52,186,6
인천,남동구,12시-14시,198,0,44,222,15
인천,남동구,14시-16시,223,1,61,245,15
인천,남동구,16시-18시,247,1,65,285,13
인천,남동구,18시-20시,257,1,58,285,13
인천,남동구,20시-22시,152,1,42,176,9
인천,남동구,22시-24시,144,3,46,141,15
인천,서구,00시-02시,76,1,26,87,2
인천,서구,02시-04시,51,0,26,58,1
인천,서구,04시-06시,60,2,19,63,2
인천,서구,06시-08시,116,3,27,114,2
인천,서구,08시-10시,181,0,45,186,4
인천,서구,10시-12시,146,1,38,170,7
인천,서구,12시-14시,139,4,38,164,6
인천,서구,14시-16시,173,1,48,191,7
인천,서구,16시-18시,210,3,60,219,11
인천,서구,18시-20시,248,0,70,280,10
인천,서구,20시-22시,155,2,58,165,7
인천,서구,22시-24시,133,3,38,157,0
인천,연수구,00시-02시,39,1,12,43,0
인천,연수구,02시-04시,18,1,8,17,1
인천,연수구,04시-06시,20,0,8,21,2
인천,연수구,06시-08시,35,1,13,27,1
인천,연수구,08시-10시,65,0,23,64,0
인천,연수구,10시-12시,56,1,13,63,5
인천,연수구,12시-14시,59,0,13,66,5
인천,연수구,14시-16시,65,0,23,68,3
인천,연수구,16시-18시,76,0,14,84,2
인천,연수구,18시-20시,98,4,23,127,6
인천,연수구,20시-22시,86,1,25,95,5
인천,연수구,22시-24시,53,1,12,63,0
인천,계양구,00시-02시,40,0,14,37,3
인천,계양구,02시-04시,24,0,9,36,0
인천,계양구,04시-06시,33,2,12,38,1
인천,계양구,06시-08시,51,2,15,48,0
인천,계양구,08시-10시,112,1,34,101,5
인천,계양구,10시-12시,69,0,21,58,7
인천,계양구,12시-14시,76,1,22,77,3
인천,계양구,14시-16시,87,2,22,91,3
인천,계양구,16시-18시,116,0,26,126,6
인천,계양구,18시-20시,114,1,28,126,7
인천,계양구,20시-22시,84,0,17,91,7
인천,계양구,22시-24시,73,1,20,76,3
인천,강화군,00시-02시,4,0,1,4,0
인천,강화군,04시-06시,4,0,2,5,0
인천,강화군,06시-08시,8,0,4,10,0
인천,강화군,08시-10시,28,4,12,17,0
인천,강화군,10시-12시,31,0,12,36,0
인천,강화군,12시-14시,27,1,16,24,1
인천,강화군,14시-16시,36,3,15,33,1
인천,강화군,16시-18시,25,0,9,31,0
인천,강화군,18시-20시,21,1,6,21,0
인천,강화군,20시-22시,9,0,3,7,0
인천,강화군,22시-24시,7,1,1,7,0
인천,옹진군,00시-02시,3,1,1,0,1
인천,옹진군,06시-08시,1,1,1,0,0
인천,옹진군,08시-10시,4,0,2,12,0
인천,옹진군,10시-12시,3,0,4,2,0
인천,옹진군,12시-14시,5,0,8,3,2
인천,옹진군,14시-16시,2,0,1,1,0
인천,옹진군,16시-18시,7,0,2,4,2
인천,옹진군,18시-20시,1,0,1,0,0
인천,옹진군,20시-22시,5,1,0,4,1
인천,옹진군,22시-24시,1,0,0,3,0
광주,동구,00시-02시,34,1,6,45,2
광주,동구,02시-04시,21,1,3,33,1
광주,동구,04시-06시,10,0,5,8,0
광주,동구,06시-08시,27,0,6,27,2
광주,동구,08시-10시,65,0,18,66,3
광주,동구,10시-12시,81,2,19,96,4
광주,동구,12시-14시,69,0,13,84,4
광주,동구,14시-16시,61,0,13,79,2
광주,동구,16시-18시,69,0,13,88,5
광주,동구,18시-20시,78,1,24,117,1
광주,동구,20시-22시,51,1,9,73,2
광주,동구,22시-24시,38,0,8,49,5
광주,서구,00시-02시,113,1,13,168,15
광주,서구,02시-04시,79,1,15,121,7
광주,서구,04시-06시,69,0,25,85,3
광주,서구,06시-08시,109,1,20,150,3
광주,서구,08시-10시,199,0,19,269,15
광주,서구,10시-12시,184,0,23,266,8
광주,서구,12시-14시,189,0,17,283,4
광주,서구,14시-16시,212,1,31,289,19
광주,서구,16시-18시,277,0,45,391,23
광주,서구,18시-20시,311,1,50,441,18
광주,서구,20시-22시,188,1,27,261,9
광주,서구,22시-24시,176,1,21,276,11
광주,북구,00시-02시,102,1,20,155,4
광주,북구,02시-04시,64,0,18,87,3
광주,북구,04시-06시,67,1,22,78,3
광주,북구,06시-08시,112,2,29,121,7
광주,북구,08시-10시,263,2,43,345,16
광주,북구,10시-12시,218,3,37,258,16
광주,북구,12시-14시,217,0,42,297,17
광주,북구,14시-16시,278,0,51,352,25
광주,북구,16시-18시,293,0,42,403,23
광주,북구,18시-20시,348,3,58,450,25
광주,북구,20시-22시,277,3,49,390,17
광주,북구,22시-24시,191,0,37,254,7
광주,광산구,00시-02시,98,1,22,147,8
광주,광산구,02시-04시,55,0,15,68,5
광주,광산구,04시-06시,43,2,13,58,0
광주,광산구,06시-08시,117,3,21,150,7
광주,광산구,08시-10시,213,1,38,310,17
광주,광산구,10시-12시,201,0,26,297,17
광주,광산구,12시-14시,196,0,33,306,15
광주,광산구,14시-16시,208,3,34,305,15
광주,광산구,16시-18시,273,1,61,403,25
광주,광산구,18시-20시,305,3,50,398,18
광주,광산구,20시-22시,239,0,45,304,19
광주,광산구,22시-24시,181,1,34,227,20
광주,남구,00시-02시,29,0,7,39,1
광주,남구,02시-04시,21,0,4,29,1
광주,남구,04시-06시,25,0,9,23,6
광주,남구,06시-08시,39,0,13,51,2
광주,남구,08시-10시,107,2,15,145,3
광주,남구,10시-12시,77,1,18,73,3
광주,남구,12시-14시,99,1,17,132,6
광주,남구,14시-16시,104,0,12,132,7
광주,남구,16시-18시,123,1,25,169,4
광주,남구,18시-20시,133,0,22,174,1
광주,남구,20시-22시,96,1,12,132,8
광주,남구,22시-24시,47,0,9,62,4
대전,동구,00시-02시,52,1,8,87,6
대전,동구,02시-04시,28,1,8,37,2
대전,동구,04시-06시,31,1,8,32,0
대전,동구,06시-08시,70,1,16,74,1
대전,동구,08시-10시,150,0,30,167,1
대전,동구,10시-12시,141,1,32,167,3
대전,동구,12시-14시,144,2,38,172,3
대전,동구,14시-16시,185,1,47,244,4
대전,동구,16시-18시,184,1,43,251,7
대전,동구,18시-20시,217,0,48,261,11
대전,동구,20시-22시,128,3,26,168,4
대전,동구,22시-24시,100,2,28,122,6
대전,중구,00시-02시,62,0,20,87,2
대전,중구,02시-04시,36,1,9,48,5
대전,중구,04시-06시,33,1,7,37,0
대전,중구,06시-08시,61,0,30,65,2
대전,중구,08시-10시,132,2,31,148,9
대전,중구,10시-12시,118,2,30,123,7
대전,중구,12시-14시,132,0,39,160,9
대전,중구,14시-16시,163,1,50,185,9
대전,중구,16시-18시,161,2,44,174,13
대전,중구,18시-20시,222,1,65,265,17
대전,중구,20시-22시,144,2,32,174,10
대전,중구,22시-24시,84,0,20,88,8
대전,서구,00시-02시,167,1,51,220,11
대전,서구,02시-04시,103,1,18,136,14
대전,서구,04시-06시,89,4,28,89,8
대전,서구,06시-08시,119,2,23,120,4
대전,서구,08시-10시,254,0,49,311,15
대전,서구,10시-12시,227,2,59,267,11
대전,서구,12시-14시,256,0,58,323,25
대전,서구,14시-16시,258,1,55,339,10
대전,서구,16시-18시,308,4,57,405,28
대전,서구,18시-20시,409,4,95,470,25
대전,서구,20시-22시,285,4,61,374,25
대전,서구,22시-24시,202,0,45,255,12
대전,유성구,00시-02시,91,0,34,111,5
대전,유성구,02시-04시,44,0,8,47,2
대전,유성구,04시-06시,40,2,12,45,4
대전,유성구,06시-08시,112,2,32,102,6
대전,유성구,08시-10시,202,2,41,250,18
대전,유성구,10시-12시,172,1,34,207,25
대전,유성구,12시-14시,229,1,51,295,30
대전,유성구,14시-16시,199,0,35,261,18
대전,유성구,16시-18시,275,0,69,326,28
대전,유성구,18시-20시,289,0,68,375,37
대전,유성구,20시-22시,211,3,46,249,19
대전,유성구,22시-24시,163,3,34,217,20
대전,대덕구,00시-02시,40,1,7,57,2
대전,대덕구,02시-04시,11,0,1,14,1
대전,대덕구,04시-06시,29,0,10,32,1
대전,대덕구,06시-08시,63,3,21,62,2
대전,대덕구,08시-10시,91,0,26,86,6
대전,대덕구,10시-12시,81,1,17,98,7
대전,대덕구,12시-14시,88,1,21,102,4
대전,대덕구,14시-16시,93,0,17,107,6
대전,대덕구,16시-18시,113,1,27,137,6
대전,대덕구,18시-20시,117,1,25,120,6
대전,대덕구,20시-22시,63,3,17,71,2
대전,대덕구,22시-24시,66,3,22,67,1
울산,중구,00시-02시,25,1,7,25,1
울산,중구,02시-04시,22,0,11,19,4
울산,중구,04시-06시,13,0,5,11,2
울산,중구,06시-08시,46,2,17,35,8
울산,중구,08시-10시,84,1,28,98,17
울산,중구,10시-12시,71,0,22,78,9
울산,중구,12시-14시,62,0,18,62,12
울산,중구,14시-16시,93,1,27,99,10
울산,중구,16시-18시,81,0,34,66,10
울산,중구,18시-20시,97,0,27,85,16
울산,중구,20시-22시,83,0,26,82,7
울산,중구,22시-24시,60,0,30,62,6
울산,남구,00시-02시,91,3,34,70,12
울산,남구,02시-04시,42,0,26,45,2
울산,남구,04시-06시,43,0,18,40,2
울산,남구,06시-08시,93,2,32,75,7
울산,남구,08시-10시,131,0,39,121,10
울산,남구,10시-12시,118,0,49,110,12
울산,남구,12시-14시,139,0,47,128,21
울산,남구,14시-16시,123,0,46,117,8
울산,남구,16시-18시,156,1,41,153,12
울산,남구,18시-20시,180,0,54,182,18
울산,남구,20시-22시,136,0,54,125,10
울산,남구,22시-24시,131,3,51,133,21
울산,동구,00시-02시,25,0,11,24,1
울산,동구,02시-04시,14,0,3,16,0
울산,동구,04시-06시,6,0,1,6,0
울산,동구,06시-08시,84,0,27,67,0
울산,동구,08시-10시,46,0,19,34,5
울산,동구,10시-12시,48,0,13,43,1
울산,동구,12시-14시,51,0,12,50,3
울산,동구,14시-16시,54,0,14,52,3
울산,동구,16시-18시,90,0,35,99,2
울산,동구,18시-20시,108,1,33,105,0
울산,동구,20시-22시,64,0,32,57,2
울산,동구,22시-24시,38,0,11,35,1
울산,북구,00시-02시,43,0,14,42,7
울산,북구,02시-04시,18,3,15,12,4
울산,북구,04시-06시,20,1,13,9,3
울산,북구,06시-08시,61,0,27,100,7
울산,북구,08시-10시,58,1,26,60,10
울산,북구,10시-12시,49,1,18,63,7
울산,북구,12시-14시,53,2,25,57,7
울산,북구,14시-16시,84,0,30,83,11
울산,북구,16시-18시,85,1,29,76,10
울산,북구,18시-20시,91,0,45,78,14
울산,북구,20시-22시,73,2,24,75,12
울산,북구,22시-24시,58,2,16,76,5
울산,울주군,00시-02시,26,3,10,20,4
울산,울주군,02시-04시,14,0,3,18,4
울산,울주군,04시-06시,28,2,15,17,3
울산,울주군,06시-08시,79,5,37,66,2
울산,울주군,08시-10시,91,1,29,89,11
울산,울주군,10시-12시,98,6,45,96,12
울산,울주군,12시-14시,90,2,41,107,18
울산,울주군,14시-16시,116,1,35,126,22
울산,울주군,16시-18시,118,3,52,115,14
울산,울주군,18시-20시,133,1,52,136,14
울산,울주군,20시-22시,66,2,16,62,9
울산,울주군,22시-24시,47,1,15,47,11
세종,세종시,00시-02시,27,0,10,26,1
세종,세종시,02시-04시,21,0,11,16,0
세종,세종시,04시-06시,26,1,10,19,2
세종,세종시,06시-08시,52,3,18,53,2
세종,세종시,08시-10시,115,3,52,121,1
세종,세종시,10시-12시,85,2,36,75,1
세종,세종시,12시-14시,84,1,30,85,1
세종,세종시,14시-16시,102,1,39,101,4
세종,세종시,16시-18시,118,0,56,107,3
세종,세종시,18시-20시,136,0,58,138,7
세종,세종시,20시-22시,90,3,32,79,3
세종,세종시,22시-24시,66,1,30,73,1
