시도,시군구,기상상태,사고건수,사망자수,중상자수,경상자수,부상신고자수
서울,종로구,맑음,1052,6,294,988,166
서울,종로구,흐림,32,0,8,31,2
서울,종로구,비,48,0,10,55,4
서울,종로구,기타/불명,1,0,0,1,0
서울,중구,맑음,1065,5,323,976,157
서울,중구,흐림,49,0,16,44,4
서울,중구,비,67,0,23,62,6
서울,중구,눈,1,0,0,1,0
서울,중구,기타/불명,2,0,3,0,0
서울,용산구,맑음,1071,9,287,1093,66
서울,용산구,흐림,40,0,8,55,2
서울,용산구,비,69,1,19,75,2
서울,용산구,눈,2,0,0,2,0
서울,용산구,기타/불명,5,0,2,3,0
서울,성동구,맑음,1021,12,271,998,78
서울,성동구,흐림,23,0,10,19,1
서울,성동구,비,45,1,12,45,3
서울,성동구,눈,1,0,1,0,0
서울,성동구,기타/불명,1,0,0,1,0
서울,동대문구,맑음,1377,11,451,1181,126
서울,동대문구,흐림,97,2,30,81,7
서울,동대문구,비,83,2,25,69,8
서울,동대문구,눈,1,0,0,1,0
서울,동대문구,기타/불명,7,0,1,8,0
서울,성북구,맑음,1325,6,396,1284,98
서울,성북구,흐림,85,1,26,70,8
서울,성북구,비,95,1,24,86,10
서울,성북구,눈,3,0,1,2,0
서울,성북구,기타/불명,1,0,0,2,0
서울,도봉구,맑음,743,3,255,636,117
서울,도봉구,흐림,53,1,13,58,5
서울,도봉구,비,55,0,18,47,13
서울,도봉구,눈,1,0,0,1,0
서울,은평구,맑음,1018,7,339,855,139
서울,은평구,흐림,28,0,8,32,2
서울,은평구,비,65,0,21,52,6
서울,은평구,안개,1,0,0,1,0
서울,은평구,눈,5,0,0,5,2
서울,은평구,기타/불명,2,0,1,1,0
서울,서대문구,맑음,962,10,262,888,226
서울,서대문구,흐림,81,2,29,82,20
서울,서대문구,비,59,2,19,50,18
서울,서대문구,눈,2,0,0,3,0
서울,서대문구,기타/불명,9,0,1,5,6
서울,마포구,맑음,1295,7,344,1300,166
서울,마포구,흐림,48,0,16,48,4
서울,마포구,비,96,0,36,103,16
서울,마포구,눈,5,0,1,5,3
서울,마포구,기타/불명,50,0,13,65,3
서울,강서구,맑음,1554,17,411,1548,157
서울,강서구,흐림,120,2,20,133,19
서울,강서구,비,110,0,29,95,11
서울,강서구,눈,6,0,0,15,0
서울,강서구,기타/불명,39,1,10,43,0
서울,구로구,맑음,1353,12,376,1350,111
서울,구로구,흐림,32,0,5,30,9
서울,구로구,비,92,1,34,101,9
서울,구로구,눈,1,0,0,1,0
서울,구로구,기타/불명,51,0,23,46,1
서울,영등포구,맑음,2240,8,553,2320,301
서울,영등포구,흐림,54,0,17,46,5
서울,영등포구,비,133,3,30,158,7
서울,영등포구,눈,9,0,5,6,0
서울,영등포구,기타/불명,3,0,1,2,0
서울,동작구,맑음,1282,5,372,1220,235
서울,동작구,흐림,35,0,11,44,4
서울,동작구,비,85,0,19,97,14
서울,동작구,눈,3,0,0,3,0
서울,동작구,기타/불명,1,0,0,2,0
서울,관악구,맑음,1175,5,324,1090,95
서울,관악구,흐림,34,3,11,25,2
서울,관악구,비,96,2,26,89,10
서울,관악구,눈,4,0,0,3,1
서울,관악구,기타/불명,54,0,15,57,7
서울,강남구,맑음,3308,12,717,3458,422
서울,강남구,흐림,97,0,19,107,7
서울,강남구,비,206,2,43,234,23
서울,강남구,안개,1,0,0,2,0
서울,강남구,눈,1,0,0,1,0
서울,강남구,기타/불명,109,0,15,122,12
서울,강동구,맑음,1222,10,379,1126,161
서울,강동구,흐림,89,0,29,74,8
서울,강동구,비,98,1,18,88,21
서울,강동구,눈,3,0,2,1,0
서울,강동구,기타/불명,2,0,2,1,0
서울,송파구,맑음,2657,9,670,2620,407
서울,송파구,흐림,65,1,19,52,14
서울,송파구,비,139,3,32,128,23
서울,송파구,안개,1,0,1,0,0
서울,송파구,눈,1,0,1,0,0
서울,송파구,기타/불명,29,0,13,23,0
서울,서초구,맑음,2211,12,513,2417,304
서울,서초구,흐림,56,1,18,58,10
서울,서초구,비,117,1,33,122,11
서울,서초구,눈,3,0,0,6,0
서울,서초구,기타/불명,31,0,7,28,3
서울,양천구,맑음,1369,11,310,1401,193
서울,양천구,흐림,57,0,15,52,12
서울,양천구,비,78,0,17,72,11
서울,양천구,눈,1,0,0,1,0
서울,양천구,기타/불명,1,0,0,1,0
서울,중랑구,맑음,1444,7,413,1288,201
서울,중랑구,흐림,64,4,14,50,10
서울,중랑구,비,86,1,27,75,10
서울,중랑구,눈,2,0,1,1,0
서울,중랑구,기타/불명,24,0,7,24,1
서울,노원구,맑음,1518,7,443,1481,148
서울,노원구,흐림,70,1,17,68,4
서울,노원구,비,111,0,23,101,10
서울,노원구,눈,3,0,1,1,4
서울,노원구,기타/불명,1,0,0,1,0
서울,광진구,맑음,896,3,267,895,60
서울,광진구,흐림,27,0,8,22,3
서울,광진구,비,49,0,17,38,5
서울,광진구,눈,1,0,1,0,0
서울,강북구,맑음,1034,5,265,1039,62
서울,강북구,흐림,162,1,32,187,10
서울,강북구,비,80,1,17,90,3
서울,강북구,눈,1,0,0,1,0
서울,금천구,맑음,821,6,247,891,85
서울,금천구,흐림,43,1,14,45,1
서울,금천구,비,54,2,18,49,1
서울,금천구,눈,1,0,1,0,0
서울,금천구,기타/불명,1,0,0,1,0
부산,중구,맑음,265,1,84,230,31
부산,중구,흐림,12,0,5,8,2
부산,중구,비,18,0,3,21,0
부산,서구,맑음,405,2,156,369,54
부산,서구,흐림,21,0,8,19,2
부산,서구,비,47,0,14,55,6
부산,서구,눈,1,0,1,0,0
부산,동구,맑음,516,3,176,511,65
부산,동구,흐림,10,0,4,6,1
부산,동구,비,47,0,15,44,3
부산,동구,기타/불명,1,0,1,0,0
부산,영도구,맑음,308,3,109,267,36
부산,영도구,흐림,10,0,6,7,0
부산,영도구,비,30,0,10,27,2
부산,부산진구,맑음,1519,12,551,1350,181
부산,부산진구,흐림,28,1,3,29,5
부산,부산진구,비,135,1,49,126,4
부산,부산진구,눈,2,0,1,1,0
부산,부산진구,기타/불명,4,0,1,3,0
부산,동래구,맑음,1002,6,300,928,120
부산,동래구,흐림,18,0,9,13,3
부산,동래구,비,81,0,27,69,11
부산,동래구,기타/불명,2,0,1,1,0
부산,남구,맑음,804,5,274,680,88
부산,남구,흐림,21,0,13,13,2
부산,남구,비,73,0,20,68,14
부산,남구,기타/불명,3,0,1,2,0
부산,북구,맑음,647,9,239,596,63
부산,북구,흐림,9,0,6,9,0
부산,북구,비,44,1,15,41,3
부산,북구,기타/불명,1,0,0,1,0
부산,해운대구,맑음,951,15,320,802,150
부산,해운대구,흐림,23,0,6,24,3
부산,해운대구,비,87,1,35,69,15
부산,해운대구,기타/불명,3,0,0,1,2
부산,사하구,맑음,1002,10,363,897,113
부산,사하구,흐림,25,1,8,27,10
부산,사하구,비,67,1,24,63,5
부산,사하구,안개,1,0,0,1,0
부산,사하구,기타/불명,15,0,7,9,2
부산,금정구,맑음,734,6,239,652,102
부산,금정구,흐림,12,0,3,13,0
부산,금정구,비,49,0,11,43,12
부산,금정구,기타/불명,6,0,2,5,0
부산,강서구,맑음,615,8,242,569,33
부산,강서구,흐림,8,0,3,7,1
부산,강서구,비,46,0,27,30,4
부산,연제구,맑음,784,3,258,739,73
부산,연제구,흐림,23,0,7,21,1
부산,연제구,비,61,0,12,62,10
부산,수영구,맑음,709,4,216,657,84
부산,수영구,흐림,14,0,3,13,1
부산,수영구,비,67,0,18,68,8
부산,수영구,기타/불명,1,0,0,1,0
부산,사상구,맑음,987,11,279,862,235
부산,사상구,흐림,22,1,3,22,1
부산,사상구,비,89,1,28,79,16
부산,사상구,눈,2,0,1,1,1
부산,기장군,맑음,455,9,151,519,45
부산,기장군,흐림,10,0,3,19,4
부산,기장군,비,34,1,10,41,4
부산,기장군,기타/불명,6,0,0,10,0
경기,수원시,맑음,4430,27,1055,4697,596
경기,수원시,흐림,161,1,31,165,22
경기,수원시,비,308,3,79,334,37
경기,수원시,안개,4,0,2,4,1
경기,수원시,눈,11,0,4,11,0
경기,수원시,기타/불명,6,0,1,5,0
경기,성남시,맑음,3403,37,1053,3571,536
경기,성남시,흐림,114,1,38,105,25
경기,성남시,비,243,1,88,242,30
경기,성남시,안개,1,0,0,2,0
경기,성남시,눈,5,0,0,6,2
경기,성남시,기타/불명,35,0,15,29,3
경기,의정부시,맑음,1587,15,415,1618,269
경기,의정부시,흐림,29,0,11,24,4
경기,의정부시,비,75,2,21,65,21
경기,의정부시,눈,11,0,1,11,0
경기,의정부시,기타/불명,2,0,0,2,0
경기,안양시,맑음,1467,15,461,1555,143
경기,안양시,흐림,35,1,11,31,3
경기,안양시,비,113,4,22,125,14
경기,안양시,눈,1,0,0,0,1
경기,부천시,맑음,3396,20,850,3546,316
경기,부천시,흐림,85,2,29,81,12
경기,부천시,비,171,1,47,184,13
경기,부천시,안개,1,0,0,1,0
경기,부천시,눈,9,0,1,20,1
경기,부천시,기타/불명,5,0,2,5,0
경기,안산시,맑음,3702,23,1029,4211,291
경기,안산시,흐림,64,2,17,70,11
경기,안산시,비,186,2,62,213,24
경기,안산시,안개,1,0,0,1,0
경기,안산시,눈,5,0,1,4,0
경기,안산시,기타/불명,7,0,2,6,0
경기,평택시,맑음,3204,47,909,3665,593
경기,평택시,흐림,73,3,23,86,19
경기,평택시,비,225,1,53,265,68
경기,평택시,안개,5,0,2,7,0
경기,평택시,눈,12,0,3,17,9
경기,평택시,기타/불명,8,0,3,6,2
경기,광명시,맑음,953,7,256,763,300
경기,광명시,흐림,52,1,9,49,19
경기,광명시,비,57,1,20,57,16
경기,광명시,눈,5,0,0,7,4
경기,광명시,기타/불명,1,0,0,3,1
경기,구리시,맑음,664,4,159,727,82
경기,구리시,흐림,27,1,11,27,0
경기,구리시,비,56,1,23,60,8
경기,구리시,눈,3,0,1,2,1
경기,구리시,기타/불명,1,0,0,2,0
경기,양주시,맑음,994,16,263,1131,89
경기,양주시,흐림,27,0,5,25,3
경기,양주시,비,77,2,22,109,3
경기,양주시,안개,4,0,0,4,1
경기,양주시,눈,10,1,3,19,1
경기,양주시,기타/불명,6,0,2,4,1
경기,여주시,맑음,531,15,190,631,56
경기,여주시,흐림,9,0,2,23,10
경기,여주시,비,32,0,6,40,1
경기,여주시,안개,8,0,3,8,1
경기,여주시,눈,5,0,3,3,0
경기,여주시,기타/불명,7,2,2,4,0
경기,화성시,맑음,2735,28,794,3264,264
경기,화성시,흐림,65,1,32,71,3
경기,화성시,비,143,0,52,164,19
경기,화성시,안개,8,2,7,21,0
경기,화성시,눈,10,1,6,12,0
경기,화성시,기타/불명,47,1,9,62,2
경기,시흥시,맑음,2302,27,746,2589,251
경기,시흥시,흐림,43,2,12,44,5
경기,시흥시,비,119,0,40,155,12
경기,시흥시,안개,1,0,0,2,0
경기,시흥시,눈,14,1,7,16,0
경기,시흥시,기타/불명,1,0,0,0,1
경기,파주시,맑음,1537,20,456,1602,173
경기,파주시,흐림,40,1,16,37,1
경기,파주시,비,71,0,26,75,9
경기,파주시,안개,3,0,5,1,0
경기,파주시,눈,6,0,3,3,0
경기,파주시,기타/불명,1,0,0,1,0
경기,고양시,맑음,3525,33,991,3697,519
경기,고양시,흐림,141,4,45,147,11
경기,고양시,비,223,2,53,251,40
경기,고양시,안개,3,0,0,6,0
경기,고양시,눈,10,0,3,12,1
경기,고양시,기타/불명,14,0,4,13,1
경기,광주시,맑음,1628,19,419,1927,185
경기,광주시,흐림,70,1,18,76,11
경기,광주시,비,70,0,20,84,4
경기,광주시,눈,3,0,0,1,2
경기,광주시,기타/불명,96,0,23,94,7
경기,연천군,맑음,178,10,86,174,18
경기,연천군,흐림,5,1,1,4,2
경기,연천군,비,10,0,3,14,0
경기,연천군,눈,3,0,1,5,0
경기,포천시,맑음,805,13,296,877,176
경기,포천시,흐림,22,1,9,25,1
경기,포천시,비,53,1,19,55,7
경기,포천시,안개,2,0,1,1,0
경기,포천시,눈,4,0,1,4,2
경기,포천시,기타/불명,1,0,1,0,0
경기,가평군,맑음,361,8,129,462,31
경기,가평군,흐림,7,0,4,5,2
경기,가평군,비,19,0,8,19,0
경기,가평군,눈,7,0,7,8,0
경기,가평군,기타/불명,2,0,2,0,1
경기,양평군,맑음,511,10,193,537,98
경기,양평군,흐림,30,1,11,26,2
경기,양평군,비,34,1,12,44,3
경기,양평군,안개,2,0,0,4,2
경기,양평군,눈,4,0,4,4,0
경기,양평군,기타/불명,10,1,3,10,2
경기,이천시,맑음,977,28,288,1120,93
경기,이천시,흐림,35,3,14,38,3
경기,이천시,비,74,2,19,88,5
경기,이천시,안개,11,0,4,7,1
경기,이천시,눈,4,0,1,4,0
경기,이천시,기타/불명,1,0,0,2,0
경기,용인시,맑음,3168,32,914,3576,702
경기,용인시,흐림,71,0,22,91,18
경기,용인시,비,211,2,61,218,49
경기,용인시,안개,4,0,1,2,2
경기,용인시,눈,8,0,4,7,0
경기,용인시,기타/불명,23,0,7,22,2
경기,안성시,맑음,836,14,268,1030,159
경기,안성시,흐림,66,2,20,74,8
경기,안성시,비,67,0,23,75,10
경기,안성시,안개,5,0,5,5,5
경기,안성시,기타/불명,40,0,8,37,7
경기,김포시,맑음,1666,22,529,1903,163
경기,김포시,흐림,31,1,9,26,3
경기,김포시,비,84,1,41,89,6
경기,김포시,안개,2,0,0,2,0
경기,김포시,눈,6,0,2,11,0
경기,김포시,기타/불명,3,0,0,2,1
경기,동두천시,맑음,395,5,112,388,42
경기,동두천시,흐림,6,1,2,2,1
경기,동두천시,비,14,0,3,11,2
경기,동두천시,눈,2,0,0,2,0
경기,과천시,맑음,206,1,63,237,40
경기,과천시,흐림,10,0,1,9,0
경기,과천시,비,21,0,9,20,1
경기,군포시,맑음,580,3,192,588,129
경기,군포시,흐림,23,0,6,28,2
경기,군포시,비,45,0,14,55,8
경기,군포시,눈,2,0,2,0,0
경기,남양주시,맑음,2168,25,640,2460,350
경기,남양주시,흐림,84,2,34,98,12
경기,남양주시,비,147,4,49,156,20
경기,남양주시,안개,3,0,0,3,1
경기,남양주시,눈,8,0,1,18,0
경기,남양주시,기타/불명,1,0,0,1,0
경기,오산시,맑음,949,7,221,1060,128
경기,오산시,흐림,40,0,9,46,7
경기,오산시,비,66,0,14,76,13
경기,오산시,안개,1,0,0,2,1
경기,오산시,기타/불명,1,0,0,5,0
경기,의왕시,맑음,445,8,153,509,67
경기,의왕시,흐림,12,0,3,10,0
경기,의왕시,비,23,1,5,21,2
경기,의왕시,안개,1,0,0,2,0
경기,의왕시,눈,1,0,0,1,0
경기,의왕시,기타/불명,6,1,4,3,0
경기,하남시,맑음,1020,14,282,1018,203
경기,하남시,흐림,6,1,2,4,1
경기,하남시,비,51,2,16,56,10
경기,하남시,눈,2,0,1,9,0
경기,하남시,기타/불명,3,0,2,0,1
강원,춘천시,맑음,1435,19,342,1771,96
강원,춘천시,흐림,33,2,9,35,3
강원,춘천시,비,113,2,35,134,9
강원,춘천시,안개,3,0,2,0,1
강원,춘천시,눈,5,0,0,5,0
강원,춘천시,기타/불명,1,0,1,0,0
강원,원주시,맑음,1777,30,498,2063,126
강원,원주시,흐림,37,0,11,39,1
강원,원주시,비,117,4,29,140,11
강원,원주시,눈,8,0,4,11,2
강원,원주시,기타/불명,46,0,8,55,2
강원,동해시,맑음,295,4,81,335,1
강원,동해시,흐림,28,2,9,27,0
강원,동해시,비,32,1,9,28,1
강원,동해시,안개,1,0,1,0,0
강원,동해시,눈,1,0,1,0,0
강원,동해시,기타/불명,1,0,1,0,0
강원,강릉시,맑음,784,10,260,935,20
강원,강릉시,흐림,27,2,7,29,1
강원,강릉시,비,70,2,15,80,0
강원,강릉시,눈,6,0,2,10,0
강원,강릉시,기타/불명,1,0,1,0,0
강원,속초시,맑음,334,7,125,354,22
강원,속초시,흐림,20,1,9,29,0
강원,속초시,비,34,0,13,35,1
강원,속초시,눈,2,0,2,1,0
강원,속초시,기타/불명,1,0,0,1,0
강원,태백시,맑음,149,1,44,169,3
강원,태백시,흐림,10,1,1,15,1
강원,태백시,비,17,0,2,28,0
강원,태백시,눈,1,0,0,4,0
강원,삼척시,맑음,341,15,126,411,10
강원,삼척시,흐림,37,0,18,27,0
강원,삼척시,비,31,1,11,32,0
강원,삼척시,눈,5,0,3,4,0
강원,홍천군,맑음,323,10,101,375,25
강원,홍천군,흐림,10,2,2,8,1
강원,홍천군,비,17,2,6,23,0
강원,홍천군,안개,5,1,0,4,0
강원,홍천군,눈,4,1,1,4,1
강원,횡성군,맑음,175,6,98,214,9
강원,횡성군,흐림,10,2,14,7,0
강원,횡성군,비,15,1,2,20,0
강원,횡성군,안개,1,0,1,0,0
강원,횡성군,눈,1,0,0,2,0
강원,횡성군,기타/불명,1,0,3,1,0
강원,영월군,맑음,127,4,45,61,82
강원,영월군,흐림,6,0,0,5,8
강원,영월군,비,22,0,9,24,16
강원,영월군,눈,1,0,1,0,1
강원,평창군,맑음,162,3,82,212,7
강원,평창군,흐림,6,1,6,6,0
강원,평창군,비,12,0,10,13,0
강원,평창군,눈,2,0,2,5,1
강원,평창군,기타/불명,1,1,0,0,0
강원,정선군,맑음,90,5,43,90,9
강원,정선군,흐림,3,0,0,4,0
강원,정선군,비,10,1,7,7,0
강원,정선군,눈,4,0,6,3,0
강원,철원군,맑음,131,10,54,150,1
강원,철원군,흐림,6,1,2,6,0
강원,철원군,비,7,1,1,5,1
강원,화천군,맑음,94,8,43,125,2
강원,화천군,흐림,2,1,0,2,0
강원,화천군,비,4,0,1,3,0
강원,화천군,눈,1,0,0,2,0
강원,양구군,맑음,69,0,53,68,4
강원,양구군,흐림,3,0,2,4,0
강원,양구군,비,7,0,4,6,0
강원,양구군,안개,1,0,1,0,0
강원,양구군,기타/불명,8,2,4,8,2
강원,인제군,맑음,88,8,67,69,5
강원,인제군,흐림,2,0,2,0,0
강원,인제군,비,4,0,4,1,0
강원,고성군,맑음,127,1,50,148,7
강원,고성군,흐림,3,0,0,5,0
강원,고성군,비,7,0,1,8,0
강원,고성군,기타/불명,1,0,0,1,0
강원,양양군,맑음,150,9,63,209,25
강원,양양군,흐림,8,0,3,7,0
강원,양양군,비,18,0,7,21,3
강원,양양군,눈,2,0,1,6,0
충북,청주시,맑음,4582,47,1421,5641,268
충북,청주시,흐림,87,1,37,102,6
충북,청주시,비,268,1,89,331,13
충북,청주시,안개,5,0,4,17,0
충북,청주시,눈,5,0,0,5,2
충북,청주시,기타/불명,2,0,0,1,1
충북,충주시,맑음,1184,29,461,1523,87
충북,충주시,흐림,86,5,31,80,4
충북,충주시,비,77,2,25,95,12
충북,충주시,안개,11,0,5,16,0
충북,충주시,눈,6,0,1,10,0
충북,제천시,맑음,756,14,281,930,75
충북,제천시,흐림,40,3,15,40,10
충북,제천시,비,66,2,31,75,5
충북,제천시,안개,3,0,1,5,0
충북,제천시,눈,5,0,0,5,0
충북,보은군,맑음,150,12,101,160,13
충북,보은군,흐림,7,0,4,1,2
충북,보은군,비,7,1,6,6,0
충북,보은군,안개,1,0,1,0,0
충북,옥천군,맑음,205,6,115,170,13
충북,옥천군,흐림,7,0,4,3,0
충북,옥천군,비,21,1,10,24,1
충북,옥천군,안개,3,0,2,1,0
충북,영동군,맑음,200,9,127,171,9
충북,영동군,흐림,3,0,3,2,0
충북,영동군,비,12,0,10,7,0
충북,영동군,안개,1,0,2,0,0
충북,영동군,눈,2,0,2,1,0
충북,진천군,맑음,460,9,162,567,39
충북,진천군,흐림,20,0,3,26,0
충북,진천군,비,31,2,9,26,0
충북,진천군,눈,1,0,2,0,0
충북,진천군,기타/불명,4,0,1,4,1
충북,괴산군,맑음,170,9,103,140,10
충북,괴산군,흐림,5,0,1,5,4
충북,괴산군,비,13,1,11,18,2
충북,괴산군,안개,1,0,0,1,0
충북,괴산군,눈,1,0,0,2,0
충북,음성군,맑음,613,16,299,669,26
충북,음성군,흐림,16,1,7,14,1
충북,음성군,비,33,0,12,40,2
충북,음성군,안개,1,1,2,22,0
충북,단양군,맑음,140,6,80,148,30
충북,단양군,흐림,3,1,0,1,1
충북,단양군,비,12,2,7,7,0
충북,단양군,눈,2,1,2,3,0
충북,증평군,맑음,192,4,74,184,16
충북,증평군,흐림,5,0,0,7,0
충북,증평군,비,13,2,6,10,0
충남,천안시,맑음,2850,34,717,3309,199
충남,천안시,흐림,78,2,18,82,7
충남,천안시,비,199,5,54,245,13
충남,천안시,안개,4,0,4,0,0
충남,천안시,눈,4,1,0,3,0
충남,천안시,기타/불명,2,0,0,1,1
충남,아산시,맑음,956,34,361,942,53
충남,아산시,흐림,25,0,7,30,2
충남,아산시,비,73,1,21,66,4
충남,아산시,안개,2,0,0,2,0
충남,아산시,눈,1,0,0,1,0
충남,아산시,기타/불명,26,1,12,18,2
충남,보령시,맑음,434,13,258,369,7
충남,보령시,흐림,16,2,13,12,2
충남,보령시,비,27,1,18,18,4
충남,보령시,안개,2,0,1,2,0
충남,공주시,맑음,528,18,211,659,38
충남,공주시,흐림,31,1,16,22,1
충남,공주시,비,44,3,16,55,6
충남,공주시,안개,3,0,3,1,1
충남,공주시,눈,1,0,1,1,0
충남,공주시,기타/불명,1,0,0,2,1
충남,서산시,맑음,731,20,433,568,72
충남,서산시,흐림,41,5,27,44,6
충남,서산시,비,61,1,36,65,4
충남,서산시,안개,1,0,1,1,0
충남,서산시,눈,3,0,2,2,0
충남,서산시,기타/불명,2,0,0,7,0
충남,금산군,맑음,125,6,50,128,1
충남,금산군,흐림,11,0,5,9,0
충남,금산군,비,11,0,5,6,0
충남,금산군,안개,2,1,0,1,0
충남,금산군,눈,1,0,1,3,0
충남,태안군,맑음,280,11,198,280,46
충남,태안군,흐림,26,6,15,21,4
충남,태안군,비,11,0,8,7,1
충남,태안군,안개,3,0,3,1,0
충남,논산시,맑음,433,25,257,390,36
충남,논산시,흐림,14,1,7,13,1
충남,논산시,비,29,0,20,15,5
충남,부여군,맑음,203,13,150,100,5
충남,부여군,흐림,6,0,2,5,0
충남,부여군,비,13,3,7,8,1
충남,서천군,맑음,299,14,133,275,22
충남,서천군,흐림,8,2,2,3,2
충남,서천군,비,13,2,9,12,1
충남,서천군,안개,2,0,0,2,0
충남,서천군,눈,1,0,1,0,0
충남,청양군,맑음,173,8,93,156,1
충남,청양군,흐림,6,2,1,7,0
충남,청양군,비,9,0,4,5,1
충남,청양군,안개,1,0,0,1,0
충남,청양군,눈,2,0,0,2,0
충남,홍성군,맑음,301,16,132,279,8
충남,홍성군,흐림,11,0,6,11,0
충남,홍성군,비,21,4,2,27,0
충남,홍성군,안개,6,1,4,3,0
충남,홍성군,눈,1,0,0,1,0
충남,홍성군,기타/불명,1,0,1,0,0
충남,예산군,맑음,340,12,139,350,8
충남,예산군,흐림,25,2,10,25,0
충남,예산군,비,27,3,8,28,1
충남,예산군,안개,3,0,0,9,0
충남,예산군,기타/불명,2,0,1,1,0
충남,당진시,맑음,684,26,301,695,22
충남,당진시,흐림,38,5,24,54,2
충남,당진시,비,37,1,26,38,2
충남,당진시,안개,3,0,5,1,0
충남,당진시,기타/불명,21,1,19,18,0
충남,계룡시,맑음,50,0,29,57,3
충남,계룡시,비,5,1,0,7,2
전북,전주시,맑음,1973,30,628,2317,31
전북,전주시,흐림,117,1,28,143,3
전북,전주시,비,224,3,90,228,1
전북,전주시,눈,2,0,1,2,0
전북,전주시,기타/불명,49,1,14,55,0
전북,군산시,맑음,1070,22,301,1320,49
전북,군산시,흐림,53,2,13,66,2
전북,군산시,비,75,1,23,100,8
전북,군산시,눈,1,0,0,1,0
전북,군산시,기타/불명,26,0,6,25,1
전북,정읍시,맑음,504,17,210,556,4
전북,정읍시,흐림,43,2,16,50,0
전북,정읍시,비,46,0,11,54,1
전북,정읍시,눈,3,1,1,1,0
전북,남원시,맑음,264,8,139,221,0
전북,남원시,흐림,18,0,11,19,1
전북,남원시,비,28,0,19,29,0
전북,남원시,눈,1,0,1,0,0
전북,김제시,맑음,415,22,155,574,10
전북,김제시,흐림,25,0,12,49,0
전북,김제시,비,36,0,14,44,2
전북,김제시,안개,5,1,2,11,1
전북,완주군,맑음,247,15,109,261,5
전북,완주군,흐림,11,1,4,10,0
전북,완주군,비,17,1,6,19,1
전북,완주군,눈,2,0,0,5,1
전북,완주군,기타/불명,1,0,0,1,0
전북,진안군,맑음,68,7,45,68,4
전북,진안군,흐림,2,0,2,1,0
전북,진안군,비,5,0,4,1,0
전북,진안군,눈,2,0,6,6,0
전북,무주군,맑음,109,8,77,115,3
전북,무주군,흐림,6,0,7,3,0
전북,무주군,비,9,1,4,9,1
전북,무주군,눈,1,0,1,0,0
전북,장수군,맑음,58,11,33,36,0
전북,장수군,흐림,2,0,2,0,0
전북,장수군,비,5,0,2,5,0
전북,임실군,맑음,96,7,46,101,5
전북,임실군,흐림,6,0,1,6,0
전북,임실군,비,10,0,6,13,0
전북,임실군,안개,2,0,2,0,0
전북,임실군,기타/불명,1,0,1,0,0
전북,순창군,맑음,98,8,37,67,15
전북,순창군,흐림,2,0,0,2,0
전북,순창군,비,10,1,4,8,1
전북,고창군,맑음,148,13,65,168,2
전북,고창군,흐림,11,2,13,14,0
전북,고창군,비,12,0,8,9,0
전북,고창군,안개,1,0,1,1,0
전북,고창군,기타/불명,1,0,1,0,0
전북,부안군,맑음,250,16,129,306,2
전북,부안군,흐림,20,2,9,24,0
전북,부안군,비,22,0,11,26,0
전북,부안군,안개,3,0,1,2,0
전북,부안군,눈,1,0,0,1,0
전북,부안군,기타/불명,2,0,2,3,0
전북,익산시,맑음,1225,30,358,1345,28
전북,익산시,흐림,68,2,18,69,1
전북,익산시,비,99,2,20,162,1
전북,익산시,안개,2,0,2,1,0
전북,익산시,눈,2,0,0,2,0
전남,목포시,맑음,1628,11,343,2397,54
전남,목포시,흐림,63,2,9,98,1
전남,목포시,비,119,0,32,174,1
전남,목포시,안개,2,0,1,4,0
전남,목포시,눈,3,0,1,7,0
전남,목포시,기타/불명,3,0,1,3,1
전남,여수시,맑음,1423,20,369,1786,61
전남,여수시,흐림,29,3,6,38,0
전남,여수시,비,115,4,35,106,7
전남,순천시,맑음,1337,22,372,1694,65
전남,순천시,흐림,24,1,16,38,3
전남,순천시,비,99,4,27,116,12
전남,순천시,안개,1,1,0,0,0
전남,순천시,기타/불명,1,0,0,1,0
전남,나주시,맑음,582,24,168,828,25
전남,나주시,흐림,14,0,4,15,0
전남,나주시,비,44,1,14,54,3
전남,나주시,안개,6,0,0,9,0
전남,광양시,맑음,641,14,201,751,34
전남,광양시,흐림,21,0,8,17,5
전남,광양시,비,76,3,27,93,5
전남,광양시,기타/불명,1,0,0,1,0
전남,담양군,맑음,281,10,101,419,12
전남,담양군,흐림,15,1,2,24,1
전남,담양군,비,19,0,9,17,1
전남,담양군,안개,1,0,0,1,1
전남,담양군,눈,3,0,0,5,0
전남,담양군,기타/불명,2,1,0,1,0
전남,곡성군,맑음,129,8,60,151,10
전남,곡성군,흐림,10,1,8,4,0
전남,곡성군,비,13,0,21,15,1
전남,곡성군,안개,1,0,0,1,0
전남,구례군,맑음,139,7,60,137,14
전남,구례군,비,3,0,2,15,0
전남,고흥군,맑음,303,16,190,336,16
전남,고흥군,흐림,4,0,4,3,0
전남,고흥군,비,21,1,24,19,2
전남,고흥군,안개,1,0,1,0,0
전남,보성군,맑음,244,13,112,250,25
전남,보성군,흐림,8,0,5,5,1
전남,보성군,비,23,2,10,28,2
전남,보성군,눈,1,0,0,2,0
전남,화순군,맑음,287,11,96,334,40
전남,화순군,흐림,10,0,3,19,1
전남,화순군,비,27,0,15,32,4
전남,화순군,안개,1,0,1,1,0
전남,장흥군,맑음,255,10,120,267,6
전남,장흥군,흐림,13,0,8,13,1
전남,장흥군,비,33,1,14,36,1
전남,강진군,맑음,282,6,127,299,35
전남,강진군,흐림,10,0,5,8,0
전남,강진군,비,26,0,8,31,5
전남,강진군,안개,1,0,0,1,0
전남,강진군,눈,2,0,0,4,0
전남,해남군,맑음,362,18,129,444,20
전남,해남군,흐림,37,3,12,47,1
전남,해남군,비,32,1,14,36,0
전남,해남군,안개,1,0,0,1,0
전남,해남군,눈,2,0,1,7,0
전남,영암군,맑음,438,10,151,610,20
전남,영암군,흐림,12,0,6,31,0
전남,영암군,비,36,1,20,49,1
전남,영암군,안개,5,0,1,5,0
전남,영암군,눈,2,0,2,3,0
전남,무안군,맑음,350,16,98,417,1
전남,무안군,흐림,17,1,7,18,0
전남,무안군,비,25,0,4,31,0
전남,무안군,안개,1,0,1,0,0
전남,무안군,눈,1,0,1,0,0
전남,무안군,기타/불명,1,0,1,0,0
전남,함평군,맑음,174,8,61,168,37
전남,함평군,흐림,3,1,0,2,1
전남,함평군,비,14,0,3,17,4
전남,함평군,안개,2,0,1,2,1
전남,영광군,맑음,199,9,77,191,24
전남,영광군,흐림,8,0,5,9,2
전남,영광군,비,18,2,9,27,3
전남,장성군,맑음,250,6,102,313,29
전남,장성군,흐림,6,1,6,4,0
전남,장성군,비,13,0,3,17,0
전남,장성군,눈,1,0,0,2,0
전남,완도군,맑음,174,3,77,204,1
전남,완도군,흐림,7,1,1,10,0
전남,완도군,비,5,0,2,4,0
전남,진도군,맑음,115,9,53,132,1
전남,진도군,흐림,22,2,19,15,1
전남,진도군,비,1,0,0,1,0
전남,진도군,안개,1,0,0,1,0
전남,진도군,기타/불명,1,1,0,0,0
전남,신안군,맑음,130,3,62,186,5
전남,신안군,흐림,5,0,2,3,0
전남,신안군,비,4,0,2,5,0
전남,신안군,안개,1,0,3,0,0
전남,신안군,눈,1,0,0,1,0
경북,포항시,맑음,2515,30,752,2905,222
경북,포항시,흐림,65,0,20,80,8
경북,포항시,비,197,3,67,202,13
경북,경주시,맑음,1555,31,716,1553,144
경북,경주시,흐림,28,0,9,22,4
경북,경주시,비,154,4,87,152,22
경북,경주시,눈,2,0,2,0,0
경북,경주시,기타/불명,2,0,0,3,0
경북,김천시,맑음,611,17,250,586,15
경북,김천시,흐림,7,0,5,4,0
경북,김천시,비,45,0,15,47,0
경북,김천시,기타/불명,20,0,8,22,0
경북,안동시,맑음,941,27,358,995,45
경북,안동시,흐림,15,0,2,21,5
경북,안동시,비,79,4,34,76,11
경북,안동시,안개,7,0,4,5,0
경북,안동시,눈,3,0,0,5,1
경북,구미시,맑음,1818,28,645,1777,246
경북,구미시,흐림,55,0,16,59,9
경북,구미시,비,146,1,51,144,28
경북,구미시,안개,2,1,0,0,1
경북,구미시,눈,1,0,0,2,0
경북,구미시,기타/불명,5,0,4,7,0
경북,영주시,맑음,505,10,191,410,74
경북,영주시,흐림,6,0,3,4,0
경북,영주시,비,40,1,17,33,5
경북,영주시,안개,1,0,0,1,0
경북,영주시,눈,3,0,1,2,0
경북,영천시,맑음,716,21,239,930,46
경북,영천시,흐림,27,0,4,32,1
경북,영천시,비,48,2,11,80,3
경북,영천시,안개,2,0,0,5,0
경북,문경시,맑음,365,6,136,427,14
경북,문경시,흐림,17,1,3,19,1
경북,문경시,비,18,1,4,19,1
경북,문경시,눈,2,0,0,2,0
경북,문경시,기타/불명,4,0,0,5,0
경북,상주시,맑음,569,25,257,547,1
경북,상주시,흐림,19,1,10,25,0
경북,상주시,비,40,0,14,37,0
경북,상주시,안개,1,0,0,1,0
경북,상주시,눈,1,0,1,0,0
경북,군위군,맑음,117,10,57,103,1
경북,군위군,흐림,5,0,5,5,0
경북,군위군,비,10,8,31,21,1
경북,군위군,기타/불명,3,0,0,3,0
경북,의성군,맑음,228,19,149,163,0
경북,의성군,흐림,3,1,0,5,0
경북,의성군,비,6,0,7,3,0
경북,의성군,안개,1,0,1,0,0
경북,의성군,눈,1,0,0,1,0
경북,의성군,기타/불명,2,0,1,4,0
경북,청송군,맑음,81,6,56,59,1
경북,청송군,흐림,4,1,3,2,0
경북,청송군,비,3,0,3,1,0
경북,청송군,눈,1,0,1,0,0
경북,영양군,맑음,56,2,24,55,4
경북,영양군,흐림,3,0,2,1,0
경북,영양군,비,2,0,1,1,1
경북,영양군,안개,2,0,2,1,0
경북,영양군,눈,1,0,2,1,0
경북,영덕군,맑음,213,7,87,213,18
경북,영덕군,흐림,5,0,3,4,1
경북,영덕군,비,16,2,7,9,2
경북,청도군,맑음,185,10,82,197,8
경북,청도군,흐림,10,2,3,6,0
경북,청도군,비,13,1,1,17,4
경북,청도군,안개,1,0,1,1,0
경북,청도군,기타/불명,3,0,3,0,0
경북,고령군,맑음,151,4,55,162,7
경북,고령군,흐림,2,0,0,2,0
경북,고령군,비,9,0,5,10,0
경북,고령군,안개,1,0,1,0,0
경북,성주군,맑음,265,10,108,275,1
경북,성주군,흐림,4,0,1,5,0
경북,성주군,비,18,1,6,16,0
경북,성주군,안개,1,0,0,3,0
경북,성주군,기타/불명,1,0,0,1,0
경북,칠곡군,맑음,711,16,282,698,143
경북,칠곡군,흐림,30,1,12,31,4
경북,칠곡군,비,39,0,13,44,8
경북,칠곡군,눈,1,0,1,0,0
경북,예천군,맑음,187,6,159,112,0
경북,예천군,흐림,6,0,4,7,0
경북,예천군,비,10,0,7,11,0
경북,예천군,안개,2,0,3,2,0
경북,예천군,눈,1,0,0,1,0
경북,봉화군,맑음,127,2,44,135,27
경북,봉화군,흐림,8,0,0,6,3
경북,봉화군,비,10,2,4,6,1
경북,봉화군,눈,3,1,5,7,0
경북,봉화군,기타/불명,1,0,1,0,0
경북,울진군,맑음,161,6,100,117,4
경북,울진군,흐림,4,0,1,5,0
경북,울진군,비,6,0,4,4,0
경북,울릉군,맑음,17,0,18,30,13
경북,울릉군,비,1,0,1,0,0
경북,경산시,맑음,1140,18,362,1113,65
경북,경산시,흐림,27,3,9,23,5
경북,경산시,비,68,1,25,75,2
경북,경산시,안개,1,0,0,1,0
경북,경산시,눈,2,0,0,2,0
경북,경산시,기타/불명,1,0,0,1,0
경남,진주시,맑음,767,26,438,509,27
경남,진주시,흐림,16,1,13,7,0
경남,진주시,비,57,1,43,38,3
경남,진주시,안개,2,0,2,2,0
경남,통영시,맑음,650,1,246,736,62
경남,통영시,흐림,16,0,5,14,1
경남,통영시,비,49,2,18,48,4
경남,통영시,기타/불명,1,0,1,0,0
경남,김해시,맑음,1973,28,882,1928,111
경남,김해시,흐림,82,0,38,90,6
경남,김해시,비,202,4,94,199,7
경남,김해시,눈,3,0,2,5,1
경남,김해시,기타/불명,58,0,27,55,5
경남,밀양시,맑음,447,18,216,371,29
경남,밀양시,흐림,55,3,25,40,4
경남,밀양시,비,29,2,19,19,3
경남,밀양시,안개,1,0,0,2,0
경남,거제시,맑음,900,15,431,879,33
경남,거제시,흐림,25,1,12,19,0
경남,거제시,비,83,1,45,74,2
경남,거제시,눈,1,0,2,0,0
경남,거제시,기타/불명,2,0,1,2,0
경남,의령군,맑음,125,4,69,105,14
경남,의령군,흐림,5,0,3,5,0
경남,의령군,비,10,1,6,8,0
경남,의령군,안개,3,0,3,1,0
경남,함안군,맑음,299,16,130,299,18
경남,함안군,흐림,7,1,7,4,0
경남,함안군,비,20,0,9,23,2
경남,함안군,안개,1,0,1,1,0
경남,창녕군,맑음,309,5,202,232,20
경남,창녕군,흐림,10,1,5,10,2
경남,창녕군,비,14,1,12,17,0
경남,양산시,맑음,1172,23,485,1051,156
경남,양산시,흐림,21,0,10,16,1
경남,양산시,비,92,2,34,90,7
경남,양산시,눈,1,0,1,0,0
경남,고성군,맑음,251,10,124,218,15
경남,고성군,흐림,1,0,1,0,0
경남,고성군,비,13,0,8,13,1
경남,고성군,눈,1,0,3,0,0
경남,사천시,맑음,597,8,264,564,86
경남,사천시,흐림,22,2,10,20,1
경남,사천시,비,48,1,36,50,9
경남,사천시,안개,1,0,1,0,0
경남,남해군,맑음,161,4,114,101,42
경남,남해군,흐림,18,4,11,8,1
경남,남해군,비,13,0,5,11,4
경남,하동군,맑음,133,11,83,94,14
경남,하동군,흐림,2,0,0,1,1
경남,하동군,비,5,0,5,2,0
경남,하동군,기타/불명,3,0,3,2,0
경남,산청군,맑음,150,2,106,125,24
경남,산청군,흐림,5,0,3,3,1
경남,산청군,비,18,0,13,18,4
경남,함양군,맑음,183,7,103,133,38
경남,함양군,흐림,5,0,4,2,2
경남,함양군,비,13,0,7,9,2
경남,거창군,맑음,225,15,106,166,17
경남,거창군,흐림,6,0,3,3,1
경남,거창군,비,17,0,10,12,0
경남,거창군,안개,1,0,0,1,0
경남,거창군,눈,1,0,0,1,0
경남,합천군,맑음,168,9,114,106,3
경남,합천군,흐림,6,0,4,2,0
경남,합천군,비,10,1,4,8,1
경남,창원시(통합),맑음,2878,58,1180,2665,165
경남,창원시(통합),흐림,99,1,35,102,2
경남,창원시(통합),비,250,3,103,236,17
경남,창원시(통합),눈,1,0,1,0,0
경남,창원시(통합),기타/불명,17,0,8,10,0
제주,제주시,맑음,2767,27,728,2961,516
제주,제주시,흐림,94,5,21,101,24
제주,제주시,비,236,6,53,271,33
제주,제주시,안개,4,0,2,8,0
제주,제주시,기타/불명,38,2,11,29,8
제주,서귀포시,맑음,1085,21,430,1098,197
제주,서귀포시,흐림,39,2,18,45,3
제주,서귀포시,비,117,2,55,133,22
제주,서귀포시,안개,3,0,1,2,1
제주,서귀포시,눈,1,0,0,1,0
제주,서귀포시,기타/불명,28,1,15,26,5
대구,중구,맑음,820,11,205,815,233
대구,중구,흐림,5,0,1,6,1
대구,중구,비,44,0,17,37,10
대구,동구,맑음,1826,17,524,2040,217
대구,동구,흐림,20,1,4,23,4
대구,동구,비,106,1,36,100,24
대구,동구,안개,1,0,0,2,0
대구,동구,기타/불명,1,0,1,0,0
대구,서구,맑음,1241,8,394,1267,181
대구,서구,흐림,13,0,4,13,3
대구,서구,비,62,0,20,62,12
대구,서구,안개,1,0,0,2,0
대구,남구,맑음,826,4,228,868,96
대구,남구,흐림,10,0,4,8,0
대구,남구,비,65,0,29,71,11
대구,남구,기타/불명,1,0,1,2,0
대구,북구,맑음,2227,20,710,2272,277
대구,북구,흐림,37,0,20,35,3
대구,북구,비,149,2,42,163,22
대구,수성구,맑음,2278,8,609,2510,285
대구,수성구,흐림,17,0,5,19,1
대구,수성구,비,140,1,46,173,13
대구,수성구,안개,1,0,0,2,0
대구,달서구,맑음,3379,14,846,3676,420
대구,달서구,흐림,92,1,28,96,10
대구,달서구,비,196,2,55,211,22
대구,달서구,기타/불명,12,0,6,9,2
대구,달성군,맑음,903,19,324,899,93
대구,달성군,흐림,8,0,5,11,0
대구,달성군,비,53,3,26,60,13
대구,달성군,기타/불명,2,0,0,2,1
인천,중구,맑음,578,4,203,736,49
인천,중구,흐림,18,1,10,16,0
인천,중구,비,27,1,7,29,0
인천,중구,안개,1,0,0,1,0
인천,중구,눈,3,0,0,4,0
인천,중구,기타/불명,4,0,0,7,0
인천,동구,맑음,145,3,42,158,5
인천,동구,흐림,3,0,1,3,0
인천,동구,비,5,0,0,4,1
인천,동구,기타/불명,1,0,1,0,0
인천,미추홀구,맑음,1084,15,282,1049,134
인천,미추홀구,흐림,24,1,5,22,4
인천,미추홀구,비,66,1,18,54,10
인천,미추홀구,눈,2,0,1,1,0
인천,미추홀구,기타/불명,53,0,7,41,13
인천,부평구,맑음,1175,14,293,1237,43
인천,부평구,흐림,26,0,12,23,2
인천,부평구,비,69,2,18,72,0
인천,부평구,눈,4,0,1,4,0
인천,부평구,기타/불명,4,0,2,0,2
인천,남동구,맑음,1749,18,458,1914,107
인천,남동구,흐림,71,1,30,81,4
인천,남동구,비,113,4,22,116,8
인천,남동구,눈,3,0,0,4,0
인천,남동구,기타/불명,1,0,0,3,0
인천,서구,맑음,1565,16,446,1735,55
인천,서구,흐림,37,2,12,38,1
인천,서구,비,80,2,35,75,3
인천,서구,안개,2,0,0,2,0
인천,서구,눈,3,0,0,3,0
인천,서구,기타/불명,1,0,0,1,0
인천,연수구,맑음,598,9,168,654,26
인천,연수구,흐림,22,0,10,21,0
인천,연수구,비,47,1,9,60,4
인천,연수구,안개,1,0,0,1,0
인천,연수구,눈,2,0,0,2,0
인천,계양구,맑음,793,9,210,815,42
인천,계양구,흐림,30,1,14,27,1
인천,계양구,비,46,0,14,53,2
인천,계양구,안개,1,0,1,0,0
인천,계양구,눈,5,0,0,7,0
인천,계양구,기타/불명,4,0,1,3,0
인천,강화군,맑음,184,9,75,181,2
인천,강화군,흐림,10,0,4,8,0
인천,강화군,비,6,1,2,6,0
인천,옹진군,맑음,27,2,15,23,5
인천,옹진군,흐림,3,0,4,3,1
인천,옹진군,안개,1,0,0,3,0
인천,옹진군,기타/불명,1,1,1,0,0
광주,동구,맑음,537,4,122,668,29
광주,동구,흐림,29,0,4,46,0
광주,동구,비,38,2,11,51,2
광주,서구,맑음,1917,5,281,2700,129
광주,서구,흐림,68,1,7,108,2
광주,서구,비,119,1,17,188,4
광주,서구,기타/불명,2,0,1,4,0
광주,북구,맑음,2172,9,392,2858,151
광주,북구,흐림,90,5,19,108,4
광주,북구,비,163,1,34,220,8
광주,북구,눈,4,0,2,4,0
광주,북구,기타/불명,1,0,1,0,0
광주,광산구,맑음,1898,12,355,2623,143
광주,광산구,흐림,50,1,9,74,2
광주,광산구,비,179,2,28,273,20
광주,광산구,안개,1,0,0,1,0
광주,광산구,눈,1,0,0,2,1
광주,남구,맑음,853,6,158,1098,44
광주,남구,흐림,14,0,2,20,1
광주,남구,비,32,0,3,42,1
광주,남구,기타/불명,1,0,0,1,0
대전,동구,맑음,1319,12,303,1640,46
대전,동구,흐림,18,1,3,17,0
대전,동구,비,91,1,26,123,2
대전,동구,눈,1,0,0,1,0
대전,동구,기타/불명,1,0,0,1,0
대전,중구,맑음,1248,9,353,1449,83
대전,중구,흐림,22,0,5,18,2
대전,중구,비,75,3,18,86,4
대전,중구,눈,1,0,0,0,1
대전,중구,기타/불명,2,0,1,1,1
대전,서구,맑음,2452,20,554,3016,180
대전,서구,흐림,46,1,15,47,0
대전,서구,비,175,2,30,237,8
대전,서구,눈,2,0,0,6,0
대전,서구,기타/불명,2,0,0,3,0
대전,유성구,맑음,1829,13,414,2255,195
대전,유성구,흐림,49,0,9,61,5
대전,유성구,비,145,1,39,162,12
대전,유성구,안개,1,0,0,3,0
대전,유성구,눈,2,0,1,4,0
대전,유성구,기타/불명,1,0,1,0,0
대전,대덕구,맑음,756,13,185,862,36
대전,대덕구,흐림,23,0,6,18,3
대전,대덕구,비,56,1,11,58,3
대전,대덕구,눈,2,0,2,1,0
대전,대덕구,기타/불명,18,0,7,14,2
울산,중구,맑음,661,4,232,637,94
울산,중구,흐림,11,0,5,12,1
울산,중구,비,65,1,15,73,7
울산,남구,맑음,1224,8,444,1148,121
울산,남구,흐림,35,0,11,44,3
울산,남구,비,119,1,34,102,9
울산,남구,기타/불명,5,0,2,5,2
울산,동구,맑음,526,0,180,482,15
울산,동구,흐림,25,0,13,20,1
울산,동구,비,68,1,17,77,2
울산,동구,기타/불명,9,0,1,9,0
울산,북구,맑음,606,12,247,644,90
울산,북구,흐림,18,1,4,19,1
울산,북구,비,67,0,30,66,6
울산,북구,기타/불명,2,0,1,2,0
울산,울주군,맑음,806,24,312,788,109
울산,울주군,흐림,31,2,10,31,6
울산,울주군,비,69,1,28,80,9
세종,세종시,맑음,838,15,341,826,23
세종,세종시,흐림,21,0,9,18,0
세종,세종시,비,55,0,30,39,3
세종,세종시,안개,1,0,0,1,0
세종,세종시,눈,4,0,0,7,0
세종,세종시,기타/불명,3,0,2,2,0
