시도,시군구,도로형태_대분류,도로형태,사고건수,사망자수,중상자수,경상자수,부상신고자수
서울,종로구,단일로,터널안,11,0,2,17,1
서울,종로구,단일로,교량위,2,0,1,1,0
서울,종로구,단일로,지하차도(도로)내,67,0,23,73,3
서울,종로구,단일로,기타단일로,587,5,140,538,87
서울,종로구,교차로,교차로내,259,0,97,265,41
서울,종로구,교차로,교차로횡단보도내,39,0,20,22,5
서울,종로구,교차로,교차로부근,152,1,26,143,33
서울,종로구,기타,기타,16,0,3,16,2
서울,중구,단일로,터널안,9,0,3,10,1
서울,중구,단일로,지하차도(도로)내,50,0,11,46,4
서울,중구,단일로,기타단일로,649,4,198,612,118
서울,중구,교차로,교차로내,230,1,81,199,22
서울,중구,교차로,교차로횡단보도내,44,0,24,20,4
서울,중구,교차로,교차로부근,180,0,43,178,16
서울,중구,기타,기타,22,0,5,18,2
서울,용산구,단일로,터널안,4,0,1,4,1
서울,용산구,단일로,교량위,33,0,7,32,4
서울,용산구,단일로,고가도로위,1,0,0,1,0
서울,용산구,단일로,지하차도(도로)내,69,2,27,71,2
서울,용산구,단일로,기타단일로,563,7,141,598,32
서울,용산구,교차로,교차로내,208,0,61,214,11
서울,용산구,교차로,교차로횡단보도내,27,0,15,17,1
서울,용산구,교차로,교차로부근,155,1,39,172,13
서울,용산구,기타,기타,126,0,24,119,6
서울,용산구,불명,불명,1,0,1,0,0
서울,성동구,단일로,교량위,33,0,6,54,4
서울,성동구,단일로,고가도로위,4,0,0,5,0
서울,성동구,단일로,지하차도(도로)내,3,0,0,6,0
서울,성동구,단일로,기타단일로,548,7,133,541,38
서울,성동구,교차로,교차로내,280,1,82,265,14
서울,성동구,교차로,교차로횡단보도내,48,3,20,25,2
서울,성동구,교차로,교차로부근,147,2,40,144,18
서울,성동구,기타,기타,28,0,13,23,6
서울,동대문구,단일로,터널안,1,0,1,0,0
서울,동대문구,단일로,교량위,2,1,0,2,0
서울,동대문구,단일로,고가도로위,6,0,3,11,1
서울,동대문구,단일로,지하차도(도로)내,6,0,0,9,2
서울,동대문구,단일로,기타단일로,717,6,215,620,61
서울,동대문구,교차로,교차로내,456,6,158,372,40
서울,동대문구,교차로,교차로횡단보도내,81,0,38,55,3
서울,동대문구,교차로,교차로부근,237,2,73,227,27
서울,동대문구,기타,기타,59,0,19,44,7
서울,성북구,단일로,터널안,6,0,4,8,0
서울,성북구,단일로,교량위,7,0,0,12,1
서울,성북구,단일로,고가도로위,14,0,1,20,2
서울,성북구,단일로,기타단일로,767,3,217,705,69
서울,성북구,교차로,교차로내,374,1,123,375,27
서울,성북구,교차로,교차로횡단보도내,61,2,23,47,0
서울,성북구,교차로,교차로부근,197,2,57,202,13
서울,성북구,기타,기타,83,0,22,75,4
서울,도봉구,단일로,교량위,2,0,0,1,1
서울,도봉구,단일로,지하차도(도로)내,2,0,0,3,0
서울,도봉구,단일로,기타단일로,342,4,110,302,54
서울,도봉구,교차로,교차로내,335,0,109,305,57
서울,도봉구,교차로,교차로횡단보도내,52,0,26,23,5
서울,도봉구,교차로,교차로부근,107,0,37,101,13
서울,도봉구,기타,기타,12,0,4,7,5
서울,은평구,단일로,터널안,1,0,1,0,1
서울,은평구,단일로,교량위,1,0,0,2,0
서울,은평구,단일로,기타단일로,445,2,134,359,65
서울,은평구,교차로,교차로내,319,3,111,303,35
서울,은평구,교차로,교차로횡단보도내,69,1,29,41,6
서울,은평구,교차로,교차로부근,210,1,72,178,26
서울,은평구,기타,기타,74,0,22,63,16
서울,서대문구,단일로,터널안,2,0,1,0,2
서울,서대문구,단일로,교량위,4,0,0,3,1
서울,서대문구,단일로,고가도로위,14,0,9,12,2
서울,서대문구,단일로,지하차도(도로)내,1,0,0,0,1
서울,서대문구,단일로,기타단일로,614,11,169,532,157
서울,서대문구,교차로,교차로내,299,1,75,298,79
서울,서대문구,교차로,교차로횡단보도내,52,0,24,29,5
서울,서대문구,교차로,교차로부근,101,1,28,135,18
서울,서대문구,기타,기타,26,1,5,19,5
서울,마포구,단일로,터널안,2,0,0,3,0
서울,마포구,단일로,교량위,22,0,3,29,2
서울,마포구,단일로,고가도로위,7,0,1,12,2
서울,마포구,단일로,지하차도(도로)내,1,0,0,2,0
서울,마포구,단일로,기타단일로,756,5,172,790,102
서울,마포구,교차로,교차로내,307,2,96,305,49
서울,마포구,교차로,교차로횡단보도내,56,0,25,36,1
서울,마포구,교차로,교차로부근,202,0,74,201,22
서울,마포구,기타,기타,140,0,39,142,14
서울,마포구,불명,불명,1,0,0,1,0
서울,강서구,단일로,터널안,1,0,0,1,0
서울,강서구,단일로,교량위,7,0,2,12,0
서울,강서구,단일로,고가도로위,2,0,0,2,0
서울,강서구,단일로,지하차도(도로)내,2,0,0,3,0
서울,강서구,단일로,기타단일로,867,12,208,882,91
서울,강서구,교차로,교차로내,490,5,131,503,31
서울,강서구,교차로,교차로횡단보도내,72,0,29,45,6
서울,강서구,교차로,교차로부근,298,3,75,311,50
서울,강서구,기타,기타,89,0,25,74,9
서울,강서구,불명,불명,1,0,0,1,0
서울,구로구,단일로,터널안,2,0,1,1,0
서울,구로구,단일로,교량위,10,0,2,10,1
서울,구로구,단일로,고가도로위,7,0,4,9,0
서울,구로구,단일로,지하차도(도로)내,9,0,3,12,0
서울,구로구,단일로,기타단일로,748,6,191,770,67
서울,구로구,교차로,교차로내,409,5,126,424,44
서울,구로구,교차로,교차로횡단보도내,81,1,34,49,4
서울,구로구,교차로,교차로부근,183,1,55,189,11
서울,구로구,기타,기타,80,0,22,64,3
서울,영등포구,단일로,터널안,4,0,0,5,1
서울,영등포구,단일로,교량위,56,0,13,81,9
서울,영등포구,단일로,고가도로위,5,0,2,7,0
서울,영등포구,단일로,지하차도(도로)내,1,0,0,1,0
서울,영등포구,단일로,기타단일로,1232,8,289,1288,171
서울,영등포구,교차로,교차로내,625,0,176,626,74
서울,영등포구,교차로,교차로횡단보도내,61,1,29,34,3
서울,영등포구,교차로,교차로부근,333,0,77,370,40
서울,영등포구,기타,기타,122,2,20,120,15
서울,동작구,단일로,터널안,5,0,2,7,2
서울,동작구,단일로,교량위,6,0,2,5,4
서울,동작구,단일로,고가도로위,7,1,1,7,2
서울,동작구,단일로,지하차도(도로)내,7,0,2,6,0
서울,동작구,단일로,기타단일로,719,3,207,715,134
서울,동작구,교차로,교차로내,292,1,93,281,56
서울,동작구,교차로,교차로횡단보도내,49,0,17,33,4
서울,동작구,교차로,교차로부근,234,0,57,236,37
서울,동작구,기타,기타,87,0,21,76,14
서울,관악구,단일로,터널안,15,0,4,23,0
서울,관악구,단일로,교량위,2,0,2,1,0
서울,관악구,단일로,고가도로위,2,0,1,1,0
서울,관악구,단일로,지하차도(도로)내,4,0,0,9,3
서울,관악구,단일로,기타단일로,694,3,179,642,62
서울,관악구,교차로,교차로내,341,4,91,323,29
서울,관악구,교차로,교차로횡단보도내,28,0,16,18,1
서울,관악구,교차로,교차로부근,233,2,66,213,17
서울,관악구,기타,기타,44,1,17,34,3
서울,강남구,단일로,터널안,6,0,2,5,0
서울,강남구,단일로,교량위,11,0,4,12,0
서울,강남구,단일로,고가도로위,11,0,1,12,3
서울,강남구,단일로,지하차도(도로)내,49,0,11,50,2
서울,강남구,단일로,기타단일로,1945,11,387,2023,256
서울,강남구,교차로,교차로내,741,0,196,809,97
서울,강남구,교차로,교차로횡단보도내,97,0,33,67,4
서울,강남구,교차로,교차로부근,489,2,110,533,53
서울,강남구,기타,기타,368,1,50,407,49
서울,강남구,불명,불명,5,0,0,6,0
서울,강동구,단일로,교량위,5,0,1,4,2
서울,강동구,단일로,고가도로위,1,0,0,4,0
서울,강동구,단일로,기타단일로,590,4,174,560,91
서울,강동구,교차로,교차로내,434,6,150,396,42
서울,강동구,교차로,교차로횡단보도내,72,1,32,41,5
서울,강동구,교차로,교차로부근,216,0,47,215,33
서울,강동구,기타,기타,96,0,26,70,17
서울,송파구,단일로,터널안,1,0,0,1,0
서울,송파구,단일로,교량위,16,1,2,33,4
서울,송파구,단일로,고가도로위,3,0,0,3,0
서울,송파구,단일로,지하차도(도로)내,1,0,0,2,0
서울,송파구,단일로,기타단일로,1373,7,307,1336,242
서울,송파구,교차로,교차로내,718,3,225,729,105
서울,송파구,교차로,교차로횡단보도내,132,0,44,85,12
서울,송파구,교차로,교차로부근,471,1,119,481,64
서울,송파구,기타,기타,177,1,39,153,17
서울,서초구,단일로,터널안,13,0,5,20,1
서울,서초구,단일로,교량위,8,0,3,17,0
서울,서초구,단일로,고가도로위,21,0,6,33,5
서울,서초구,단일로,지하차도(도로)내,105,2,23,96,8
서울,서초구,단일로,기타단일로,1247,7,263,1446,178
서울,서초구,교차로,교차로내,446,2,119,492,55
서울,서초구,교차로,교차로횡단보도내,64,1,27,30,9
서울,서초구,교차로,교차로부근,329,1,87,327,46
서울,서초구,기타,기타,183,1,38,166,26
서울,서초구,불명,불명,2,0,0,4,0
서울,양천구,단일로,터널안,6,1,1,10,0
서울,양천구,단일로,교량위,4,0,1,3,2
서울,양천구,단일로,고가도로위,1,0,0,1,1
서울,양천구,단일로,지하차도(도로)내,2,0,0,4,0
서울,양천구,단일로,기타단일로,770,6,163,807,104
서울,양천구,교차로,교차로내,408,1,103,416,57
서울,양천구,교차로,교차로횡단보도내,51,1,19,29,3
서울,양천구,교차로,교차로부근,203,2,43,213,36
서울,양천구,기타,기타,61,0,12,44,13
서울,중랑구,단일로,터널안,10,0,4,8,2
서울,중랑구,단일로,교량위,8,0,3,6,0
서울,중랑구,단일로,고가도로위,2,0,0,4,0
서울,중랑구,단일로,지하차도(도로)내,46,0,13,43,7
서울,중랑구,단일로,기타단일로,703,8,206,635,85
서울,중랑구,교차로,교차로내,419,1,125,382,81
서울,중랑구,교차로,교차로횡단보도내,75,2,24,44,6
서울,중랑구,교차로,교차로부근,286,1,71,258,34
서울,중랑구,기타,기타,70,0,15,58,7
서울,중랑구,불명,불명,1,0,1,0,0
서울,노원구,단일로,터널안,9,1,2,7,0
서울,노원구,단일로,교량위,20,0,7,23,3
서울,노원구,단일로,고가도로위,46,0,7,41,3
서울,노원구,단일로,지하차도(도로)내,16,0,5,19,1
서울,노원구,단일로,기타단일로,607,4,156,623,61
서울,노원구,교차로,교차로내,509,1,164,499,50
서울,노원구,교차로,교차로횡단보도내,92,0,35,58,8
서울,노원구,교차로,교차로부근,289,2,75,298,21
서울,노원구,기타,기타,115,0,33,84,19
서울,광진구,단일로,터널안,1,0,1,3,0
서울,광진구,단일로,교량위,13,1,17,8,0
서울,광진구,단일로,고가도로위,5,0,0,9,0
서울,광진구,단일로,기타단일로,543,1,153,511,39
서울,광진구,교차로,교차로내,246,0,76,262,21
서울,광진구,교차로,교차로횡단보도내,32,1,16,16,1
서울,광진구,교차로,교차로부근,84,0,18,94,6
서울,광진구,기타,기타,49,0,12,52,1
서울,강북구,단일로,터널안,1,0,0,1,0
서울,강북구,단일로,기타단일로,639,4,156,658,40
서울,강북구,교차로,교차로내,397,3,104,428,17
서울,강북구,교차로,교차로횡단보도내,44,0,10,38,0
서울,강북구,교차로,교차로부근,166,0,37,167,18
서울,강북구,기타,기타,30,0,7,25,0
서울,금천구,단일로,터널안,1,0,0,1,0
서울,금천구,단일로,교량위,10,0,2,14,0
서울,금천구,단일로,고가도로위,5,0,2,6,0
서울,금천구,단일로,지하차도(도로)내,1,0,0,1,0
서울,금천구,단일로,기타단일로,455,3,143,491,54
서울,금천구,교차로,교차로내,241,3,75,282,23
서울,금천구,교차로,교차로횡단보도내,37,0,9,25,4
서울,금천구,교차로,교차로부근,141,2,37,139,6
서울,금천구,기타,기타,29,1,12,27,0
부산,중구,단일로,터널안,2,0,0,1,1
부산,중구,단일로,고가도로위,14,0,7,8,1
부산,중구,단일로,지하차도(도로)내,1,0,0,2,0
부산,중구,단일로,기타단일로,138,0,44,114,13
부산,중구,교차로,교차로내,74,0,25,75,7
부산,중구,교차로,교차로횡단보도내,5,0,1,4,0
부산,중구,교차로,교차로부근,61,1,15,55,11
부산,서구,단일로,터널안,8,0,3,11,2
부산,서구,단일로,교량위,2,0,1,2,0
부산,서구,단일로,고가도로위,1,0,0,1,0
부산,서구,단일로,기타단일로,236,1,92,186,31
부산,서구,교차로,교차로내,126,1,50,150,15
부산,서구,교차로,교차로횡단보도내,14,0,6,7,2
부산,서구,교차로,교차로부근,79,0,23,80,11
부산,서구,기타,기타,8,0,4,6,1
부산,동구,단일로,터널안,6,0,2,11,1
부산,동구,단일로,교량위,2,0,0,3,1
부산,동구,단일로,고가도로위,15,1,10,14,2
부산,동구,단일로,지하차도(도로)내,1,0,0,1,0
부산,동구,단일로,기타단일로,326,1,106,298,36
부산,동구,교차로,교차로내,136,1,42,168,20
부산,동구,교차로,교차로횡단보도내,8,0,6,1,1
부산,동구,교차로,교차로부근,59,0,20,51,5
부산,동구,기타,기타,21,0,10,14,3
부산,영도구,단일로,교량위,8,0,2,5,2
부산,영도구,단일로,고가도로위,1,0,0,1,0
부산,영도구,단일로,기타단일로,198,1,81,153,15
부산,영도구,교차로,교차로내,89,1,24,100,14
부산,영도구,교차로,교차로횡단보도내,11,0,6,6,1
부산,영도구,교차로,교차로부근,29,0,8,31,3
부산,영도구,기타,기타,12,1,4,5,3
부산,부산진구,단일로,터널안,5,0,1,17,0
부산,부산진구,단일로,교량위,7,0,1,12,2
부산,부산진구,단일로,고가도로위,15,0,6,20,2
부산,부산진구,단일로,지하차도(도로)내,1,0,1,0,0
부산,부산진구,단일로,기타단일로,716,7,236,600,60
부산,부산진구,교차로,교차로내,533,4,210,516,82
부산,부산진구,교차로,교차로횡단보도내,64,2,31,37,0
부산,부산진구,교차로,교차로부근,253,0,87,238,30
부산,부산진구,기타,기타,94,1,32,69,14
부산,동래구,단일로,터널안,6,1,3,17,1
부산,동래구,단일로,교량위,1,0,1,0,0
부산,동래구,단일로,지하차도(도로)내,6,0,1,7,1
부산,동래구,단일로,기타단일로,535,3,172,463,63
부산,동래구,교차로,교차로내,353,2,110,342,52
부산,동래구,교차로,교차로횡단보도내,41,0,14,27,1
부산,동래구,교차로,교차로부근,118,0,29,118,11
부산,동래구,기타,기타,43,0,7,37,5
부산,남구,단일로,터널안,11,0,5,18,3
부산,남구,단일로,교량위,6,0,5,8,1
부산,남구,단일로,고가도로위,4,0,2,5,0
부산,남구,단일로,지하차도(도로)내,4,0,0,5,1
부산,남구,단일로,기타단일로,424,3,143,339,55
부산,남구,교차로,교차로내,275,2,103,232,26
부산,남구,교차로,교차로횡단보도내,39,0,12,26,1
부산,남구,교차로,교차로부근,92,0,27,90,11
부산,남구,기타,기타,46,0,11,40,6
부산,북구,단일로,터널안,5,0,1,7,2
부산,북구,단일로,교량위,5,0,0,7,0
부산,북구,단일로,고가도로위,3,0,1,1,1
부산,북구,단일로,지하차도(도로)내,47,0,15,46,3
부산,북구,단일로,기타단일로,337,4,114,322,35
부산,북구,교차로,교차로내,179,5,72,172,13
부산,북구,교차로,교차로횡단보도내,33,0,16,20,0
부산,북구,교차로,교차로부근,68,0,30,58,11
부산,북구,기타,기타,24,1,11,14,1
부산,해운대구,단일로,터널안,2,0,1,1,1
부산,해운대구,단일로,교량위,12,0,1,21,0
부산,해운대구,단일로,고가도로위,4,0,0,4,1
부산,해운대구,단일로,지하차도(도로)내,2,0,1,2,0
부산,해운대구,단일로,기타단일로,499,9,151,433,62
부산,해운대구,교차로,교차로내,304,2,107,258,57
부산,해운대구,교차로,교차로횡단보도내,54,1,33,18,5
부산,해운대구,교차로,교차로부근,173,4,63,148,41
부산,해운대구,기타,기타,14,0,4,11,3
부산,사하구,단일로,교량위,4,0,2,2,0
부산,사하구,단일로,고가도로위,1,0,1,2,0
부산,사하구,단일로,지하차도(도로)내,160,1,76,154,23
부산,사하구,단일로,기타단일로,435,6,137,349,56
부산,사하구,교차로,교차로내,245,1,90,257,20
부산,사하구,교차로,교차로횡단보도내,22,2,13,7,2
부산,사하구,교차로,교차로부근,198,1,66,195,19
부산,사하구,기타,기타,44,1,16,31,10
부산,사하구,불명,불명,1,0,1,0,0
부산,금정구,단일로,터널안,1,0,0,1,0
부산,금정구,단일로,교량위,5,0,2,5,0
부산,금정구,단일로,고가도로위,1,0,0,1,0
부산,금정구,단일로,지하차도(도로)내,2,0,0,6,0
부산,금정구,단일로,기타단일로,328,2,115,297,43
부산,금정구,교차로,교차로내,286,2,92,268,37
부산,금정구,교차로,교차로횡단보도내,11,1,4,5,2
부산,금정구,교차로,교차로부근,105,1,34,91,9
부산,금정구,기타,기타,62,0,8,39,23
부산,강서구,단일로,터널안,1,0,0,1,0
부산,강서구,단일로,교량위,10,1,4,11,0
부산,강서구,단일로,고가도로위,4,0,1,7,0
부산,강서구,단일로,지하차도(도로)내,4,0,1,5,0
부산,강서구,단일로,기타단일로,290,3,108,258,19
부산,강서구,교차로,교차로내,177,3,88,149,14
부산,강서구,교차로,교차로횡단보도내,8,0,3,6,0
부산,강서구,교차로,교차로부근,156,1,56,162,4
부산,강서구,기타,기타,19,0,11,7,1
부산,연제구,단일로,터널안,1,1,1,5,0
부산,연제구,단일로,교량위,2,0,0,2,0
부산,연제구,단일로,기타단일로,434,2,116,421,51
부산,연제구,교차로,교차로내,265,0,103,262,16
부산,연제구,교차로,교차로횡단보도내,37,0,22,23,1
부산,연제구,교차로,교차로부근,122,0,34,101,16
부산,연제구,기타,기타,7,0,1,8,0
부산,수영구,단일로,터널안,5,0,2,7,0
부산,수영구,단일로,교량위,14,1,3,22,1
부산,수영구,단일로,고가도로위,1,0,1,0,0
부산,수영구,단일로,지하차도(도로)내,2,0,0,3,0
부산,수영구,단일로,기타단일로,412,2,127,378,56
부산,수영구,교차로,교차로내,229,1,72,223,19
부산,수영구,교차로,교차로횡단보도내,21,0,10,9,3
부산,수영구,교차로,교차로부근,84,0,15,81,9
부산,수영구,기타,기타,21,0,6,14,5
부산,수영구,불명,불명,2,0,1,2,0
부산,사상구,단일로,터널안,5,0,3,7,3
부산,사상구,단일로,교량위,2,0,2,1,0
부산,사상구,단일로,고가도로위,11,0,1,17,2
부산,사상구,단일로,지하차도(도로)내,29,0,11,15,5
부산,사상구,단일로,기타단일로,563,5,140,471,153
부산,사상구,교차로,교차로내,297,4,99,275,48
부산,사상구,교차로,교차로횡단보도내,31,2,17,13,2
부산,사상구,교차로,교차로부근,117,2,25,128,28
부산,사상구,기타,기타,45,0,13,37,12
부산,기장군,단일로,터널안,5,0,2,4,0
부산,기장군,단일로,교량위,2,0,1,3,0
부산,기장군,단일로,고가도로위,2,0,2,1,1
부산,기장군,단일로,기타단일로,203,8,63,225,24
부산,기장군,교차로,교차로내,156,1,45,204,23
부산,기장군,교차로,교차로횡단보도내,21,0,8,15,1
부산,기장군,교차로,교차로부근,83,0,32,100,2
부산,기장군,기타,기타,33,1,11,37,2
경기,수원시,단일로,터널안,16,1,5,18,2
경기,수원시,단일로,교량위,11,0,6,18,1
경기,수원시,단일로,고가도로위,16,0,0,26,0
경기,수원시,단일로,지하차도(도로)내,19,1,5,27,6
경기,수원시,단일로,기타단일로,1994,14,458,2112,257
경기,수원시,교차로,교차로내,1589,4,404,1685,230
경기,수원시,교차로,교차로횡단보도내,201,6,70,128,15
경기,수원시,교차로,교차로부근,823,4,155,989,104
경기,수원시,기타,기타,249,1,68,212,41
경기,수원시,불명,불명,2,0,1,1,0
경기,성남시,단일로,터널안,38,0,12,70,12
경기,성남시,단일로,교량위,8,0,5,6,1
경기,성남시,단일로,고가도로위,13,0,6,18,2
경기,성남시,단일로,지하차도(도로)내,5,0,2,1,5
경기,성남시,단일로,기타단일로,1783,20,561,1887,269
경기,성남시,교차로,교차로내,836,11,302,866,103
경기,성남시,교차로,교차로횡단보도내,125,2,45,81,10
경기,성남시,교차로,교차로부근,686,4,186,731,149
경기,성남시,기타,기타,305,2,74,294,45
경기,성남시,불명,불명,2,0,1,1,0
경기,의정부시,단일로,터널안,8,0,3,10,1
경기,의정부시,단일로,고가도로위,4,0,0,7,0
경기,의정부시,단일로,지하차도(도로)내,5,0,0,9,4
경기,의정부시,단일로,기타단일로,811,11,189,824,145
경기,의정부시,교차로,교차로내,484,2,155,495,81
경기,의정부시,교차로,교차로횡단보도내,82,2,31,44,7
경기,의정부시,교차로,교차로부근,276,2,67,294,52
경기,의정부시,기타,기타,34,0,3,37,4
경기,안양시,단일로,터널안,4,0,1,5,1
경기,안양시,단일로,교량위,16,1,3,21,2
경기,안양시,단일로,고가도로위,4,0,1,8,0
경기,안양시,단일로,지하차도(도로)내,6,0,2,11,1
경기,안양시,단일로,기타단일로,625,8,186,643,68
경기,안양시,교차로,교차로내,410,3,155,445,41
경기,안양시,교차로,교차로횡단보도내,114,1,49,76,4
경기,안양시,교차로,교차로부근,365,5,79,433,37
경기,안양시,기타,기타,72,2,18,69,7
경기,부천시,단일로,터널안,1,0,0,1,0
경기,부천시,단일로,교량위,23,0,3,26,1
경기,부천시,단일로,고가도로위,13,0,5,13,1
경기,부천시,단일로,지하차도(도로)내,5,0,2,6,2
경기,부천시,단일로,기타단일로,1573,11,363,1614,137
경기,부천시,교차로,교차로내,1193,8,343,1301,121
경기,부천시,교차로,교차로횡단보도내,137,3,54,80,12
경기,부천시,교차로,교차로부근,584,1,127,666,50
경기,부천시,기타,기타,137,0,32,129,18
경기,부천시,불명,불명,1,0,0,1,0
경기,안산시,단일로,터널안,5,0,1,6,1
경기,안산시,단일로,교량위,27,0,7,40,1
경기,안산시,단일로,고가도로위,10,0,1,14,2
경기,안산시,단일로,지하차도(도로)내,15,0,7,22,2
경기,안산시,단일로,기타단일로,1579,12,392,1795,155
경기,안산시,교차로,교차로내,1407,9,446,1638,108
경기,안산시,교차로,교차로횡단보도내,172,3,65,110,10
경기,안산시,교차로,교차로부근,594,3,151,740,34
경기,안산시,기타,기타,156,0,41,140,13
경기,평택시,단일로,터널안,2,0,1,3,0
경기,평택시,단일로,교량위,14,0,3,15,2
경기,평택시,단일로,고가도로위,6,0,1,5,1
경기,평택시,단일로,지하차도(도로)내,32,1,14,36,11
경기,평택시,단일로,기타단일로,1375,29,382,1581,275
경기,평택시,교차로,교차로내,1353,15,428,1547,262
경기,평택시,교차로,교차로횡단보도내,80,1,23,62,10
경기,평택시,교차로,교차로부근,544,2,115,667,107
경기,평택시,기타,기타,119,3,25,126,23
경기,평택시,불명,불명,2,0,1,4,0
경기,광명시,단일로,터널안,5,0,1,12,2
경기,광명시,단일로,교량위,8,0,2,7,1
경기,광명시,단일로,고가도로위,1,0,0,1,0
경기,광명시,단일로,지하차도(도로)내,2,1,0,1,1
경기,광명시,단일로,기타단일로,514,3,111,442,172
경기,광명시,교차로,교차로내,318,4,109,242,92
경기,광명시,교차로,교차로횡단보도내,63,1,26,29,17
경기,광명시,교차로,교차로부근,139,0,33,133,48
경기,광명시,기타,기타,18,0,3,12,7
경기,구리시,단일로,터널안,4,0,5,5,5
경기,구리시,단일로,교량위,6,0,2,7,3
경기,구리시,단일로,지하차도(도로)내,2,0,0,2,0
경기,구리시,단일로,기타단일로,431,2,104,466,61
경기,구리시,교차로,교차로내,186,1,53,223,13
경기,구리시,교차로,교차로횡단보도내,21,1,7,13,1
경기,구리시,교차로,교차로부근,52,0,12,60,2
경기,구리시,기타,기타,49,2,11,42,6
경기,양주시,단일로,터널안,11,0,8,8,3
경기,양주시,단일로,교량위,5,0,2,3,1
경기,양주시,단일로,고가도로위,1,0,0,2,0
경기,양주시,단일로,지하차도(도로)내,1,1,0,0,0
경기,양주시,단일로,기타단일로,440,8,115,490,42
경기,양주시,교차로,교차로내,405,7,106,507,34
경기,양주시,교차로,교차로횡단보도내,24,0,9,16,1
경기,양주시,교차로,교차로부근,187,3,47,229,12
경기,양주시,기타,기타,43,0,8,36,5
경기,양주시,불명,불명,1,0,0,1,0
경기,여주시,단일로,터널안,3,0,3,9,10
경기,여주시,단일로,교량위,6,0,3,6,2
경기,여주시,단일로,기타단일로,231,12,81,262,23
경기,여주시,교차로,교차로내,210,2,66,277,9
경기,여주시,교차로,교차로횡단보도내,6,0,3,2,1
경기,여주시,교차로,교차로부근,82,3,21,97,8
경기,여주시,기타,기타,54,0,29,56,15
경기,화성시,단일로,터널안,11,0,2,22,3
경기,화성시,단일로,교량위,24,4,10,39,2
경기,화성시,단일로,고가도로위,1,0,0,1,0
경기,화성시,단일로,지하차도(도로)내,11,0,5,10,2
경기,화성시,단일로,기타단일로,1225,21,386,1501,137
경기,화성시,교차로,교차로내,993,5,298,1157,96
경기,화성시,교차로,교차로횡단보도내,93,2,35,57,5
경기,화성시,교차로,교차로부근,447,0,111,577,29
경기,화성시,기타,기타,201,1,51,227,14
경기,화성시,불명,불명,2,0,2,3,0
경기,시흥시,단일로,터널안,6,0,3,17,2
경기,시흥시,단일로,교량위,35,3,14,43,3
경기,시흥시,단일로,고가도로위,6,2,2,7,1
경기,시흥시,단일로,지하차도(도로)내,4,0,4,10,0
경기,시흥시,단일로,기타단일로,1123,12,338,1214,138
경기,시흥시,교차로,교차로내,804,10,312,956,80
경기,시흥시,교차로,교차로횡단보도내,61,1,27,40,5
경기,시흥시,교차로,교차로부근,384,1,93,466,34
경기,시흥시,기타,기타,55,1,11,52,6
경기,시흥시,불명,불명,2,0,1,1,0
경기,파주시,단일로,터널안,2,0,2,2,0
경기,파주시,단일로,교량위,2,0,2,1,0
경기,파주시,단일로,고가도로위,6,0,0,10,1
경기,파주시,단일로,지하차도(도로)내,7,0,1,12,1
경기,파주시,단일로,기타단일로,618,15,188,635,75
경기,파주시,교차로,교차로내,540,2,157,583,56
경기,파주시,교차로,교차로횡단보도내,38,1,21,24,1
경기,파주시,교차로,교차로부근,401,3,124,413,43
경기,파주시,기타,기타,44,0,11,39,6
경기,고양시,단일로,터널안,4,0,0,4,3
경기,고양시,단일로,교량위,32,0,9,35,5
경기,고양시,단일로,고가도로위,4,0,0,11,0
경기,고양시,단일로,지하차도(도로)내,6,0,1,7,1
경기,고양시,단일로,기타단일로,1622,19,426,1729,238
경기,고양시,교차로,교차로내,1328,13,410,1412,200
경기,고양시,교차로,교차로횡단보도내,184,3,69,116,18
경기,고양시,교차로,교차로부근,602,3,151,691,88
경기,고양시,철길건널목,철길건널목,2,0,3,4,0
경기,고양시,기타,기타,132,1,27,117,19
경기,광주시,단일로,터널안,16,1,7,44,4
경기,광주시,단일로,교량위,8,0,2,10,0
경기,광주시,단일로,지하차도(도로)내,2,0,1,1,2
경기,광주시,단일로,기타단일로,716,12,205,858,90
경기,광주시,교차로,교차로내,500,3,116,593,54
경기,광주시,교차로,교차로횡단보도내,32,0,15,16,2
경기,광주시,교차로,교차로부근,229,2,52,291,18
경기,광주시,기타,기타,356,2,82,363,37
경기,광주시,불명,불명,8,0,0,6,2
경기,연천군,단일로,교량위,4,0,1,3,0
경기,연천군,단일로,고가도로위,10,0,2,10,0
경기,연천군,단일로,지하차도(도로)내,10,0,7,6,0
경기,연천군,단일로,기타단일로,59,5,25,66,5
경기,연천군,교차로,교차로내,77,5,38,94,11
경기,연천군,교차로,교차로횡단보도내,3,0,2,1,0
경기,연천군,교차로,교차로부근,14,1,7,10,1
경기,연천군,기타,기타,19,0,9,7,3
경기,포천시,단일로,교량위,2,0,1,1,1
경기,포천시,단일로,기타단일로,432,7,175,435,94
경기,포천시,교차로,교차로내,288,7,101,332,59
경기,포천시,교차로,교차로횡단보도내,5,0,3,2,0
경기,포천시,교차로,교차로부근,117,1,38,162,22
경기,포천시,기타,기타,43,0,9,30,10
경기,가평군,단일로,터널안,4,0,8,12,0
경기,가평군,단일로,교량위,53,0,18,60,4
경기,가평군,단일로,기타단일로,168,5,62,215,18
경기,가평군,교차로,교차로내,111,0,39,148,7
경기,가평군,교차로,교차로횡단보도내,9,0,5,4,0
경기,가평군,교차로,교차로부근,34,3,14,39,3
경기,가평군,기타,기타,17,0,4,16,2
경기,양평군,단일로,교량위,12,1,9,22,2
경기,양평군,단일로,고가도로위,1,1,0,0,0
경기,양평군,단일로,기타단일로,310,9,127,307,58
경기,양평군,교차로,교차로내,176,2,56,200,30
경기,양평군,교차로,교차로횡단보도내,12,0,6,8,0
경기,양평군,교차로,교차로부근,53,0,17,65,11
경기,양평군,기타,기타,27,0,8,23,6
경기,이천시,단일로,교량위,2,0,0,3,0
경기,이천시,단일로,고가도로위,1,0,2,2,0
경기,이천시,단일로,지하차도(도로)내,1,0,0,1,0
경기,이천시,단일로,기타단일로,424,22,124,453,47
경기,이천시,교차로,교차로내,429,6,152,493,33
경기,이천시,교차로,교차로횡단보도내,19,1,7,13,1
경기,이천시,교차로,교차로부근,182,4,36,231,18
경기,이천시,기타,기타,44,0,5,63,3
경기,용인시,단일로,터널안,34,0,3,54,8
경기,용인시,단일로,교량위,9,1,1,17,1
경기,용인시,단일로,고가도로위,11,1,2,12,2
경기,용인시,단일로,지하차도(도로)내,7,0,1,3,4
경기,용인시,단일로,기타단일로,1609,18,487,1888,408
경기,용인시,교차로,교차로내,1026,9,299,1130,215
경기,용인시,교차로,교차로횡단보도내,117,1,57,62,8
경기,용인시,교차로,교차로부근,511,3,122,598,98
경기,용인시,기타,기타,161,1,37,152,29
경기,안성시,단일로,터널안,7,0,2,8,3
경기,안성시,단일로,교량위,3,0,2,3,1
경기,안성시,단일로,고가도로위,1,0,0,3,0
경기,안성시,단일로,지하차도(도로)내,1,0,1,0,0
경기,안성시,단일로,기타단일로,470,11,170,532,72
경기,안성시,교차로,교차로내,337,3,100,434,63
경기,안성시,교차로,교차로횡단보도내,18,0,9,9,3
경기,안성시,교차로,교차로부근,111,0,31,159,18
경기,안성시,기타,기타,66,2,9,73,29
경기,김포시,단일로,터널안,8,0,5,6,4
경기,김포시,단일로,교량위,23,0,9,41,3
경기,김포시,단일로,고가도로위,6,0,2,9,0
경기,김포시,단일로,지하차도(도로)내,6,0,4,10,2
경기,김포시,단일로,기타단일로,594,14,186,647,66
경기,김포시,교차로,교차로내,608,2,220,735,55
경기,김포시,교차로,교차로횡단보도내,76,0,33,43,5
경기,김포시,교차로,교차로부근,258,5,72,309,21
경기,김포시,기타,기타,210,3,49,227,17
경기,김포시,불명,불명,3,0,1,6,0
경기,동두천시,단일로,교량위,3,0,1,6,0
경기,동두천시,단일로,지하차도(도로)내,1,0,0,0,1
경기,동두천시,단일로,기타단일로,149,2,42,142,18
경기,동두천시,교차로,교차로내,167,2,45,170,18
경기,동두천시,교차로,교차로횡단보도내,22,1,8,14,0
경기,동두천시,교차로,교차로부근,64,1,17,63,7
경기,동두천시,기타,기타,11,0,4,8,1
경기,과천시,단일로,터널안,1,0,0,3,0
경기,과천시,단일로,지하차도(도로)내,3,0,0,4,1
경기,과천시,단일로,기타단일로,129,1,47,145,26
경기,과천시,교차로,교차로내,51,0,12,53,5
경기,과천시,교차로,교차로횡단보도내,3,0,1,1,1
경기,과천시,교차로,교차로부근,32,0,7,41,3
경기,과천시,기타,기타,18,0,6,19,5
경기,군포시,단일로,터널안,8,0,5,14,1
경기,군포시,단일로,교량위,3,0,1,4,1
경기,군포시,단일로,고가도로위,3,0,3,2,0
경기,군포시,단일로,지하차도(도로)내,5,0,1,23,1
경기,군포시,단일로,기타단일로,311,3,98,308,69
경기,군포시,교차로,교차로내,198,0,70,201,44
경기,군포시,교차로,교차로횡단보도내,10,0,7,3,1
경기,군포시,교차로,교차로부근,95,0,25,101,18
경기,군포시,기타,기타,17,0,4,15,4
경기,남양주시,단일로,터널안,35,2,12,66,14
경기,남양주시,단일로,교량위,24,0,9,43,14
경기,남양주시,단일로,고가도로위,5,0,0,7,0
경기,남양주시,단일로,지하차도(도로)내,3,1,0,7,0
경기,남양주시,단일로,기타단일로,1070,17,324,1217,162
경기,남양주시,교차로,교차로내,734,9,221,820,123
경기,남양주시,교차로,교차로횡단보도내,90,2,38,51,6
경기,남양주시,교차로,교차로부근,331,0,85,407,56
경기,남양주시,기타,기타,119,0,35,118,8
경기,오산시,단일로,터널안,1,0,0,1,0
경기,오산시,단일로,교량위,5,0,0,14,1
경기,오산시,단일로,고가도로위,1,0,1,0,0
경기,오산시,단일로,지하차도(도로)내,4,0,1,3,1
경기,오산시,단일로,기타단일로,410,3,94,469,73
경기,오산시,교차로,교차로내,348,2,82,400,42
경기,오산시,교차로,교차로횡단보도내,66,1,23,43,5
경기,오산시,교차로,교차로부근,153,1,31,193,15
경기,오산시,기타,기타,69,0,12,66,12
경기,의왕시,단일로,터널안,1,1,0,0,0
경기,의왕시,단일로,지하차도(도로)내,2,0,1,2,1
경기,의왕시,단일로,기타단일로,241,6,80,309,43
경기,의왕시,교차로,교차로내,110,0,42,113,12
경기,의왕시,교차로,교차로횡단보도내,15,3,9,7,1
경기,의왕시,교차로,교차로부근,86,0,23,91,6
경기,의왕시,기타,기타,32,0,10,23,6
경기,의왕시,불명,불명,1,0,0,1,0
경기,하남시,단일로,터널안,4,0,2,6,1
경기,하남시,단일로,교량위,3,0,1,7,1
경기,하남시,단일로,기타단일로,425,10,125,392,93
경기,하남시,교차로,교차로내,299,4,92,305,60
경기,하남시,교차로,교차로횡단보도내,38,2,12,25,6
경기,하남시,교차로,교차로부근,234,1,59,264,40
경기,하남시,기타,기타,79,0,12,88,14
강원,춘천시,단일로,터널안,10,1,10,15,0
강원,춘천시,단일로,교량위,14,2,2,37,0
강원,춘천시,단일로,기타단일로,670,12,186,751,46
강원,춘천시,교차로,교차로내,577,4,117,770,38
강원,춘천시,교차로,교차로횡단보도내,81,2,36,47,3
강원,춘천시,교차로,교차로부근,186,2,32,265,20
강원,춘천시,기타,기타,52,0,6,60,2
강원,원주시,단일로,터널안,4,0,0,9,0
강원,원주시,단일로,교량위,6,1,5,4,0
강원,원주시,단일로,고가도로위,1,0,1,1,0
강원,원주시,단일로,지하차도(도로)내,17,0,7,21,2
강원,원주시,단일로,기타단일로,699,22,189,778,56
강원,원주시,교차로,교차로내,786,4,231,945,56
강원,원주시,교차로,교차로횡단보도내,78,2,29,52,4
강원,원주시,교차로,교차로부근,304,5,68,393,18
강원,원주시,기타,기타,89,0,20,104,6
강원,원주시,불명,불명,1,0,0,1,0
강원,동해시,단일로,교량위,3,0,0,7,0
강원,동해시,단일로,고가도로위,1,0,0,1,0
강원,동해시,단일로,지하차도(도로)내,13,0,5,13,0
강원,동해시,단일로,기타단일로,119,2,36,118,1
강원,동해시,교차로,교차로내,132,1,41,150,0
강원,동해시,교차로,교차로횡단보도내,17,0,8,10,0
강원,동해시,교차로,교차로부근,63,1,10,84,0
강원,동해시,철길건널목,철길건널목,1,2,0,0,0
강원,동해시,기타,기타,9,1,2,7,1
강원,강릉시,단일로,터널안,1,0,2,0,0
강원,강릉시,단일로,교량위,5,0,4,2,0
강원,강릉시,단일로,고가도로위,1,0,0,2,0
강원,강릉시,단일로,기타단일로,342,7,107,390,14
강원,강릉시,교차로,교차로내,360,5,110,459,4
강원,강릉시,교차로,교차로횡단보도내,25,0,16,11,0
강원,강릉시,교차로,교차로부근,116,2,34,158,1
강원,강릉시,기타,기타,37,0,11,32,2
강원,강릉시,불명,불명,1,0,1,0,0
강원,속초시,단일로,교량위,2,0,1,1,0
강원,속초시,단일로,고가도로위,28,0,5,41,1
강원,속초시,단일로,지하차도(도로)내,50,3,18,60,3
강원,속초시,단일로,기타단일로,48,0,26,50,4
강원,속초시,교차로,교차로내,159,1,54,175,9
강원,속초시,교차로,교차로횡단보도내,15,2,7,8,1
강원,속초시,교차로,교차로부근,58,1,28,63,4
강원,속초시,기타,기타,31,1,10,22,1
강원,태백시,단일로,기타단일로,76,1,26,83,4
강원,태백시,교차로,교차로내,63,0,16,82,0
강원,태백시,교차로,교차로횡단보도내,1,0,0,1,0
강원,태백시,교차로,교차로부근,33,1,4,46,0
강원,태백시,기타,기타,4,0,1,4,0
강원,삼척시,단일로,터널안,1,0,1,0,0
강원,삼척시,단일로,교량위,6,0,3,7,0
강원,삼척시,단일로,지하차도(도로)내,52,5,15,65,0
강원,삼척시,단일로,기타단일로,138,9,70,139,8
강원,삼척시,교차로,교차로내,151,1,46,183,1
강원,삼척시,교차로,교차로횡단보도내,9,1,4,6,0
강원,삼척시,교차로,교차로부근,42,0,11,62,1
강원,삼척시,기타,기타,15,0,8,12,0
강원,홍천군,단일로,터널안,5,0,1,8,6
강원,홍천군,단일로,교량위,17,0,4,21,0
강원,홍천군,단일로,기타단일로,161,13,57,170,14
강원,홍천군,교차로,교차로내,119,2,35,157,7
강원,홍천군,교차로,교차로횡단보도내,10,0,2,8,0
강원,홍천군,교차로,교차로부근,36,0,7,44,0
강원,홍천군,기타,기타,11,1,4,6,0
강원,횡성군,단일로,터널안,2,0,0,8,0
강원,횡성군,단일로,교량위,1,0,0,1,0
강원,횡성군,단일로,고가도로위,1,0,0,1,0
강원,횡성군,단일로,기타단일로,105,8,65,126,6
강원,횡성군,교차로,교차로내,69,1,40,75,3
강원,횡성군,교차로,교차로횡단보도내,3,0,2,1,0
강원,횡성군,교차로,교차로부근,9,0,6,15,0
강원,횡성군,기타,기타,13,0,5,17,0
강원,영월군,단일로,터널안,4,0,2,2,10
강원,영월군,단일로,교량위,12,0,3,17,6
강원,영월군,단일로,지하차도(도로)내,22,0,6,13,17
강원,영월군,단일로,기타단일로,66,4,23,37,35
강원,영월군,교차로,교차로내,35,0,16,12,33
강원,영월군,교차로,교차로횡단보도내,3,0,2,1,0
강원,영월군,교차로,교차로부근,10,0,3,5,4
강원,영월군,기타,기타,4,0,0,3,2
강원,평창군,단일로,터널안,2,0,2,3,0
강원,평창군,단일로,교량위,2,0,0,3,0
강원,평창군,단일로,기타단일로,64,5,38,93,1
강원,평창군,교차로,교차로내,56,0,37,75,4
강원,평창군,교차로,교차로횡단보도내,5,0,4,1,0
강원,평창군,교차로,교차로부근,21,0,11,18,2
강원,평창군,기타,기타,33,0,8,43,1
강원,정선군,단일로,교량위,2,1,1,1,0
강원,정선군,단일로,기타단일로,47,4,27,43,7
강원,정선군,교차로,교차로내,36,0,11,44,1
강원,정선군,교차로,교차로횡단보도내,1,0,1,0,0
강원,정선군,교차로,교차로부근,16,1,16,10,1
강원,정선군,기타,기타,5,0,0,6,0
강원,철원군,단일로,터널안,1,0,0,2,0
강원,철원군,단일로,기타단일로,51,7,24,56,1
강원,철원군,교차로,교차로내,67,5,23,78,0
강원,철원군,교차로,교차로횡단보도내,2,0,2,0,0
강원,철원군,교차로,교차로부근,6,0,1,7,0
강원,철원군,기타,기타,17,0,7,18,1
강원,화천군,단일로,터널안,2,0,0,2,0
강원,화천군,단일로,교량위,3,0,0,4,0
강원,화천군,단일로,기타단일로,50,8,25,48,2
강원,화천군,교차로,교차로내,34,1,16,60,0
강원,화천군,교차로,교차로횡단보도내,1,0,1,0,0
강원,화천군,교차로,교차로부근,5,0,0,11,0
강원,화천군,기타,기타,6,0,2,7,0
강원,양구군,단일로,터널안,1,0,1,1,0
강원,양구군,단일로,교량위,1,0,1,0,0
강원,양구군,단일로,기타단일로,25,1,23,27,3
강원,양구군,교차로,교차로내,41,1,26,48,2
강원,양구군,교차로,교차로횡단보도내,1,0,1,0,0
강원,양구군,교차로,교차로부근,15,0,9,9,1
강원,양구군,기타,기타,4,0,3,1,0
강원,인제군,단일로,터널안,2,0,3,5,1
강원,인제군,단일로,교량위,1,0,1,0,0
강원,인제군,단일로,기타단일로,49,5,36,33,3
강원,인제군,교차로,교차로내,19,0,15,14,1
강원,인제군,교차로,교차로부근,19,1,18,11,0
강원,인제군,기타,기타,4,2,0,7,0
강원,고성군,단일로,터널안,1,0,0,2,0
강원,고성군,단일로,교량위,3,0,0,2,1
강원,고성군,단일로,고가도로위,1,0,0,2,0
강원,고성군,단일로,기타단일로,19,0,6,20,1
강원,고성군,교차로,교차로내,39,1,13,48,0
강원,고성군,교차로,교차로부근,47,0,19,62,1
강원,고성군,기타,기타,28,0,13,26,4
강원,양양군,단일로,터널안,1,0,0,1,0
강원,양양군,단일로,교량위,1,0,2,0,0
강원,양양군,단일로,고가도로위,16,0,9,24,0
강원,양양군,단일로,지하차도(도로)내,19,1,6,24,0
강원,양양군,단일로,기타단일로,41,3,22,64,21
강원,양양군,교차로,교차로내,58,2,23,80,5
강원,양양군,교차로,교차로횡단보도내,3,0,0,4,0
강원,양양군,교차로,교차로부근,26,1,8,32,2
강원,양양군,기타,기타,13,2,4,14,0
충북,청주시,단일로,터널안,6,0,1,17,0
충북,청주시,단일로,교량위,15,0,6,22,0
충북,청주시,단일로,고가도로위,5,0,1,8,0
충북,청주시,단일로,지하차도(도로)내,375,8,106,468,23
충북,청주시,단일로,기타단일로,1439,21,422,1726,100
충북,청주시,교차로,교차로내,1719,9,592,2211,105
충북,청주시,교차로,교차로횡단보도내,220,4,94,149,4
충북,청주시,교차로,교차로부근,1062,6,292,1396,53
충북,청주시,기타,기타,105,1,33,98,5
충북,청주시,불명,불명,3,0,4,2,0
충북,충주시,단일로,터널안,7,0,7,13,0
충북,충주시,단일로,교량위,16,4,9,24,1
충북,충주시,단일로,고가도로위,3,0,0,3,0
충북,충주시,단일로,기타단일로,516,13,199,667,52
충북,충주시,교차로,교차로내,518,10,217,633,42
충북,충주시,교차로,교차로횡단보도내,26,0,10,19,0
충북,충주시,교차로,교차로부근,164,5,45,214,5
충북,충주시,기타,기타,114,4,36,151,3
충북,제천시,단일로,터널안,1,0,0,7,0
충북,제천시,단일로,교량위,2,0,0,3,0
충북,제천시,단일로,고가도로위,1,0,0,1,0
충북,제천시,단일로,지하차도(도로)내,155,7,57,158,18
충북,제천시,단일로,기타단일로,118,2,64,142,13
충북,제천시,교차로,교차로내,364,2,129,496,42
충북,제천시,교차로,교차로횡단보도내,32,0,15,21,1
충북,제천시,교차로,교차로부근,137,4,35,170,9
충북,제천시,기타,기타,60,4,28,57,7
충북,보은군,단일로,터널안,6,0,7,7,2
충북,보은군,단일로,교량위,3,1,1,4,0
충북,보은군,단일로,지하차도(도로)내,50,4,32,41,5
충북,보은군,단일로,기타단일로,40,3,24,57,4
충북,보은군,교차로,교차로내,56,5,43,49,3
충북,보은군,교차로,교차로횡단보도내,1,0,1,0,0
충북,보은군,교차로,교차로부근,5,0,3,6,0
충북,보은군,기타,기타,4,0,1,3,1
충북,옥천군,단일로,터널안,1,0,0,1,0
충북,옥천군,단일로,교량위,2,0,1,1,0
충북,옥천군,단일로,지하차도(도로)내,1,0,0,2,0
충북,옥천군,단일로,기타단일로,93,7,56,57,5
충북,옥천군,교차로,교차로내,98,0,62,95,8
충북,옥천군,교차로,교차로횡단보도내,6,0,3,3,1
충북,옥천군,교차로,교차로부근,30,0,8,35,0
충북,옥천군,기타,기타,5,0,1,4,0
충북,영동군,단일로,교량위,1,0,2,0,0
충북,영동군,단일로,고가도로위,1,0,2,0,0
충북,영동군,단일로,지하차도(도로)내,1,0,1,0,0
충북,영동군,단일로,기타단일로,92,6,61,72,5
충북,영동군,교차로,교차로내,99,3,65,88,3
충북,영동군,교차로,교차로횡단보도내,3,0,2,3,0
충북,영동군,교차로,교차로부근,16,0,8,13,1
충북,영동군,기타,기타,5,0,3,5,0
충북,진천군,단일로,터널안,12,0,5,36,12
충북,진천군,단일로,교량위,5,2,1,2,0
충북,진천군,단일로,기타단일로,210,6,74,241,17
충북,진천군,교차로,교차로내,198,3,72,240,8
충북,진천군,교차로,교차로횡단보도내,3,0,3,1,0
충북,진천군,교차로,교차로부근,52,0,18,53,2
충북,진천군,기타,기타,36,0,4,50,1
충북,괴산군,단일로,터널안,3,0,0,4,1
충북,괴산군,단일로,교량위,4,0,3,3,0
충북,괴산군,단일로,기타단일로,99,7,58,81,11
충북,괴산군,교차로,교차로내,60,2,37,49,4
충북,괴산군,교차로,교차로횡단보도내,2,0,2,1,0
충북,괴산군,교차로,교차로부근,15,1,15,15,0
충북,괴산군,기타,기타,7,0,0,13,0
충북,음성군,단일로,교량위,2,0,1,0,1
충북,음성군,단일로,고가도로위,4,0,4,1,0
충북,음성군,단일로,지하차도(도로)내,63,2,30,57,2
충북,음성군,단일로,기타단일로,136,11,72,149,8
충북,음성군,교차로,교차로내,294,2,145,351,13
충북,음성군,교차로,교차로횡단보도내,10,0,4,11,0
충북,음성군,교차로,교차로부근,129,3,55,149,4
충북,음성군,기타,기타,25,0,9,27,1
충북,단양군,단일로,터널안,1,0,0,4,0
충북,단양군,단일로,기타단일로,53,6,30,58,12
충북,단양군,교차로,교차로내,40,2,25,33,6
충북,단양군,교차로,교차로횡단보도내,2,0,2,0,0
충북,단양군,교차로,교차로부근,12,0,6,10,1
충북,단양군,기타,기타,49,2,26,54,12
충북,증평군,단일로,기타단일로,59,1,25,54,5
충북,증평군,교차로,교차로내,110,4,44,104,8
충북,증평군,교차로,교차로횡단보도내,10,0,6,3,1
충북,증평군,교차로,교차로부근,29,1,4,39,2
충북,증평군,기타,기타,2,0,1,1,0
충남,천안시,단일로,터널안,10,0,2,24,2
충남,천안시,단일로,교량위,4,0,2,3,0
충남,천안시,단일로,고가도로위,15,0,3,16,2
충남,천안시,단일로,지하차도(도로)내,13,0,5,33,0
충남,천안시,단일로,기타단일로,1438,31,361,1618,90
충남,천안시,교차로,교차로내,1037,7,283,1212,82
충남,천안시,교차로,교차로횡단보도내,92,0,35,68,4
충남,천안시,교차로,교차로부근,471,4,91,594,37
충남,천안시,기타,기타,56,0,11,72,2
충남,천안시,불명,불명,1,0,0,0,1
충남,아산시,단일로,터널안,3,0,3,3,0
충남,아산시,단일로,교량위,5,0,2,4,0
충남,아산시,단일로,고가도로위,3,0,2,2,0
충남,아산시,단일로,지하차도(도로)내,1,0,0,2,0
충남,아산시,단일로,기타단일로,438,17,133,416,32
충남,아산시,교차로,교차로내,374,9,164,401,14
충남,아산시,교차로,교차로횡단보도내,52,3,31,23,2
충남,아산시,교차로,교차로부근,151,4,50,166,7
충남,아산시,기타,기타,56,3,16,42,6
충남,보령시,단일로,교량위,6,1,7,1,0
충남,보령시,단일로,기타단일로,196,8,120,145,9
충남,보령시,교차로,교차로내,176,2,101,156,4
충남,보령시,교차로,교차로횡단보도내,15,1,5,9,0
충남,보령시,교차로,교차로부근,63,2,45,75,0
충남,보령시,철길건널목,철길건널목,1,0,2,0,0
충남,보령시,기타,기타,22,2,10,15,0
충남,공주시,단일로,터널안,6,1,3,14,2
충남,공주시,단일로,교량위,10,0,4,17,2
충남,공주시,단일로,기타단일로,277,9,125,322,20
충남,공주시,교차로,교차로내,181,2,69,230,17
충남,공주시,교차로,교차로횡단보도내,20,2,13,11,1
충남,공주시,교차로,교차로부근,74,2,21,93,5
충남,공주시,기타,기타,40,6,12,53,0
충남,서산시,단일로,터널안,1,0,1,0,0
충남,서산시,단일로,교량위,2,0,2,2,0
충남,서산시,단일로,기타단일로,334,16,176,269,35
충남,서산시,교차로,교차로내,308,6,203,263,25
충남,서산시,교차로,교차로횡단보도내,22,1,17,5,0
충남,서산시,교차로,교차로부근,155,3,90,142,20
충남,서산시,기타,기타,17,0,10,6,2
충남,금산군,단일로,터널안,1,0,0,1,0
충남,금산군,단일로,교량위,2,0,0,3,0
충남,금산군,단일로,기타단일로,73,4,39,66,0
충남,금산군,교차로,교차로내,57,3,17,56,1
충남,금산군,교차로,교차로횡단보도내,4,0,2,2,0
충남,금산군,교차로,교차로부근,10,0,2,14,0
충남,금산군,기타,기타,3,0,1,5,0
충남,태안군,단일로,교량위,1,0,0,9,1
충남,태안군,단일로,기타단일로,145,10,94,143,16
충남,태안군,교차로,교차로내,111,2,86,108,27
충남,태안군,교차로,교차로횡단보도내,7,0,4,2,2
충남,태안군,교차로,교차로부근,43,3,29,39,5
충남,태안군,기타,기타,13,2,11,8,0
충남,논산시,단일로,교량위,5,1,1,5,0
충남,논산시,단일로,고가도로위,2,0,1,4,0
충남,논산시,단일로,기타단일로,185,14,118,164,19
충남,논산시,교차로,교차로내,186,4,123,170,19
충남,논산시,교차로,교차로횡단보도내,11,1,6,4,1
충남,논산시,교차로,교차로부근,77,5,30,65,3
충남,논산시,기타,기타,10,1,5,6,0
충남,부여군,단일로,터널안,1,0,0,1,0
충남,부여군,단일로,교량위,6,1,3,5,0
충남,부여군,단일로,기타단일로,110,13,77,43,4
충남,부여군,교차로,교차로내,71,0,55,50,1
충남,부여군,교차로,교차로횡단보도내,6,0,5,2,0
충남,부여군,교차로,교차로부근,18,1,10,9,1
충남,부여군,기타,기타,10,1,9,3,0
충남,서천군,단일로,교량위,2,0,1,2,0
충남,서천군,단일로,고가도로위,1,0,0,1,0
충남,서천군,단일로,기타단일로,132,12,60,103,10
충남,서천군,교차로,교차로내,142,3,70,145,13
충남,서천군,교차로,교차로횡단보도내,6,1,3,2,0
충남,서천군,교차로,교차로부근,28,1,9,29,2
충남,서천군,기타,기타,12,1,2,10,0
충남,청양군,단일로,터널안,1,0,1,0,0
충남,청양군,단일로,교량위,1,0,1,0,0
충남,청양군,단일로,고가도로위,1,0,1,4,0
충남,청양군,단일로,기타단일로,74,5,46,62,1
충남,청양군,교차로,교차로내,55,2,23,53,0
충남,청양군,교차로,교차로횡단보도내,2,0,1,1,0
충남,청양군,교차로,교차로부근,20,2,5,19,0
충남,청양군,기타,기타,37,1,20,32,1
충남,홍성군,단일로,터널안,3,0,3,10,0
충남,홍성군,단일로,교량위,2,0,1,1,0
충남,홍성군,단일로,기타단일로,121,13,56,88,3
충남,홍성군,교차로,교차로내,142,4,60,137,4
충남,홍성군,교차로,교차로횡단보도내,3,0,3,0,0
충남,홍성군,교차로,교차로부근,44,2,11,65,0
충남,홍성군,기타,기타,26,2,11,20,1
충남,예산군,단일로,교량위,4,1,1,4,0
충남,예산군,단일로,고가도로위,2,0,0,8,0
충남,예산군,단일로,기타단일로,138,6,54,127,1
충남,예산군,교차로,교차로내,156,4,66,181,4
충남,예산군,교차로,교차로횡단보도내,3,0,2,1,0
충남,예산군,교차로,교차로부근,53,5,16,59,1
충남,예산군,기타,기타,41,1,19,33,3
충남,당진시,단일로,교량위,7,0,4,24,0
충남,당진시,단일로,고가도로위,2,0,1,1,0
충남,당진시,단일로,지하차도(도로)내,2,0,1,1,0
충남,당진시,단일로,기타단일로,388,25,194,422,17
충남,당진시,교차로,교차로내,264,6,125,259,5
충남,당진시,교차로,교차로횡단보도내,21,0,17,8,0
충남,당진시,교차로,교차로부근,59,1,16,64,3
충남,당진시,기타,기타,40,1,17,27,1
충남,계룡시,단일로,기타단일로,14,0,9,25,2
충남,계룡시,교차로,교차로내,17,0,11,14,1
충남,계룡시,교차로,교차로횡단보도내,3,1,0,2,0
충남,계룡시,교차로,교차로부근,18,0,6,23,2
충남,계룡시,기타,기타,3,0,3,0,0
전북,전주시,단일로,터널안,3,0,0,5,1
전북,전주시,단일로,교량위,10,0,2,15,0
전북,전주시,단일로,지하차도(도로)내,44,1,6,59,0
전북,전주시,단일로,기타단일로,820,17,246,889,13
전북,전주시,교차로,교차로내,894,10,318,1096,12
전북,전주시,교차로,교차로횡단보도내,163,2,79,95,4
전북,전주시,교차로,교차로부근,347,3,72,510,4
전북,전주시,기타,기타,84,2,38,76,1
전북,군산시,단일로,교량위,2,0,0,5,0
전북,군산시,단일로,고가도로위,2,1,0,0,1
전북,군산시,단일로,지하차도(도로)내,105,3,37,129,3
전북,군산시,단일로,기타단일로,339,10,109,381,25
전북,군산시,교차로,교차로내,488,4,131,655,18
전북,군산시,교차로,교차로횡단보도내,84,3,32,54,0
전북,군산시,교차로,교차로부근,180,4,31,265,9
전북,군산시,철길건널목,철길건널목,1,0,0,1,0
전북,군산시,기타,기타,24,0,3,22,4
전북,정읍시,단일로,터널안,1,0,0,2,0
전북,정읍시,단일로,교량위,1,0,0,1,0
전북,정읍시,단일로,고가도로위,2,0,0,3,0
전북,정읍시,단일로,기타단일로,191,12,91,186,1
전북,정읍시,교차로,교차로내,275,6,104,328,3
전북,정읍시,교차로,교차로횡단보도내,27,0,16,13,0
전북,정읍시,교차로,교차로부근,69,2,16,94,1
전북,정읍시,기타,기타,30,0,11,34,0
전북,남원시,단일로,터널안,1,0,0,2,0
전북,남원시,단일로,교량위,1,0,1,0,0
전북,남원시,단일로,기타단일로,138,6,80,120,0
전북,남원시,교차로,교차로내,120,2,66,105,1
전북,남원시,교차로,교차로횡단보도내,11,0,7,5,0
전북,남원시,교차로,교차로부근,33,0,11,33,0
전북,남원시,기타,기타,7,0,5,4,0
전북,김제시,단일로,교량위,3,0,0,10,0
전북,김제시,단일로,고가도로위,2,0,2,3,0
전북,김제시,단일로,지하차도(도로)내,1,0,0,1,0
전북,김제시,단일로,기타단일로,172,12,63,238,7
전북,김제시,교차로,교차로내,205,8,81,290,2
전북,김제시,교차로,교차로횡단보도내,15,0,7,9,0
전북,김제시,교차로,교차로부근,48,1,14,77,1
전북,김제시,기타,기타,35,2,16,50,3
전북,완주군,단일로,터널안,2,0,1,2,0
전북,완주군,단일로,교량위,6,3,2,8,0
전북,완주군,단일로,고가도로위,1,0,1,0,0
전북,완주군,단일로,지하차도(도로)내,1,0,1,0,0
전북,완주군,단일로,기타단일로,110,8,45,110,2
전북,완주군,교차로,교차로내,92,2,51,96,0
전북,완주군,교차로,교차로횡단보도내,9,0,4,5,0
전북,완주군,교차로,교차로부근,35,4,8,53,3
전북,완주군,기타,기타,22,0,6,22,2
전북,진안군,단일로,터널안,1,1,0,1,0
전북,진안군,단일로,교량위,1,0,0,2,0
전북,진안군,단일로,지하차도(도로)내,1,0,1,0,0
전북,진안군,단일로,기타단일로,37,4,23,30,3
전북,진안군,교차로,교차로내,27,1,26,37,1
전북,진안군,교차로,교차로부근,8,1,5,6,0
전북,진안군,기타,기타,2,0,2,0,0
전북,무주군,단일로,터널안,2,0,3,0,0
전북,무주군,단일로,교량위,1,0,1,0,0
전북,무주군,단일로,고가도로위,3,0,4,5,0
전북,무주군,단일로,지하차도(도로)내,12,1,7,8,0
전북,무주군,단일로,기타단일로,56,5,42,52,0
전북,무주군,교차로,교차로내,36,3,24,32,1
전북,무주군,교차로,교차로횡단보도내,1,0,1,0,0
전북,무주군,교차로,교차로부근,7,0,3,27,2
전북,무주군,기타,기타,7,0,4,3,1
전북,장수군,단일로,교량위,1,0,0,1,0
전북,장수군,단일로,기타단일로,37,10,20,20,0
전북,장수군,교차로,교차로내,20,1,12,15,0
전북,장수군,교차로,교차로부근,6,0,4,5,0
전북,장수군,기타,기타,1,0,1,0,0
전북,임실군,단일로,터널안,2,0,1,4,3
전북,임실군,단일로,교량위,2,0,0,2,0
전북,임실군,단일로,지하차도(도로)내,12,0,10,10,0
전북,임실군,단일로,기타단일로,41,7,17,42,2
전북,임실군,교차로,교차로내,39,0,18,39,0
전북,임실군,교차로,교차로횡단보도내,1,0,1,0,0
전북,임실군,교차로,교차로부근,14,0,6,22,0
전북,임실군,기타,기타,3,0,2,1,0
전북,임실군,불명,불명,1,0,1,0,0
전북,순창군,단일로,기타단일로,43,3,19,28,6
전북,순창군,교차로,교차로내,44,4,16,30,7
전북,순창군,교차로,교차로횡단보도내,1,0,1,0,0
전북,순창군,교차로,교차로부근,18,2,3,17,2
전북,순창군,기타,기타,4,0,2,2,1
전북,고창군,단일로,교량위,2,0,3,3,0
전북,고창군,단일로,지하차도(도로)내,1,1,1,0,0
전북,고창군,단일로,기타단일로,59,8,25,56,2
전북,고창군,교차로,교차로내,61,1,37,79,0
전북,고창군,교차로,교차로횡단보도내,6,0,2,5,0
전북,고창군,교차로,교차로부근,26,2,15,33,0
전북,고창군,기타,기타,18,3,5,16,0
전북,부안군,단일로,기타단일로,94,9,45,91,1
전북,부안군,교차로,교차로내,138,6,73,205,1
전북,부안군,교차로,교차로횡단보도내,6,0,3,4,0
전북,부안군,교차로,교차로부근,35,0,15,38,0
전북,부안군,기타,기타,25,3,16,24,0
전북,익산시,단일로,교량위,3,0,1,5,0
전북,익산시,단일로,지하차도(도로)내,4,1,0,4,0
전북,익산시,단일로,기타단일로,537,21,147,583,15
전북,익산시,교차로,교차로내,588,8,174,694,10
전북,익산시,교차로,교차로횡단보도내,68,2,30,44,0
전북,익산시,교차로,교차로부근,174,2,39,229,3
전북,익산시,기타,기타,22,0,7,20,2
전남,목포시,단일로,터널안,5,0,1,13,0
전남,목포시,단일로,교량위,1,0,0,1,0
전남,목포시,단일로,고가도로위,2,0,0,5,0
전남,목포시,단일로,기타단일로,717,10,147,987,26
전남,목포시,교차로,교차로내,654,2,132,1118,17
전남,목포시,교차로,교차로횡단보도내,64,1,30,47,1
전남,목포시,교차로,교차로부근,244,0,50,363,9
전남,목포시,기타,기타,131,0,27,149,4
전남,여수시,단일로,터널안,6,0,2,6,0
전남,여수시,단일로,교량위,4,0,2,5,0
전남,여수시,단일로,고가도로위,4,0,0,4,0
전남,여수시,단일로,지하차도(도로)내,1,0,0,2,0
전남,여수시,단일로,기타단일로,671,15,185,754,38
전남,여수시,교차로,교차로내,569,7,144,793,24
전남,여수시,교차로,교차로횡단보도내,46,2,21,28,1
전남,여수시,교차로,교차로부근,229,1,46,288,4
전남,여수시,기타,기타,37,2,10,50,1
전남,순천시,단일로,터널안,5,0,7,2,0
전남,순천시,단일로,교량위,2,0,0,5,0
전남,순천시,단일로,고가도로위,2,0,1,2,1
전남,순천시,단일로,기타단일로,577,21,180,713,33
전남,순천시,교차로,교차로내,586,2,159,799,34
전남,순천시,교차로,교차로횡단보도내,48,3,18,28,1
전남,순천시,교차로,교차로부근,185,2,29,250,6
전남,순천시,철길건널목,철길건널목,1,0,1,0,0
전남,순천시,기타,기타,56,0,20,50,5
전남,나주시,단일로,터널안,1,0,1,0,0
전남,나주시,단일로,교량위,6,0,1,12,0
전남,나주시,단일로,고가도로위,1,0,0,1,0
전남,나주시,단일로,기타단일로,267,13,85,345,15
전남,나주시,교차로,교차로내,250,6,70,388,11
전남,나주시,교차로,교차로횡단보도내,13,0,2,14,0
전남,나주시,교차로,교차로부근,95,6,25,133,2
전남,나주시,기타,기타,13,0,2,13,0
전남,광양시,단일로,터널안,3,0,1,2,1
전남,광양시,단일로,교량위,6,0,3,5,0
전남,광양시,단일로,기타단일로,248,11,78,256,16
전남,광양시,교차로,교차로내,319,3,104,419,15
전남,광양시,교차로,교차로횡단보도내,25,2,9,16,0
전남,광양시,교차로,교차로부근,111,1,29,144,11
전남,광양시,기타,기타,27,0,12,20,1
전남,담양군,단일로,교량위,3,0,0,3,1
전남,담양군,단일로,기타단일로,137,10,63,169,3
전남,담양군,교차로,교차로내,118,1,35,199,6
전남,담양군,교차로,교차로횡단보도내,1,0,0,1,0
전남,담양군,교차로,교차로부근,53,1,11,87,5
전남,담양군,기타,기타,9,0,3,8,0
전남,곡성군,단일로,터널안,1,0,0,2,0
전남,곡성군,단일로,교량위,1,0,0,1,0
전남,곡성군,단일로,기타단일로,72,5,57,68,3
전남,곡성군,교차로,교차로내,52,1,22,72,7
전남,곡성군,교차로,교차로횡단보도내,2,1,0,1,0
전남,곡성군,교차로,교차로부근,14,1,4,15,0
전남,곡성군,기타,기타,11,1,6,12,1
전남,구례군,단일로,터널안,2,0,4,2,0
전남,구례군,단일로,기타단일로,75,6,28,69,8
전남,구례군,교차로,교차로내,39,1,15,52,1
전남,구례군,교차로,교차로횡단보도내,1,0,1,0,0
전남,구례군,교차로,교차로부근,13,0,6,8,3
전남,구례군,기타,기타,12,0,8,21,2
전남,고흥군,단일로,터널안,1,0,0,1,0
전남,고흥군,단일로,교량위,1,0,1,0,0
전남,고흥군,단일로,기타단일로,199,14,132,214,11
전남,고흥군,교차로,교차로내,112,3,70,130,7
전남,고흥군,교차로,교차로횡단보도내,2,0,2,0,0
전남,고흥군,교차로,교차로부근,11,0,12,11,0
전남,고흥군,기타,기타,3,0,2,2,0
전남,보성군,단일로,터널안,3,0,6,6,0
전남,보성군,단일로,교량위,2,1,1,2,0
전남,보성군,단일로,기타단일로,145,6,74,133,11
전남,보성군,교차로,교차로내,87,4,39,108,8
전남,보성군,교차로,교차로부근,27,3,5,25,5
전남,보성군,철길건널목,철길건널목,1,0,1,0,0
전남,보성군,기타,기타,11,1,1,11,4
전남,화순군,단일로,터널안,4,0,1,9,1
전남,화순군,단일로,교량위,3,2,0,0,5
전남,화순군,단일로,고가도로위,2,0,0,3,0
전남,화순군,단일로,기타단일로,166,6,62,191,28
전남,화순군,교차로,교차로내,106,2,40,128,10
전남,화순군,교차로,교차로횡단보도내,5,0,4,4,0
전남,화순군,교차로,교차로부근,24,1,6,33,0
전남,화순군,기타,기타,15,0,2,18,1
전남,장흥군,단일로,터널안,3,0,2,6,0
전남,장흥군,단일로,교량위,5,1,3,6,0
전남,장흥군,단일로,기타단일로,131,4,77,119,6
전남,장흥군,교차로,교차로내,120,5,49,144,1
전남,장흥군,교차로,교차로횡단보도내,2,0,2,0,0
전남,장흥군,교차로,교차로부근,32,1,7,36,0
전남,장흥군,기타,기타,8,0,2,5,1
전남,강진군,단일로,교량위,1,0,0,0,1
전남,강진군,단일로,기타단일로,160,3,68,146,16
전남,강진군,교차로,교차로내,127,3,58,166,21
전남,강진군,교차로,교차로횡단보도내,4,0,2,4,0
전남,강진군,교차로,교차로부근,26,0,10,25,2
전남,강진군,기타,기타,3,0,2,2,0
전남,해남군,단일로,터널안,2,0,0,3,0
전남,해남군,단일로,교량위,5,0,0,8,0
전남,해남군,단일로,기타단일로,207,14,89,228,8
전남,해남군,교차로,교차로내,149,7,53,213,10
전남,해남군,교차로,교차로횡단보도내,2,0,1,1,0
전남,해남군,교차로,교차로부근,55,1,11,63,3
전남,해남군,기타,기타,14,0,2,19,0
전남,영암군,단일로,터널안,1,0,0,1,0
전남,영암군,단일로,교량위,1,0,1,1,0
전남,영암군,단일로,기타단일로,187,6,77,247,13
전남,영암군,교차로,교차로내,187,1,64,280,4
전남,영암군,교차로,교차로횡단보도내,5,0,1,4,0
전남,영암군,교차로,교차로부근,97,3,31,145,4
전남,영암군,기타,기타,15,1,6,20,0
전남,무안군,단일로,터널안,4,0,1,8,0
전남,무안군,단일로,교량위,1,0,0,1,0
전남,무안군,단일로,기타단일로,144,8,41,155,0
전남,무안군,교차로,교차로내,155,4,45,206,1
전남,무안군,교차로,교차로횡단보도내,11,1,4,6,0
전남,무안군,교차로,교차로부근,63,4,15,68,0
전남,무안군,기타,기타,17,0,6,22,0
전남,함평군,단일로,터널안,3,0,0,4,3
전남,함평군,단일로,교량위,3,0,1,5,0
전남,함평군,단일로,지하차도(도로)내,1,0,0,1,0
전남,함평군,단일로,기타단일로,87,6,36,57,20
전남,함평군,교차로,교차로내,63,1,20,85,12
전남,함평군,교차로,교차로부근,26,2,8,24,5
전남,함평군,기타,기타,10,0,0,13,3
전남,영광군,단일로,기타단일로,113,5,51,102,14
전남,영광군,교차로,교차로내,87,4,29,106,13
전남,영광군,교차로,교차로횡단보도내,4,0,0,7,1
전남,영광군,교차로,교차로부근,17,2,8,11,1
전남,영광군,기타,기타,4,0,3,1,0
전남,장성군,단일로,터널안,4,0,3,3,0
전남,장성군,단일로,기타단일로,144,4,54,174,9
전남,장성군,교차로,교차로내,92,2,45,125,14
전남,장성군,교차로,교차로횡단보도내,2,0,1,1,0
전남,장성군,교차로,교차로부근,19,1,6,16,2
전남,장성군,기타,기타,9,0,2,17,4
전남,완도군,단일로,교량위,2,0,1,1,0
전남,완도군,단일로,기타단일로,108,3,54,119,1
전남,완도군,교차로,교차로내,42,0,14,61,0
전남,완도군,교차로,교차로횡단보도내,3,0,2,1,0
전남,완도군,교차로,교차로부근,25,1,7,25,0
전남,완도군,기타,기타,6,0,2,11,0
전남,진도군,단일로,교량위,2,0,2,2,0
전남,진도군,단일로,기타단일로,54,7,33,60,1
전남,진도군,교차로,교차로내,42,0,17,57,1
전남,진도군,교차로,교차로횡단보도내,4,1,1,2,0
전남,진도군,교차로,교차로부근,10,1,5,8,0
전남,진도군,기타,기타,28,3,14,20,0
전남,신안군,단일로,교량위,1,0,2,1,0
전남,신안군,단일로,기타단일로,83,2,40,90,5
전남,신안군,교차로,교차로내,41,0,16,85,0
전남,신안군,교차로,교차로부근,6,1,5,9,0
전남,신안군,기타,기타,10,0,6,10,0
경북,포항시,단일로,터널안,2,1,1,2,0
경북,포항시,단일로,교량위,18,0,11,29,3
경북,포항시,단일로,고가도로위,7,0,2,9,0
경북,포항시,단일로,지하차도(도로)내,1,0,0,1,0
경북,포항시,단일로,기타단일로,1185,19,401,1262,83
경북,포항시,교차로,교차로내,998,11,267,1262,115
경북,포항시,교차로,교차로횡단보도내,72,1,35,42,1
경북,포항시,교차로,교차로부근,453,1,114,542,40
경북,포항시,기타,기타,41,0,8,38,1
경북,경주시,단일로,터널안,8,1,2,4,3
경북,경주시,단일로,교량위,16,0,8,22,5
경북,경주시,단일로,고가도로위,2,0,0,4,0
경북,경주시,단일로,지하차도(도로)내,133,5,74,113,5
경북,경주시,단일로,기타단일로,508,16,233,497,47
경북,경주시,교차로,교차로내,576,6,271,606,47
경북,경주시,교차로,교차로횡단보도내,62,1,40,24,0
경북,경주시,교차로,교차로부근,402,6,171,438,62
경북,경주시,기타,기타,34,0,15,22,1
경북,김천시,단일로,터널안,2,0,0,2,0
경북,김천시,단일로,교량위,3,0,2,1,0
경북,김천시,단일로,고가도로위,3,2,3,2,0
경북,김천시,단일로,기타단일로,281,6,130,258,7
경북,김천시,교차로,교차로내,240,4,84,255,3
경북,김천시,교차로,교차로횡단보도내,34,1,14,19,1
경북,김천시,교차로,교차로부근,91,3,32,104,4
경북,김천시,기타,기타,29,1,13,18,0
경북,안동시,단일로,터널안,1,0,0,2,0
경북,안동시,단일로,교량위,6,0,3,5,0
경북,안동시,단일로,고가도로위,3,0,0,3,0
경북,안동시,단일로,기타단일로,546,26,212,512,36
경북,안동시,교차로,교차로내,318,1,126,409,15
경북,안동시,교차로,교차로횡단보도내,18,0,6,13,1
경북,안동시,교차로,교차로부근,134,3,41,147,9
경북,안동시,기타,기타,19,1,10,11,1
경북,구미시,단일로,터널안,4,0,0,8,0
경북,구미시,단일로,교량위,13,0,8,16,0
경북,구미시,단일로,고가도로위,4,0,1,5,0
경북,구미시,단일로,지하차도(도로)내,2,0,0,3,0
경북,구미시,단일로,기타단일로,749,16,267,697,102
경북,구미시,교차로,교차로내,742,9,274,749,120
경북,구미시,교차로,교차로횡단보도내,57,1,26,36,2
경북,구미시,교차로,교차로부근,403,4,133,428,51
경북,구미시,기타,기타,53,0,7,47,9
경북,영주시,단일로,교량위,1,0,0,3,0
경북,영주시,단일로,고가도로위,1,0,1,0,0
경북,영주시,단일로,지하차도(도로)내,1,0,1,0,0
경북,영주시,단일로,기타단일로,194,6,75,150,34
경북,영주시,교차로,교차로내,260,4,87,232,34
경북,영주시,교차로,교차로횡단보도내,21,0,13,10,0
경북,영주시,교차로,교차로부근,46,1,18,34,10
경북,영주시,기타,기타,28,0,15,20,1
경북,영주시,불명,불명,3,0,2,1,0
경북,영천시,단일로,터널안,2,0,1,2,0
경북,영천시,단일로,교량위,5,0,1,6,0
경북,영천시,단일로,지하차도(도로)내,1,0,0,2,0
경북,영천시,단일로,기타단일로,332,18,133,398,20
경북,영천시,교차로,교차로내,273,4,79,414,25
경북,영천시,교차로,교차로횡단보도내,15,0,7,9,0
경북,영천시,교차로,교차로부근,126,1,21,167,5
경북,영천시,철길건널목,철길건널목,1,0,1,0,0
경북,영천시,기타,기타,38,0,11,49,0
경북,문경시,단일로,터널안,7,0,4,26,0
경북,문경시,단일로,지하차도(도로)내,1,0,1,0,0
경북,문경시,단일로,기타단일로,173,4,64,181,7
경북,문경시,교차로,교차로내,156,3,50,189,5
경북,문경시,교차로,교차로횡단보도내,7,0,2,5,0
경북,문경시,교차로,교차로부근,44,0,21,45,3
경북,문경시,기타,기타,17,1,1,25,1
경북,문경시,불명,불명,1,0,0,1,0
경북,상주시,단일로,터널안,3,0,2,4,0
경북,상주시,단일로,교량위,8,1,6,13,0
경북,상주시,단일로,고가도로위,2,0,0,2,0
경북,상주시,단일로,지하차도(도로)내,3,0,3,5,0
경북,상주시,단일로,기타단일로,281,15,141,236,1
경북,상주시,교차로,교차로내,257,9,99,283,0
경북,상주시,교차로,교차로횡단보도내,18,0,6,12,0
경북,상주시,교차로,교차로부근,46,1,17,48,0
경북,상주시,기타,기타,12,0,8,7,0
경북,군위군,단일로,터널안,1,0,0,3,0
경북,군위군,단일로,교량위,4,1,11,11,0
경북,군위군,단일로,기타단일로,78,16,56,62,2
경북,군위군,교차로,교차로내,34,1,18,38,0
경북,군위군,교차로,교차로횡단보도내,1,0,0,1,0
경북,군위군,교차로,교차로부근,1,0,1,1,0
경북,군위군,기타,기타,16,0,7,16,0
경북,의성군,단일로,터널안,1,0,1,0,0
경북,의성군,단일로,교량위,1,0,0,1,0
경북,의성군,단일로,기타단일로,120,15,80,78,0
경북,의성군,교차로,교차로내,88,4,61,66,0
경북,의성군,교차로,교차로횡단보도내,1,1,0,0,0
경북,의성군,교차로,교차로부근,18,0,9,20,0
경북,의성군,기타,기타,12,0,7,11,0
경북,청송군,단일로,터널안,1,0,1,0,0
경북,청송군,단일로,교량위,3,0,2,1,0
경북,청송군,단일로,지하차도(도로)내,29,4,23,10,1
경북,청송군,단일로,기타단일로,29,3,16,18,0
경북,청송군,교차로,교차로내,22,0,16,31,0
경북,청송군,교차로,교차로횡단보도내,1,0,1,0,0
경북,청송군,교차로,교차로부근,3,0,4,1,0
경북,청송군,기타,기타,1,0,0,1,0
경북,영양군,단일로,기타단일로,35,2,22,24,3
경북,영양군,교차로,교차로내,21,0,8,26,2
경북,영양군,교차로,교차로부근,7,0,1,6,0
경북,영양군,기타,기타,1,0,0,3,0
경북,영덕군,단일로,교량위,2,0,1,1,0
경북,영덕군,단일로,기타단일로,123,6,55,105,12
경북,영덕군,교차로,교차로내,73,2,26,84,5
경북,영덕군,교차로,교차로횡단보도내,1,0,1,0,0
경북,영덕군,교차로,교차로부근,28,1,10,32,4
경북,영덕군,기타,기타,7,0,4,4,0
경북,청도군,단일로,터널안,1,0,0,2,0
경북,청도군,단일로,교량위,1,0,0,0,1
경북,청도군,단일로,지하차도(도로)내,37,3,15,38,1
경북,청도군,단일로,기타단일로,68,7,40,55,3
경북,청도군,교차로,교차로내,68,0,22,84,5
경북,청도군,교차로,교차로횡단보도내,2,0,1,1,0
경북,청도군,교차로,교차로부근,24,3,8,34,1
경북,청도군,기타,기타,11,0,4,7,1
경북,고령군,단일로,터널안,2,0,0,3,0
경북,고령군,단일로,교량위,1,0,0,1,0
경북,고령군,단일로,지하차도(도로)내,18,0,12,15,0
경북,고령군,단일로,기타단일로,55,1,22,49,3
경북,고령군,교차로,교차로내,64,3,21,86,3
경북,고령군,교차로,교차로횡단보도내,1,0,0,1,0
경북,고령군,교차로,교차로부근,17,0,6,15,0
경북,고령군,기타,기타,5,0,0,4,1
경북,성주군,단일로,교량위,3,0,2,1,0
경북,성주군,단일로,지하차도(도로)내,1,0,0,2,0
경북,성주군,단일로,기타단일로,130,6,60,127,1
경북,성주군,교차로,교차로내,118,4,36,139,0
경북,성주군,교차로,교차로부근,23,0,13,18,0
경북,성주군,기타,기타,14,1,4,13,0
경북,칠곡군,단일로,터널안,3,0,2,4,0
경북,칠곡군,단일로,교량위,3,1,0,2,0
경북,칠곡군,단일로,고가도로위,1,0,1,0,0
경북,칠곡군,단일로,지하차도(도로)내,20,0,9,25,4
경북,칠곡군,단일로,기타단일로,341,12,152,313,73
경북,칠곡군,교차로,교차로내,257,2,89,280,52
경북,칠곡군,교차로,교차로횡단보도내,19,0,8,12,2
경북,칠곡군,교차로,교차로부근,113,2,38,122,21
경북,칠곡군,기타,기타,24,0,9,15,3
경북,예천군,단일로,교량위,2,0,2,3,0
경북,예천군,단일로,기타단일로,86,4,76,47,0
경북,예천군,교차로,교차로내,87,1,75,58,0
경북,예천군,교차로,교차로횡단보도내,5,1,3,1,0
경북,예천군,교차로,교차로부근,25,0,17,23,0
경북,예천군,기타,기타,1,0,0,1,0
경북,봉화군,단일로,터널안,4,0,1,6,1
경북,봉화군,단일로,교량위,3,0,0,5,2
경북,봉화군,단일로,기타단일로,90,4,36,84,20
경북,봉화군,교차로,교차로내,30,0,10,35,4
경북,봉화군,교차로,교차로횡단보도내,2,0,0,1,1
경북,봉화군,교차로,교차로부근,9,0,4,11,2
경북,봉화군,기타,기타,11,1,3,12,1
경북,울진군,단일로,교량위,1,0,1,1,0
경북,울진군,단일로,기타단일로,86,4,53,58,3
경북,울진군,교차로,교차로내,53,1,28,44,1
경북,울진군,교차로,교차로횡단보도내,2,0,1,4,0
경북,울진군,교차로,교차로부근,22,1,15,19,0
경북,울진군,기타,기타,7,0,7,0,0
경북,울릉군,단일로,터널안,2,0,1,2,0
경북,울릉군,단일로,기타단일로,10,0,18,23,12
경북,울릉군,교차로,교차로내,3,0,0,2,1
경북,울릉군,교차로,교차로부근,1,0,0,1,0
경북,울릉군,기타,기타,2,0,0,2,0
경북,경산시,단일로,터널안,1,0,1,1,0
경북,경산시,단일로,교량위,5,1,1,4,0
경북,경산시,단일로,고가도로위,1,0,1,0,0
경북,경산시,단일로,지하차도(도로)내,41,2,9,46,0
경북,경산시,단일로,기타단일로,559,8,180,538,35
경북,경산시,교차로,교차로내,400,5,135,393,27
경북,경산시,교차로,교차로횡단보도내,55,2,28,30,2
경북,경산시,교차로,교차로부근,156,3,40,185,7
경북,경산시,기타,기타,20,1,1,17,1
경북,경산시,불명,불명,1,0,0,1,0
경남,진주시,단일로,교량위,2,0,1,2,0
경남,진주시,단일로,지하차도(도로)내,1,0,0,2,0
경남,진주시,단일로,기타단일로,406,16,237,254,16
경남,진주시,교차로,교차로내,286,7,165,220,7
경남,진주시,교차로,교차로횡단보도내,55,3,37,14,3
경남,진주시,교차로,교차로부근,83,2,51,57,4
경남,진주시,기타,기타,9,0,5,7,0
경남,통영시,단일로,터널안,1,0,1,1,0
경남,통영시,단일로,교량위,9,0,3,28,0
경남,통영시,단일로,지하차도(도로)내,3,0,2,6,0
경남,통영시,단일로,기타단일로,331,2,139,342,37
경남,통영시,교차로,교차로내,246,0,79,301,27
경남,통영시,교차로,교차로횡단보도내,34,1,18,15,0
경남,통영시,교차로,교차로부근,74,0,27,86,3
경남,통영시,기타,기타,18,0,1,19,0
경남,김해시,단일로,터널안,5,0,5,4,0
경남,김해시,단일로,교량위,6,0,1,9,0
경남,김해시,단일로,고가도로위,1,0,0,1,0
경남,김해시,단일로,지하차도(도로)내,2,0,2,4,0
경남,김해시,단일로,기타단일로,1004,17,438,1020,53
경남,김해시,교차로,교차로내,908,9,410,915,59
경남,김해시,교차로,교차로횡단보도내,100,2,55,52,3
경남,김해시,교차로,교차로부근,261,4,116,246,11
경남,김해시,기타,기타,31,0,16,26,4
경남,밀양시,단일로,터널안,1,0,2,0,0
경남,밀양시,단일로,교량위,6,1,2,9,0
경남,밀양시,단일로,지하차도(도로)내,2,0,1,1,0
경남,밀양시,단일로,기타단일로,275,13,147,202,19
경남,밀양시,교차로,교차로내,199,7,92,181,13
경남,밀양시,교차로,교차로횡단보도내,12,1,6,5,0
경남,밀양시,교차로,교차로부근,33,1,7,33,4
경남,밀양시,기타,기타,4,0,3,1,0
경남,거제시,단일로,터널안,13,0,6,22,0
경남,거제시,단일로,교량위,2,0,0,3,0
경남,거제시,단일로,고가도로위,2,0,3,1,1
경남,거제시,단일로,지하차도(도로)내,25,0,11,16,2
경남,거제시,단일로,기타단일로,399,12,201,413,14
경남,거제시,교차로,교차로내,357,5,154,314,10
경남,거제시,교차로,교차로횡단보도내,31,0,19,16,0
경남,거제시,교차로,교차로부근,146,0,76,169,6
경남,거제시,기타,기타,36,0,21,20,2
경남,의령군,단일로,교량위,1,0,1,1,0
경남,의령군,단일로,지하차도(도로)내,12,1,1,18,1
경남,의령군,단일로,기타단일로,51,2,34,30,8
경남,의령군,교차로,교차로내,55,1,31,54,5
경남,의령군,교차로,교차로횡단보도내,2,0,0,2,0
경남,의령군,교차로,교차로부근,16,1,9,10,0
경남,의령군,기타,기타,6,0,5,4,0
경남,함안군,단일로,터널안,6,1,4,12,3
경남,함안군,단일로,교량위,3,1,1,5,0
경남,함안군,단일로,고가도로위,1,0,2,1,0
경남,함안군,단일로,기타단일로,136,9,57,149,12
경남,함안군,교차로,교차로내,110,1,57,89,3
경남,함안군,교차로,교차로횡단보도내,7,1,3,3,0
경남,함안군,교차로,교차로부근,57,4,22,59,2
경남,함안군,기타,기타,7,0,1,9,0
경남,창녕군,단일로,교량위,3,0,2,3,0
경남,창녕군,단일로,지하차도(도로)내,1,0,1,0,0
경남,창녕군,단일로,기타단일로,129,5,94,82,8
경남,창녕군,교차로,교차로내,124,1,84,110,8
경남,창녕군,교차로,교차로횡단보도내,4,0,2,2,0
경남,창녕군,교차로,교차로부근,57,1,29,52,4
경남,창녕군,기타,기타,15,0,7,10,2
경남,양산시,단일로,터널안,4,0,1,6,0
경남,양산시,단일로,교량위,6,0,1,11,0
경남,양산시,단일로,지하차도(도로)내,4,0,1,7,0
경남,양산시,단일로,기타단일로,520,16,200,458,68
경남,양산시,교차로,교차로내,511,4,225,469,75
경남,양산시,교차로,교차로횡단보도내,53,1,36,19,0
경남,양산시,교차로,교차로부근,158,4,54,168,17
경남,양산시,기타,기타,29,0,12,19,3
경남,양산시,불명,불명,1,0,0,0,1
경남,고성군,단일로,터널안,1,0,0,1,0
경남,고성군,단일로,기타단일로,114,6,52,102,7
경남,고성군,교차로,교차로내,102,0,64,68,5
경남,고성군,교차로,교차로횡단보도내,4,1,0,4,0
경남,고성군,교차로,교차로부근,35,1,20,48,3
경남,고성군,기타,기타,10,2,0,8,1
경남,사천시,단일로,터널안,1,0,0,1,0
경남,사천시,단일로,교량위,6,0,3,9,1
경남,사천시,단일로,기타단일로,258,5,139,231,31
경남,사천시,교차로,교차로내,266,1,109,276,40
경남,사천시,교차로,교차로횡단보도내,16,1,9,6,1
경남,사천시,교차로,교차로부근,106,4,46,94,18
경남,사천시,기타,기타,15,0,5,17,5
경남,남해군,단일로,기타단일로,119,7,74,74,36
경남,남해군,교차로,교차로내,56,1,48,34,8
경남,남해군,교차로,교차로횡단보도내,2,0,1,1,0
경남,남해군,교차로,교차로부근,13,0,6,10,3
경남,남해군,기타,기타,2,0,1,1,0
경남,하동군,단일로,기타단일로,79,9,53,57,6
경남,하동군,교차로,교차로내,44,1,28,26,6
경남,하동군,교차로,교차로횡단보도내,1,0,1,0,0
경남,하동군,교차로,교차로부근,6,1,3,4,0
경남,하동군,기타,기타,13,0,6,12,3
경남,산청군,단일로,교량위,2,0,0,4,0
경남,산청군,단일로,지하차도(도로)내,9,0,8,3,0
경남,산청군,단일로,기타단일로,108,2,83,87,16
경남,산청군,교차로,교차로내,49,0,30,45,12
경남,산청군,교차로,교차로부근,5,0,1,7,1
경남,함양군,단일로,교량위,1,0,0,1,0
경남,함양군,단일로,지하차도(도로)내,1,0,0,1,0
경남,함양군,단일로,기타단일로,101,6,56,64,28
경남,함양군,교차로,교차로내,79,0,50,65,11
경남,함양군,교차로,교차로횡단보도내,2,0,0,2,0
경남,함양군,교차로,교차로부근,13,1,7,8,2
경남,함양군,기타,기타,4,0,1,3,1
경남,거창군,단일로,터널안,2,0,2,0,0
경남,거창군,단일로,교량위,3,0,4,1,0
경남,거창군,단일로,기타단일로,86,10,45,47,6
경남,거창군,교차로,교차로내,123,4,56,104,12
경남,거창군,교차로,교차로횡단보도내,3,0,3,1,0
경남,거창군,교차로,교차로부근,24,0,8,21,0
경남,거창군,기타,기타,9,1,1,9,0
경남,합천군,단일로,터널안,4,1,2,10,0
경남,합천군,단일로,교량위,1,0,1,1,0
경남,합천군,단일로,기타단일로,97,5,69,62,3
경남,합천군,교차로,교차로내,51,2,31,30,0
경남,합천군,교차로,교차로횡단보도내,1,0,1,0,0
경남,합천군,교차로,교차로부근,19,0,10,9,1
경남,합천군,기타,기타,11,2,8,4,0
경남,창원시(통합),단일로,터널안,22,0,4,49,0
경남,창원시(통합),단일로,교량위,13,0,4,14,2
경남,창원시(통합),단일로,고가도로위,12,0,2,18,3
경남,창원시(통합),단일로,지하차도(도로)내,29,4,13,15,0
경남,창원시(통합),단일로,기타단일로,1259,28,487,1156,84
경남,창원시(통합),교차로,교차로내,1086,17,480,1041,49
경남,창원시(통합),교차로,교차로횡단보도내,155,4,75,77,8
경남,창원시(통합),교차로,교차로부근,544,7,215,537,33
경남,창원시(통합),기타,기타,124,2,47,105,5
경남,창원시(통합),불명,불명,1,0,0,1,0
제주,제주시,단일로,교량위,1,0,0,1,0
제주,제주시,단일로,지하차도(도로)내,1,0,0,1,0
제주,제주시,단일로,기타단일로,1459,23,361,1502,282
제주,제주시,교차로,교차로내,1055,8,282,1217,205
제주,제주시,교차로,교차로횡단보도내,123,1,57,73,3
제주,제주시,교차로,교차로부근,417,7,95,505,83
제주,제주시,기타,기타,83,1,20,71,8
제주,서귀포시,단일로,기타단일로,532,17,234,519,88
제주,서귀포시,교차로,교차로내,482,7,194,526,106
제주,서귀포시,교차로,교차로횡단보도내,35,1,17,23,1
제주,서귀포시,교차로,교차로부근,182,1,62,211,26
제주,서귀포시,기타,기타,42,0,12,26,7
대구,중구,단일로,터널안,1,0,0,1,0
대구,중구,단일로,교량위,5,0,0,8,4
대구,중구,단일로,기타단일로,532,6,111,516,160
대구,중구,교차로,교차로내,171,3,51,185,39
대구,중구,교차로,교차로횡단보도내,32,1,17,14,3
대구,중구,교차로,교차로부근,113,1,41,125,32
대구,중구,기타,기타,15,0,3,9,6
대구,동구,단일로,터널안,3,1,1,5,0
대구,동구,단일로,교량위,14,0,4,21,3
대구,동구,단일로,고가도로위,7,0,0,13,0
대구,동구,단일로,지하차도(도로)내,1,0,0,1,0
대구,동구,단일로,기타단일로,1033,10,294,1145,107
대구,동구,교차로,교차로내,536,4,177,624,76
대구,동구,교차로,교차로횡단보도내,67,1,23,46,6
대구,동구,교차로,교차로부근,203,1,46,221,42
대구,동구,기타,기타,89,2,20,88,11
대구,동구,불명,불명,1,0,0,1,0
대구,서구,단일로,터널안,2,0,0,2,0
대구,서구,단일로,교량위,3,0,1,3,0
대구,서구,단일로,고가도로위,1,0,0,2,0
대구,서구,단일로,지하차도(도로)내,10,0,8,4,1
대구,서구,단일로,기타단일로,684,5,208,672,104
대구,서구,교차로,교차로내,319,1,113,357,56
대구,서구,교차로,교차로횡단보도내,36,1,16,21,6
대구,서구,교차로,교차로부근,223,1,66,248,23
대구,서구,기타,기타,38,0,6,34,6
대구,서구,불명,불명,1,0,0,1,0
대구,남구,단일로,터널안,2,0,0,3,0
대구,남구,단일로,교량위,4,0,1,5,0
대구,남구,단일로,고가도로위,8,0,3,14,3
대구,남구,단일로,지하차도(도로)내,48,0,16,47,4
대구,남구,단일로,기타단일로,405,1,104,418,53
대구,남구,교차로,교차로내,218,2,67,250,24
대구,남구,교차로,교차로횡단보도내,28,1,14,13,1
대구,남구,교차로,교차로부근,140,0,45,159,12
대구,남구,기타,기타,49,0,12,40,10
대구,북구,단일로,터널안,4,2,1,5,0
대구,북구,단일로,교량위,22,1,9,29,2
대구,북구,단일로,고가도로위,7,0,3,8,0
대구,북구,단일로,지하차도(도로)내,16,1,4,24,1
대구,북구,단일로,기타단일로,1224,13,398,1262,142
대구,북구,교차로,교차로내,641,3,205,700,87
대구,북구,교차로,교차로횡단보도내,99,2,44,61,11
대구,북구,교차로,교차로부근,333,0,87,334,48
대구,북구,기타,기타,66,0,20,47,11
대구,북구,불명,불명,1,0,1,0,0
대구,수성구,단일로,터널안,4,0,1,7,0
대구,수성구,단일로,교량위,5,0,1,7,0
대구,수성구,단일로,고가도로위,3,0,0,3,0
대구,수성구,단일로,지하차도(도로)내,2,0,0,10,2
대구,수성구,단일로,기타단일로,1218,6,329,1361,123
대구,수성구,교차로,교차로내,586,3,184,636,95
대구,수성구,교차로,교차로횡단보도내,87,0,30,61,8
대구,수성구,교차로,교차로부근,401,0,93,502,51
대구,수성구,기타,기타,130,0,22,117,20
대구,달서구,단일로,터널안,1,0,0,2,0
대구,달서구,단일로,교량위,2,0,0,3,0
대구,달서구,단일로,고가도로위,4,2,0,2,0
대구,달서구,단일로,지하차도(도로)내,3,0,0,4,2
대구,달서구,단일로,기타단일로,1821,12,421,2003,222
대구,달서구,교차로,교차로내,920,0,271,1049,95
대구,달서구,교차로,교차로횡단보도내,152,1,68,90,19
대구,달서구,교차로,교차로부근,530,0,114,617,92
대구,달서구,기타,기타,246,2,61,222,24
대구,달성군,단일로,터널안,7,0,5,15,0
대구,달성군,단일로,교량위,1,0,1,0,0
대구,달성군,단일로,고가도로위,2,0,0,1,1
대구,달성군,단일로,지하차도(도로)내,3,0,2,2,0
대구,달성군,단일로,기타단일로,384,14,118,407,61
대구,달성군,교차로,교차로내,286,5,109,297,22
대구,달성군,교차로,교차로횡단보도내,31,1,20,11,3
대구,달성군,교차로,교차로부근,165,2,71,169,13
대구,달성군,기타,기타,87,0,29,70,7
인천,중구,단일로,터널안,4,0,3,6,0
인천,중구,단일로,교량위,9,0,17,20,0
인천,중구,단일로,고가도로위,2,0,0,2,0
인천,중구,단일로,지하차도(도로)내,1,0,1,4,0
인천,중구,단일로,기타단일로,247,3,84,312,21
인천,중구,교차로,교차로내,219,2,79,271,17
인천,중구,교차로,교차로횡단보도내,27,0,13,23,2
인천,중구,교차로,교차로부근,100,1,19,134,4
인천,중구,기타,기타,22,0,4,21,5
인천,동구,단일로,터널안,4,0,1,9,0
인천,동구,단일로,교량위,1,0,1,0,0
인천,동구,단일로,기타단일로,51,0,11,53,1
인천,동구,교차로,교차로내,53,2,19,50,3
인천,동구,교차로,교차로횡단보도내,7,0,3,4,0
인천,동구,교차로,교차로부근,30,0,7,42,2
인천,동구,기타,기타,8,1,2,7,0
인천,미추홀구,단일로,교량위,2,0,0,3,0
인천,미추홀구,단일로,고가도로위,6,0,2,3,5
인천,미추홀구,단일로,지하차도(도로)내,1,0,1,1,0
인천,미추홀구,단일로,기타단일로,470,8,102,407,80
인천,미추홀구,교차로,교차로내,324,2,98,333,33
인천,미추홀구,교차로,교차로횡단보도내,65,3,35,27,2
인천,미추홀구,교차로,교차로부근,226,2,43,275,18
인천,미추홀구,기타,기타,134,2,31,118,23
인천,미추홀구,불명,불명,1,0,1,0,0
인천,부평구,단일로,교량위,23,1,7,31,3
인천,부평구,단일로,고가도로위,8,0,2,9,1
인천,부평구,단일로,지하차도(도로)내,5,0,3,7,0
인천,부평구,단일로,기타단일로,593,7,145,613,22
인천,부평구,교차로,교차로내,305,2,78,337,8
인천,부평구,교차로,교차로횡단보도내,57,1,26,33,0
인천,부평구,교차로,교차로부근,247,2,57,272,8
인천,부평구,기타,기타,39,2,8,34,5
인천,부평구,불명,불명,1,1,0,0,0
인천,남동구,단일로,터널안,6,1,1,13,0
인천,남동구,단일로,교량위,17,0,6,5,9
인천,남동구,단일로,고가도로위,10,1,1,13,1
인천,남동구,단일로,지하차도(도로)내,5,0,0,7,0
인천,남동구,단일로,기타단일로,809,11,189,899,40
인천,남동구,교차로,교차로내,560,6,187,640,32
인천,남동구,교차로,교차로횡단보도내,74,0,25,47,4
인천,남동구,교차로,교차로부근,329,3,71,364,24
인천,남동구,기타,기타,126,1,30,129,9
인천,남동구,불명,불명,1,0,0,1,0
인천,서구,단일로,터널안,7,0,1,9,0
인천,서구,단일로,교량위,5,1,2,7,1
인천,서구,단일로,고가도로위,13,0,4,17,0
인천,서구,단일로,지하차도(도로)내,24,0,7,27,1
인천,서구,단일로,기타단일로,591,8,148,673,23
인천,서구,교차로,교차로내,490,3,159,538,17
인천,서구,교차로,교차로횡단보도내,73,4,31,39,5
인천,서구,교차로,교차로부근,385,3,120,445,7
인천,서구,기타,기타,100,1,21,99,5
인천,연수구,단일로,터널안,3,0,0,5,2
인천,연수구,단일로,교량위,4,0,0,6,1
인천,연수구,단일로,고가도로위,2,0,0,6,0
인천,연수구,단일로,지하차도(도로)내,3,0,1,3,1
인천,연수구,단일로,기타단일로,259,4,68,274,12
인천,연수구,교차로,교차로내,188,4,59,211,6
인천,연수구,교차로,교차로횡단보도내,52,0,25,31,4
인천,연수구,교차로,교차로부근,150,2,30,195,3
인천,연수구,기타,기타,9,0,4,7,1
인천,계양구,단일로,터널안,1,0,0,1,0
인천,계양구,단일로,교량위,15,0,4,18,2
인천,계양구,단일로,고가도로위,1,0,0,1,0
인천,계양구,단일로,지하차도(도로)내,5,0,1,5,0
인천,계양구,단일로,기타단일로,406,6,105,409,28
인천,계양구,교차로,교차로내,236,2,74,262,6
인천,계양구,교차로,교차로횡단보도내,26,1,15,11,1
인천,계양구,교차로,교차로부근,145,0,34,157,4
인천,계양구,기타,기타,44,1,7,41,4
인천,강화군,단일로,교량위,2,0,0,9,0
인천,강화군,단일로,기타단일로,84,8,39,82,0
인천,강화군,교차로,교차로내,58,1,22,58,1
인천,강화군,교차로,교차로횡단보도내,6,0,1,5,0
인천,강화군,교차로,교차로부근,29,0,13,22,1
인천,강화군,기타,기타,21,1,6,19,0
인천,옹진군,단일로,교량위,1,0,0,0,1
인천,옹진군,단일로,기타단일로,20,1,15,18,2
인천,옹진군,교차로,교차로내,5,1,2,8,2
인천,옹진군,교차로,교차로부근,3,0,3,1,0
인천,옹진군,기타,기타,3,1,0,2,1
광주,동구,단일로,터널안,7,0,5,38,0
광주,동구,단일로,교량위,2,0,0,3,1
광주,동구,단일로,고가도로위,1,0,0,2,0
광주,동구,단일로,지하차도(도로)내,1,0,0,2,0
광주,동구,단일로,기타단일로,299,4,71,319,16
광주,동구,교차로,교차로내,189,2,34,275,7
광주,동구,교차로,교차로횡단보도내,18,0,9,9,1
광주,동구,교차로,교차로부근,60,0,14,89,4
광주,동구,기타,기타,27,0,4,28,2
광주,서구,단일로,교량위,8,0,0,17,0
광주,서구,단일로,고가도로위,4,0,0,6,0
광주,서구,단일로,지하차도(도로)내,50,1,1,76,2
광주,서구,단일로,기타단일로,977,4,116,1306,71
광주,서구,교차로,교차로내,646,2,130,1000,48
광주,서구,교차로,교차로횡단보도내,63,0,21,52,1
광주,서구,교차로,교차로부근,346,0,34,529,13
광주,서구,기타,기타,12,0,4,14,0
광주,북구,단일로,교량위,15,0,3,29,1
광주,북구,단일로,고가도로위,17,0,0,43,3
광주,북구,단일로,지하차도(도로)내,2,0,0,4,0
광주,북구,단일로,기타단일로,1141,6,173,1436,75
광주,북구,교차로,교차로내,836,3,180,1192,45
광주,북구,교차로,교차로횡단보도내,76,5,24,55,9
광주,북구,교차로,교차로부근,285,1,54,369,26
광주,북구,기타,기타,58,0,14,62,4
광주,광산구,단일로,터널안,7,0,0,10,0
광주,광산구,단일로,교량위,24,0,9,45,1
광주,광산구,단일로,고가도로위,3,0,2,5,1
광주,광산구,단일로,지하차도(도로)내,7,0,1,10,1
광주,광산구,단일로,기타단일로,915,7,160,1303,51
광주,광산구,교차로,교차로내,670,4,150,950,64
광주,광산구,교차로,교차로횡단보도내,85,2,22,66,5
광주,광산구,교차로,교차로부근,370,2,41,528,38
광주,광산구,기타,기타,47,0,7,55,5
광주,광산구,불명,불명,1,0,0,1,0
광주,남구,단일로,터널안,2,0,0,7,0
광주,남구,단일로,교량위,2,0,0,3,0
광주,남구,단일로,고가도로위,7,0,2,6,1
광주,남구,단일로,지하차도(도로)내,1,0,0,3,0
광주,남구,단일로,기타단일로,456,3,71,592,28
광주,남구,교차로,교차로내,285,1,54,394,11
광주,남구,교차로,교차로횡단보도내,37,1,12,27,0
광주,남구,교차로,교차로부근,86,1,18,111,3
광주,남구,기타,기타,24,0,6,18,3
대전,동구,단일로,터널안,3,0,0,4,0
대전,동구,단일로,교량위,8,1,2,10,0
대전,동구,단일로,지하차도(도로)내,7,1,0,15,0
대전,동구,단일로,기타단일로,594,5,139,731,29
대전,동구,교차로,교차로내,491,2,115,624,11
대전,동구,교차로,교차로횡단보도내,55,3,18,35,2
대전,동구,교차로,교차로부근,246,2,52,338,5
대전,동구,기타,기타,26,0,6,25,1
대전,중구,단일로,터널안,4,0,2,5,0
대전,중구,단일로,교량위,18,0,2,29,2
대전,중구,단일로,고가도로위,8,0,5,16,1
대전,중구,단일로,지하차도(도로)내,4,0,0,8,1
대전,중구,단일로,기타단일로,554,6,148,577,40
대전,중구,교차로,교차로내,434,3,121,539,30
대전,중구,교차로,교차로횡단보도내,69,1,26,52,3
대전,중구,교차로,교차로부근,224,2,61,290,10
대전,중구,기타,기타,33,0,12,38,4
대전,서구,단일로,터널안,4,0,1,9,0
대전,서구,단일로,교량위,20,0,5,37,4
대전,서구,단일로,고가도로위,4,0,1,5,1
대전,서구,단일로,지하차도(도로)내,15,0,2,24,0
대전,서구,단일로,기타단일로,1076,6,209,1294,72
대전,서구,교차로,교차로내,845,6,215,1119,69
대전,서구,교차로,교차로횡단보도내,163,5,58,110,7
대전,서구,교차로,교차로부근,473,4,92,635,33
대전,서구,기타,기타,77,2,16,76,2
대전,유성구,단일로,터널안,2,0,1,1,0
대전,유성구,단일로,교량위,6,0,0,12,1
대전,유성구,단일로,고가도로위,1,0,1,0,0
대전,유성구,단일로,지하차도(도로)내,11,0,3,17,0
대전,유성구,단일로,기타단일로,871,6,178,1089,101
대전,유성구,교차로,교차로내,670,6,176,819,49
대전,유성구,교차로,교차로횡단보도내,66,1,32,42,2
대전,유성구,교차로,교차로부근,364,1,63,472,55
대전,유성구,기타,기타,36,0,10,33,4
대전,대덕구,단일로,터널안,2,0,0,2,0
대전,대덕구,단일로,교량위,13,0,5,16,0
대전,대덕구,단일로,고가도로위,1,0,0,1,0
대전,대덕구,단일로,지하차도(도로)내,1,0,0,1,0
대전,대덕구,단일로,기타단일로,358,2,66,403,18
대전,대덕구,교차로,교차로내,222,4,60,254,15
대전,대덕구,교차로,교차로횡단보도내,49,1,27,25,2
대전,대덕구,교차로,교차로부근,139,3,32,169,5
대전,대덕구,기타,기타,68,4,21,81,3
대전,대덕구,불명,불명,2,0,0,1,1
울산,중구,단일로,터널안,1,0,0,2,0
울산,중구,단일로,교량위,3,0,0,4,1
울산,중구,단일로,지하차도(도로)내,2,0,2,6,0
울산,중구,단일로,기타단일로,327,2,104,302,35
울산,중구,교차로,교차로내,263,3,100,274,43
울산,중구,교차로,교차로횡단보도내,41,0,17,28,0
울산,중구,교차로,교차로부근,90,0,23,101,22
울산,중구,기타,기타,10,0,6,5,1
울산,남구,단일로,교량위,2,1,1,0,0
울산,남구,단일로,고가도로위,3,0,1,4,0
울산,남구,단일로,지하차도(도로)내,63,1,18,65,9
울산,남구,단일로,기타단일로,538,4,200,470,53
울산,남구,교차로,교차로내,492,1,164,500,49
울산,남구,교차로,교차로횡단보도내,52,0,26,31,3
울산,남구,교차로,교차로부근,218,2,77,218,21
울산,남구,기타,기타,14,0,3,11,0
울산,남구,불명,불명,1,0,1,0,0
울산,동구,단일로,터널안,5,0,3,23,0
울산,동구,단일로,교량위,1,0,0,1,0
울산,동구,단일로,지하차도(도로)내,1,0,0,2,0
울산,동구,단일로,기타단일로,207,0,62,184,7
울산,동구,교차로,교차로내,241,0,87,216,7
울산,동구,교차로,교차로횡단보도내,34,1,21,19,1
울산,동구,교차로,교차로부근,115,0,35,118,3
울산,동구,기타,기타,24,0,3,25,0
울산,북구,단일로,교량위,9,0,8,14,0
울산,북구,단일로,고가도로위,3,0,2,4,0
울산,북구,단일로,지하차도(도로)내,6,0,1,7,3
울산,북구,단일로,기타단일로,295,9,107,285,35
울산,북구,교차로,교차로내,252,4,112,293,46
울산,북구,교차로,교차로횡단보도내,28,0,15,12,2
울산,북구,교차로,교차로부근,90,0,35,107,11
울산,북구,기타,기타,10,0,2,9,0
울산,울주군,단일로,터널안,2,1,3,0,0
울산,울주군,단일로,교량위,5,1,3,3,0
울산,울주군,단일로,고가도로위,3,1,3,2,0
울산,울주군,단일로,지하차도(도로)내,47,2,11,51,5
울산,울주군,단일로,기타단일로,413,11,172,421,64
울산,울주군,교차로,교차로내,316,6,121,323,41
울산,울주군,교차로,교차로횡단보도내,16,0,8,7,1
울산,울주군,교차로,교차로부근,86,4,24,78,11
울산,울주군,기타,기타,18,1,5,14,2
세종,세종시,단일로,터널안,7,0,2,12,0
세종,세종시,단일로,교량위,7,0,6,11,0
세종,세종시,단일로,고가도로위,2,2,0,2,0
세종,세종시,단일로,지하차도(도로)내,8,0,4,12,0
세종,세종시,단일로,기타단일로,307,8,142,255,9
세종,세종시,교차로,교차로내,287,4,119,316,7
세종,세종시,교차로,교차로횡단보도내,52,0,23,27,4
세종,세종시,교차로,교차로부근,138,1,42,146,5
세종,세종시,기타,기타,113,0,43,112,1
세종,세종시,불명,불명,1,0,1,0,0
